organisation_name,knowby_id,knowby_name,member_id,member_name,date,time
Knowby Examples,40a7a420-d3c4-449b-87cc-e9a7d15a81a3,SAP Transaction ME51N  Create Purchase Requisition,44ed-a978-e8d990e2----8b3d-aef900a6bb99,Robert Perez,05/07/2025,17:38:16
Knowby Examples,40a7a420-d3c4-449b-87cc-e9a7d15a81a3,SAP Transaction ME51N  Create Purchase Requisition,44ed-a978-e8d990e2----8b3d-aef900a6bb99,Robert Perez,05/07/2025,14:13:51
Knowby Examples,ba8ae272-6a2f-43c0-b061-45fe8cce4f9e,Chainsaw Basics: How to Use One Safely,4dd1-509e-67e290d9----bb68-afdb00c8af51,Cristian Gonzalez,15/09/2025,14:27:31
Knowby Examples,ba8ae272-6a2f-43c0-b061-45fe8cce4f9e,Chainsaw Basics: How to Use One Safely,4dd1-509e-67e290d9----bb68-afdb00c8af51,Cristian Gonzalez,15/09/2025,13:20:00
Knowby Examples,569b92f9-4d86-4601-a679-a4e379ef3f0c,Test ProRes,4ed4-864f-db17168a----9128-a3c9ddb6e3ea,Carol Jones,09/06/2025,08:36:09
Knowby Examples,d9938932-255c-4397-a3e2-93f3136f6810,Trying to force crash android,4dd1-509e-67e290d9----bb68-afdb00c8af51,Cristian Gonzalez,10/06/2025,08:03:04
Knowby Examples,d9938932-255c-4397-a3e2-93f3136f6810,Trying to force crash android,4dd1-509e-67e290d9----bb68-afdb00c8af51,Cristian Gonzalez,10/06/2025,14:32:48
Knowby Examples,d9938932-255c-4397-a3e2-93f3136f6810,Trying to force crash android,4dd1-509e-67e290d9----bb68-afdb00c8af51,Cristian Gonzalez,10/06/2024,14:00:07
Knowby Examples,d9938932-255c-4397-a3e2-93f3136f6810,Trying to force crash android,4dd1-509e-67e290d9----bb68-afdb00c8af51,Cristian Gonzalez,10/06/2025,14:19:51
Knowby Examples,d9938932-255c-4397-a3e2-93f3136f6810,Trying to force crash android,4dd1-509e-67e290d9----bb68-afdb00c8af51,Cristian Gonzalez,17/10/2025,16:32:08
Knowby Examples,b1c74715-e222-403c-b87c-741a3b1e6dab,Safely Loading a Fuel Tanker Guide,4dd1-509e-67e290d9----bb68-afdb00c8af51,Cristian Gonzalez,15/09/2025,08:10:37
Knowby Examples,b1c74715-e222-403c-b87c-741a3b1e6dab,Safely Loading a Fuel Tanker Guide,4dd1-509e-67e290d9----bb68-afdb00c8af51,Cristian Gonzalez,15/09/2025,14:16:56
Knowby Examples,65c86e20-3861-49f8-a629-d9f11b2f816b,TEST - Creating a knowby on the web,4dd1-509e-67e290d9----bb68-afdb00c8af51,Cristian Gonzalez,27/09/2025,08:57:09
Knowby Examples,65c86e20-3861-49f8-a629-d9f11b2f816b,TEST - Creating a knowby on the web,4dd1-509e-67e290d9----bb68-afdb00c8af51,Cristian Gonzalez,27/09/2025,17:04:27
Knowby Examples,65c86e20-3861-49f8-a629-d9f11b2f816b,TEST - Creating a knowby on the web,4dd1-509e-67e290d9----bb68-afdb00c8af51,Cristian Gonzalez,27/09/2025,08:29:49
Knowby Examples,65c86e20-3861-49f8-a629-d9f11b2f816b,TEST - Creating a knowby on the web,4dd1-509e-67e290d9----bb68-afdb00c8af51,Cristian Gonzalez,27/09/2025,08:01:26
Knowby Examples,65c86e20-3861-49f8-a629-d9f11b2f816b,TEST - Creating a knowby on the web,4dd1-509e-67e290d9----bb68-afdb00c8af51,Cristian Gonzalez,27/09/2025,08:47:46
Knowby Examples,266908cb-0360-4d48-b35f-e3d674054110,okta - Configure Okta Verify,4ed4-864f-db17168a----9128-a3c9ddb6e3ea,Carol Jones,09/04/2024,15:48:39
Knowby Examples,266908cb-0360-4d48-b35f-e3d674054110,okta - Configure Okta Verify,4ed4-864f-db17168a----9128-a3c9ddb6e3ea,Carol Jones,09/06/2025,11:34:10
Knowby Examples,266908cb-0360-4d48-b35f-e3d674054110,okta - Configure Okta Verify,4ed4-864f-db17168a----9128-a3c9ddb6e3ea,Carol Jones,09/06/2024,11:28:25
Knowby Examples,2195b7fe-9dec-4964-919f-13e82c15f8c5,okta - Cloud Service Infrastructure,4ed4-864f-db17168a----9128-a3c9ddb6e3ea,Carol Jones,09/04/2025,13:36:27
Knowby Examples,2195b7fe-9dec-4964-919f-13e82c15f8c5,okta - Cloud Service Infrastructure,4ed4-864f-db17168a----9128-a3c9ddb6e3ea,Carol Jones,09/04/2025,08:48:09
Knowby Examples,2195b7fe-9dec-4964-919f-13e82c15f8c5,okta - Cloud Service Infrastructure,4ed4-864f-db17168a----9128-a3c9ddb6e3ea,Carol Jones,09/04/2025,11:13:00
Knowby Examples,2195b7fe-9dec-4964-919f-13e82c15f8c5,okta - Cloud Service Infrastructure,4ed4-864f-db17168a----9128-a3c9ddb6e3ea,Carol Jones,09/06/2025,11:26:07
Knowby Examples,d5c86907-2eb3-449c-aa1f-a9d17d3a0870,okta - Integration Network (OIN),4ed4-864f-db17168a----9128-a3c9ddb6e3ea,Carol Jones,09/04/2025,12:33:10
Knowby Examples,d5c86907-2eb3-449c-aa1f-a9d17d3a0870,okta - Integration Network (OIN),4ed4-864f-db17168a----9128-a3c9ddb6e3ea,Carol Jones,09/04/2025,15:54:24
Knowby Examples,d5c86907-2eb3-449c-aa1f-a9d17d3a0870,okta - Integration Network (OIN),4ed4-864f-db17168a----9128-a3c9ddb6e3ea,Carol Jones,09/04/2025,11:32:32
Knowby Examples,d5c86907-2eb3-449c-aa1f-a9d17d3a0870,okta - Integration Network (OIN),4ed4-864f-db17168a----9128-a3c9ddb6e3ea,Carol Jones,09/06/2025,16:38:40
Knowby Examples,d5c86907-2eb3-449c-aa1f-a9d17d3a0870,okta - Integration Network (OIN),4ed4-864f-db17168a----9128-a3c9ddb6e3ea,Carol Jones,09/06/2025,09:27:28
Knowby Examples,6c400e9f-0cec-47da-b73f-5fc1d82c96f1,Oven,4327-393b-53cbdfde----b9a4-aef900aa92ef,Kenneth Landry,14/01/2024,10:57:00
Knowby Examples,6c400e9f-0cec-47da-b73f-5fc1d82c96f1,Oven,44ed-a978-e8d990e2----8b3d-aef900a6bb99,Robert Perez,26/08/2025,09:03:35
Knowby Examples,6c400e9f-0cec-47da-b73f-5fc1d82c96f1,Oven,44ed-a978-e8d990e2----8b3d-aef900a6bb99,Robert Perez,30/08/2025,09:27:42
Knowby Examples,6c400e9f-0cec-47da-b73f-5fc1d82c96f1,Oven,44ed-a978-e8d990e2----8b3d-aef900a6bb99,Robert Perez,09/06/2025,17:55:31
Knowby Examples,6c400e9f-0cec-47da-b73f-5fc1d82c96f1,Oven,4ed4-864f-db17168a----9128-a3c9ddb6e3ea,Carol Jones,23/10/2024,12:21:27
Knowby Examples,833c7736-0fa2-414c-81b4-146174fa9cf4,Tie off a strainer,4dd1-509e-67e290d9----bb68-afdb00c8af51,Cristian Gonzalez,24/08/2025,09:45:50
Knowby Examples,7c4054f3-f114-43d7-abf7-201f84e779dc,How to feed a duck correctly,4ed4-864f-db17168a----9128-a3c9ddb6e3ea,Carol Jones,18/11/2025,13:43:31
Knowby Examples,7c4054f3-f114-43d7-abf7-201f84e779dc,How to feed a duck correctly,4ed4-864f-db17168a----9128-a3c9ddb6e3ea,Carol Jones,20/11/2024,14:56:15
Knowby Examples,b9c76fc2-f8f1-44f8-8713-cb0781a41938,test,4dd1-509e-67e290d9----bb68-afdb00c8af51,Cristian Gonzalez,17/05/2025,13:49:53
Knowby Examples,b9c76fc2-f8f1-44f8-8713-cb0781a41938,test,44ed-a978-e8d990e2----8b3d-aef900a6bb99,Robert Perez,08/12/2025,11:21:17
Knowby Examples,b9c76fc2-f8f1-44f8-8713-cb0781a41938,test,4933-5d77-cac25c76----9382-7d9ff6399f8e,Mrs. Kimberly Lynch,12/07/2025,16:58:18
Knowby Examples,b9c76fc2-f8f1-44f8-8713-cb0781a41938,test,4f16-eda6-7db766e9----bc66-af8100c46bb3,Jared Foster,06/03/2024,13:03:41
Knowby Examples,e3451ef3-6d93-4642-b759-74087ece9ed3,Safety check list,4f16-eda6-7db766e9----bc66-af8100c46bb3,Jared Foster,21/05/2024,11:33:26
Knowby Examples,5b723a6a-ae09-49d4-a9e8-a35a1dc6ae6d,Metalform Test,4dd1-509e-67e290d9----bb68-afdb00c8af51,Cristian Gonzalez,13/06/2025,15:11:05
Knowby Examples,85a50bff-5ddc-43ac-a0fa-4042d079c804,Movember Mustache Guide: 7 Iconic Styles for Every Face Shape,4dd1-509e-67e290d9----bb68-afdb00c8af51,Cristian Gonzalez,11/05/2024,14:24:55
Knowby Examples,85a50bff-5ddc-43ac-a0fa-4042d079c804,Movember Mustache Guide: 7 Iconic Styles for Every Face Shape,4dd1-509e-67e290d9----bb68-afdb00c8af51,Cristian Gonzalez,12/03/2025,10:02:23
Knowby Examples,27cd1e63-802f-41d2-808f-ccb677fbdc97,"Virginia Pulled Pork 
(Chad’s version)",4dd1-509e-67e290d9----bb68-afdb00c8af51,Cristian Gonzalez,11/06/2025,17:21:55
Knowby Examples,27cd1e63-802f-41d2-808f-ccb677fbdc97,"Virginia Pulled Pork 
(Chad’s version)",4e42-3ecf-a947652f----8d8f-1b0d973d1bbf,Robert Taylor,02/05/2024,12:29:53
Knowby Examples,27cd1e63-802f-41d2-808f-ccb677fbdc97,"Virginia Pulled Pork 
(Chad’s version)",4e42-3ecf-a947652f----8d8f-1b0d973d1bbf,Robert Taylor,02/12/2025,17:03:44
Knowby Examples,b447f0e0-f15f-4d1f-bbbb-a9ac628a3700,Molasses Ginger Cookies,4dd1-509e-67e290d9----bb68-afdb00c8af51,Cristian Gonzalez,11/06/2025,08:43:55
Knowby Examples,b447f0e0-f15f-4d1f-bbbb-a9ac628a3700,Molasses Ginger Cookies,4ed4-864f-db17168a----9128-a3c9ddb6e3ea,Carol Jones,18/12/2025,10:11:04
Knowby Examples,b447f0e0-f15f-4d1f-bbbb-a9ac628a3700,Molasses Ginger Cookies,4e42-3ecf-a947652f----8d8f-1b0d973d1bbf,Robert Taylor,17/01/2025,09:50:52
Knowby Examples,b447f0e0-f15f-4d1f-bbbb-a9ac628a3700,Molasses Ginger Cookies,4e42-3ecf-a947652f----8d8f-1b0d973d1bbf,Robert Taylor,17/01/2025,15:37:42
Knowby Examples,b447f0e0-f15f-4d1f-bbbb-a9ac628a3700,Molasses Ginger Cookies,4e42-3ecf-a947652f----8d8f-1b0d973d1bbf,Robert Taylor,17/01/2025,09:02:03
Knowby Examples,b447f0e0-f15f-4d1f-bbbb-a9ac628a3700,Molasses Ginger Cookies,4e42-3ecf-a947652f----8d8f-1b0d973d1bbf,Robert Taylor,17/01/2025,14:15:18
Knowby Examples,b447f0e0-f15f-4d1f-bbbb-a9ac628a3700,Molasses Ginger Cookies,4e42-3ecf-a947652f----8d8f-1b0d973d1bbf,Robert Taylor,02/12/2025,17:58:56
Knowby Examples,7599af8b-f5ec-4d5d-a4c3-45dda9b605e0,Wood Fired Pizza at Patina Wines,4dd1-509e-67e290d9----bb68-afdb00c8af51,Cristian Gonzalez,11/06/2024,09:16:20
Knowby Examples,7599af8b-f5ec-4d5d-a4c3-45dda9b605e0,Wood Fired Pizza at Patina Wines,4ed4-864f-db17168a----9128-a3c9ddb6e3ea,Carol Jones,18/12/2025,16:27:37
Knowby Examples,7599af8b-f5ec-4d5d-a4c3-45dda9b605e0,Wood Fired Pizza at Patina Wines,4e42-3ecf-a947652f----8d8f-1b0d973d1bbf,Robert Taylor,17/01/2025,16:35:49
Knowby Examples,7599af8b-f5ec-4d5d-a4c3-45dda9b605e0,Wood Fired Pizza at Patina Wines,4e42-3ecf-a947652f----8d8f-1b0d973d1bbf,Robert Taylor,17/01/2025,17:49:34
Knowby Examples,7599af8b-f5ec-4d5d-a4c3-45dda9b605e0,Wood Fired Pizza at Patina Wines,4e42-3ecf-a947652f----8d8f-1b0d973d1bbf,Robert Taylor,17/01/2024,12:19:08
Knowby Examples,7599af8b-f5ec-4d5d-a4c3-45dda9b605e0,Wood Fired Pizza at Patina Wines,4dd1-509e-67e290d9----bb68-afdb00c8af51,Cristian Gonzalez,03/04/2025,09:36:30
Knowby Examples,3bf16537-6583-4ae9-baa8-a0a4274fd52e,Thee maken,4e42-3ecf-a947652f----8d8f-1b0d973d1bbf,Robert Taylor,17/01/2025,17:17:58
Knowby Examples,3bf16537-6583-4ae9-baa8-a0a4274fd52e,Thee maken,4e42-3ecf-a947652f----8d8f-1b0d973d1bbf,Robert Taylor,17/01/2025,15:56:52
Knowby Examples,3bf16537-6583-4ae9-baa8-a0a4274fd52e,Thee maken,4e42-3ecf-a947652f----8d8f-1b0d973d1bbf,Robert Taylor,17/01/2025,15:40:52
Knowby Examples,3bf16537-6583-4ae9-baa8-a0a4274fd52e,Thee maken,4e42-3ecf-a947652f----8d8f-1b0d973d1bbf,Robert Taylor,17/01/2025,13:04:23
Knowby Examples,b67c8a0e-1394-4e93-b026-3beee977c58e,Caramel Volcano invention by Martin Diez Barry Callebaut,4e42-3ecf-a947652f----8d8f-1b0d973d1bbf,Robert Taylor,13/02/2025,14:21:05
Knowby Examples,b67c8a0e-1394-4e93-b026-3beee977c58e,Caramel Volcano invention by Martin Diez Barry Callebaut,4e42-3ecf-a947652f----8d8f-1b0d973d1bbf,Robert Taylor,15/02/2025,13:47:33
Knowby Examples,b67c8a0e-1394-4e93-b026-3beee977c58e,Caramel Volcano invention by Martin Diez Barry Callebaut,4e42-3ecf-a947652f----8d8f-1b0d973d1bbf,Robert Taylor,15/02/2024,08:54:10
Knowby Examples,b67c8a0e-1394-4e93-b026-3beee977c58e,Caramel Volcano invention by Martin Diez Barry Callebaut,4e42-3ecf-a947652f----8d8f-1b0d973d1bbf,Robert Taylor,03/03/2024,14:19:37
Knowby Examples,0c120143-be02-4635-b4e7-2b334f1ce67e,Safety around the farm,4cb2-65da-696d957b----9f0d-54f7230f93ca,Andrew Mueller,16/09/2025,08:44:35
Knowby Examples,0c120143-be02-4635-b4e7-2b334f1ce67e,Safety around the farm,400d-dbe2-f01d079d----af6e-af3d005280aa,Rhonda Evans,20/09/2024,10:38:24
Knowby Examples,0c120143-be02-4635-b4e7-2b334f1ce67e,Safety around the farm,4dd1-509e-67e290d9----bb68-afdb00c8af51,Cristian Gonzalez,15/09/2025,13:54:55
Knowby Examples,0c120143-be02-4635-b4e7-2b334f1ce67e,Safety around the farm,4d2c-583f-adfb71a0----947b-af0c00af8d6b,Adriana Sanders,08/08/2025,14:41:39
Knowby Examples,0c120143-be02-4635-b4e7-2b334f1ce67e,Safety around the farm,4327-393b-53cbdfde----b9a4-aef900aa92ef,Kenneth Landry,31/07/2025,16:47:01
Knowby Examples,0c120143-be02-4635-b4e7-2b334f1ce67e,Safety around the farm,44ed-a978-e8d990e2----8b3d-aef900a6bb99,Robert Perez,08/02/2025,12:12:34
Knowby Examples,0c120143-be02-4635-b4e7-2b334f1ce67e,Safety around the farm,44ed-a978-e8d990e2----8b3d-aef900a6bb99,Robert Perez,22/07/2025,14:29:30
Knowby Examples,0c120143-be02-4635-b4e7-2b334f1ce67e,Safety around the farm,4ed4-864f-db17168a----9128-a3c9ddb6e3ea,Carol Jones,21/08/2025,15:33:09
Knowby Examples,0c120143-be02-4635-b4e7-2b334f1ce67e,Safety around the farm,4ed4-864f-db17168a----9128-a3c9ddb6e3ea,Carol Jones,10/12/2025,10:29:39
Knowby Examples,0c120143-be02-4635-b4e7-2b334f1ce67e,Safety around the farm,4ed4-864f-db17168a----9128-a3c9ddb6e3ea,Carol Jones,23/07/2025,08:21:54
Knowby Examples,0c120143-be02-4635-b4e7-2b334f1ce67e,Safety around the farm,4ed4-864f-db17168a----9128-a3c9ddb6e3ea,Carol Jones,23/10/2025,09:22:43
Knowby Examples,0c120143-be02-4635-b4e7-2b334f1ce67e,Safety around the farm,4ed4-864f-db17168a----9128-a3c9ddb6e3ea,Carol Jones,25/11/2025,11:46:58
Knowby Examples,0c120143-be02-4635-b4e7-2b334f1ce67e,Safety around the farm,4e42-3ecf-a947652f----8d8f-1b0d973d1bbf,Robert Taylor,17/01/2025,17:00:20
Knowby Examples,0c120143-be02-4635-b4e7-2b334f1ce67e,Safety around the farm,4e42-3ecf-a947652f----8d8f-1b0d973d1bbf,Robert Taylor,02/11/2024,13:15:47
Knowby Examples,0c120143-be02-4635-b4e7-2b334f1ce67e,Safety around the farm,4d1a-2d52-b574cc8e----b6c0-af3b0075112b,Melanie Wilson,20/08/2025,11:42:28
Knowby Examples,794d6f96-0b10-47e8-a0fa-e7d7a62f1ac4,Centre Pivot Irrigation Stuck,4dd1-509e-67e290d9----bb68-afdb00c8af51,Cristian Gonzalez,31/07/2024,15:27:33
Knowby Examples,794d6f96-0b10-47e8-a0fa-e7d7a62f1ac4,Centre Pivot Irrigation Stuck,4d2c-583f-adfb71a0----947b-af0c00af8d6b,Adriana Sanders,08/03/2024,16:59:11
Knowby Examples,794d6f96-0b10-47e8-a0fa-e7d7a62f1ac4,Centre Pivot Irrigation Stuck,4d2c-583f-adfb71a0----947b-af0c00af8d6b,Adriana Sanders,08/10/2025,13:13:37
Knowby Examples,794d6f96-0b10-47e8-a0fa-e7d7a62f1ac4,Centre Pivot Irrigation Stuck,4327-393b-53cbdfde----b9a4-aef900aa92ef,Kenneth Landry,31/07/2025,12:07:13
Knowby Examples,794d6f96-0b10-47e8-a0fa-e7d7a62f1ac4,Centre Pivot Irrigation Stuck,4ed4-864f-db17168a----9128-a3c9ddb6e3ea,Carol Jones,10/12/2025,08:02:49
Knowby Examples,794d6f96-0b10-47e8-a0fa-e7d7a62f1ac4,Centre Pivot Irrigation Stuck,4ed4-864f-db17168a----9128-a3c9ddb6e3ea,Carol Jones,23/10/2025,10:48:33
Knowby Examples,794d6f96-0b10-47e8-a0fa-e7d7a62f1ac4,Centre Pivot Irrigation Stuck,4f16-eda6-7db766e9----bc66-af8100c46bb3,Jared Foster,25/11/2025,08:44:17
Knowby Examples,794d6f96-0b10-47e8-a0fa-e7d7a62f1ac4,Centre Pivot Irrigation Stuck,4e42-3ecf-a947652f----8d8f-1b0d973d1bbf,Robert Taylor,02/11/2024,10:23:34
Knowby Examples,92416bfe-4fea-4aa2-8ab2-f776be311915,Application of internal teat sealant for dry cow management,4dd1-509e-67e290d9----bb68-afdb00c8af51,Cristian Gonzalez,31/07/2025,09:22:31
Knowby Examples,92416bfe-4fea-4aa2-8ab2-f776be311915,Application of internal teat sealant for dry cow management,4d2c-583f-adfb71a0----947b-af0c00af8d6b,Adriana Sanders,23/08/2025,09:52:25
Knowby Examples,92416bfe-4fea-4aa2-8ab2-f776be311915,Application of internal teat sealant for dry cow management,4d2c-583f-adfb71a0----947b-af0c00af8d6b,Adriana Sanders,24/08/2025,14:54:07
Knowby Examples,92416bfe-4fea-4aa2-8ab2-f776be311915,Application of internal teat sealant for dry cow management,44ed-a978-e8d990e2----8b3d-aef900a6bb99,Robert Perez,09/01/2024,15:38:37
Knowby Examples,92416bfe-4fea-4aa2-8ab2-f776be311915,Application of internal teat sealant for dry cow management,44ed-a978-e8d990e2----8b3d-aef900a6bb99,Robert Perez,08/06/2025,09:31:25
Knowby Examples,92416bfe-4fea-4aa2-8ab2-f776be311915,Application of internal teat sealant for dry cow management,4ed4-864f-db17168a----9128-a3c9ddb6e3ea,Carol Jones,10/11/2025,16:49:11
Knowby Examples,92416bfe-4fea-4aa2-8ab2-f776be311915,Application of internal teat sealant for dry cow management,4ed4-864f-db17168a----9128-a3c9ddb6e3ea,Carol Jones,15/11/2025,12:29:59
Knowby Examples,92416bfe-4fea-4aa2-8ab2-f776be311915,Application of internal teat sealant for dry cow management,4ed4-864f-db17168a----9128-a3c9ddb6e3ea,Carol Jones,23/07/2025,08:50:47
Knowby Examples,92416bfe-4fea-4aa2-8ab2-f776be311915,Application of internal teat sealant for dry cow management,4ed4-864f-db17168a----9128-a3c9ddb6e3ea,Carol Jones,23/10/2025,11:14:17
Knowby Examples,92416bfe-4fea-4aa2-8ab2-f776be311915,Application of internal teat sealant for dry cow management,4e42-3ecf-a947652f----8d8f-1b0d973d1bbf,Robert Taylor,02/11/2025,12:48:09
Knowby Examples,92416bfe-4fea-4aa2-8ab2-f776be311915,Application of internal teat sealant for dry cow management,4d1a-2d52-b574cc8e----b6c0-af3b0075112b,Melanie Wilson,20/08/2024,13:58:01
Knowby Examples,92416bfe-4fea-4aa2-8ab2-f776be311915,Application of internal teat sealant for dry cow management,4dd1-509e-67e290d9----bb68-afdb00c8af51,Cristian Gonzalez,19/03/2025,11:39:41
Knowby Examples,7271b67d-38bc-4378-a71d-9f7c6e143cbb,Pre-start checks for two-wheel motorcycle,4dd1-509e-67e290d9----bb68-afdb00c8af51,Cristian Gonzalez,31/07/2025,14:41:39
Knowby Examples,7271b67d-38bc-4378-a71d-9f7c6e143cbb,Pre-start checks for two-wheel motorcycle,4dd1-509e-67e290d9----bb68-afdb00c8af51,Cristian Gonzalez,09/11/2024,10:44:49
Knowby Examples,7271b67d-38bc-4378-a71d-9f7c6e143cbb,Pre-start checks for two-wheel motorcycle,4dd1-509e-67e290d9----bb68-afdb00c8af51,Cristian Gonzalez,30/11/2025,17:39:10
Knowby Examples,7271b67d-38bc-4378-a71d-9f7c6e143cbb,Pre-start checks for two-wheel motorcycle,4327-393b-53cbdfde----b9a4-aef900aa92ef,Kenneth Landry,31/07/2025,17:49:27
Knowby Examples,7271b67d-38bc-4378-a71d-9f7c6e143cbb,Pre-start checks for two-wheel motorcycle,4327-393b-53cbdfde----b9a4-aef900aa92ef,Kenneth Landry,19/09/2025,11:07:32
Knowby Examples,7271b67d-38bc-4378-a71d-9f7c6e143cbb,Pre-start checks for two-wheel motorcycle,4327-393b-53cbdfde----b9a4-aef900aa92ef,Kenneth Landry,25/09/2024,16:49:52
Knowby Examples,7271b67d-38bc-4378-a71d-9f7c6e143cbb,Pre-start checks for two-wheel motorcycle,4327-393b-53cbdfde----b9a4-aef900aa92ef,Kenneth Landry,25/09/2025,14:49:03
Knowby Examples,7271b67d-38bc-4378-a71d-9f7c6e143cbb,Pre-start checks for two-wheel motorcycle,44ed-a978-e8d990e2----8b3d-aef900a6bb99,Robert Perez,08/03/2025,16:00:05
Knowby Examples,7271b67d-38bc-4378-a71d-9f7c6e143cbb,Pre-start checks for two-wheel motorcycle,44ed-a978-e8d990e2----8b3d-aef900a6bb99,Robert Perez,31/08/2025,09:07:27
Knowby Examples,7271b67d-38bc-4378-a71d-9f7c6e143cbb,Pre-start checks for two-wheel motorcycle,44ed-a978-e8d990e2----8b3d-aef900a6bb99,Robert Perez,31/08/2025,12:11:54
Knowby Examples,7271b67d-38bc-4378-a71d-9f7c6e143cbb,Pre-start checks for two-wheel motorcycle,44ed-a978-e8d990e2----8b3d-aef900a6bb99,Robert Perez,09/01/2025,15:21:33
Knowby Examples,7271b67d-38bc-4378-a71d-9f7c6e143cbb,Pre-start checks for two-wheel motorcycle,44ed-a978-e8d990e2----8b3d-aef900a6bb99,Robert Perez,09/01/2025,13:08:14
Knowby Examples,7271b67d-38bc-4378-a71d-9f7c6e143cbb,Pre-start checks for two-wheel motorcycle,44ed-a978-e8d990e2----8b3d-aef900a6bb99,Robert Perez,09/01/2024,12:59:28
Knowby Examples,7271b67d-38bc-4378-a71d-9f7c6e143cbb,Pre-start checks for two-wheel motorcycle,44ed-a978-e8d990e2----8b3d-aef900a6bb99,Robert Perez,09/11/2025,08:19:20
Knowby Examples,7271b67d-38bc-4378-a71d-9f7c6e143cbb,Pre-start checks for two-wheel motorcycle,44ed-a978-e8d990e2----8b3d-aef900a6bb99,Robert Perez,09/11/2025,12:30:49
Knowby Examples,7271b67d-38bc-4378-a71d-9f7c6e143cbb,Pre-start checks for two-wheel motorcycle,44ed-a978-e8d990e2----8b3d-aef900a6bb99,Robert Perez,14/09/2025,08:40:11
Knowby Examples,7271b67d-38bc-4378-a71d-9f7c6e143cbb,Pre-start checks for two-wheel motorcycle,44ed-a978-e8d990e2----8b3d-aef900a6bb99,Robert Perez,14/09/2025,14:06:00
Knowby Examples,7271b67d-38bc-4378-a71d-9f7c6e143cbb,Pre-start checks for two-wheel motorcycle,44ed-a978-e8d990e2----8b3d-aef900a6bb99,Robert Perez,14/09/2025,15:54:43
Knowby Examples,7271b67d-38bc-4378-a71d-9f7c6e143cbb,Pre-start checks for two-wheel motorcycle,44ed-a978-e8d990e2----8b3d-aef900a6bb99,Robert Perez,16/09/2025,08:38:20
Knowby Examples,7271b67d-38bc-4378-a71d-9f7c6e143cbb,Pre-start checks for two-wheel motorcycle,44ed-a978-e8d990e2----8b3d-aef900a6bb99,Robert Perez,16/09/2025,16:36:02
Knowby Examples,7271b67d-38bc-4378-a71d-9f7c6e143cbb,Pre-start checks for two-wheel motorcycle,4ed4-864f-db17168a----9128-a3c9ddb6e3ea,Carol Jones,10/11/2024,08:49:47
Knowby Examples,7271b67d-38bc-4378-a71d-9f7c6e143cbb,Pre-start checks for two-wheel motorcycle,4ed1-affe-79057836----9ea2-adc551671be2,John Terrell,22/07/2025,12:55:40
Knowby Examples,7271b67d-38bc-4378-a71d-9f7c6e143cbb,Pre-start checks for two-wheel motorcycle,4d1a-2d52-b574cc8e----b6c0-af3b0075112b,Melanie Wilson,20/08/2024,11:06:35
Knowby Examples,7271b67d-38bc-4378-a71d-9f7c6e143cbb,Pre-start checks for two-wheel motorcycle,4dd1-509e-67e290d9----bb68-afdb00c8af51,Cristian Gonzalez,04/02/2024,11:44:45
Knowby Examples,7271b67d-38bc-4378-a71d-9f7c6e143cbb,Pre-start checks for two-wheel motorcycle,4dd1-509e-67e290d9----bb68-afdb00c8af51,Cristian Gonzalez,04/02/2024,09:40:35
Knowby Examples,d0d06d04-e83f-43e0-9182-8f8971c5a344,Replace Cord on Waikato Cup Removers,4dd1-509e-67e290d9----bb68-afdb00c8af51,Cristian Gonzalez,31/07/2025,12:57:02
Knowby Examples,d0d06d04-e83f-43e0-9182-8f8971c5a344,Replace Cord on Waikato Cup Removers,4dd1-509e-67e290d9----bb68-afdb00c8af51,Cristian Gonzalez,31/07/2025,08:02:27
Knowby Examples,d0d06d04-e83f-43e0-9182-8f8971c5a344,Replace Cord on Waikato Cup Removers,4dd1-509e-67e290d9----bb68-afdb00c8af51,Cristian Gonzalez,31/07/2025,10:07:15
Knowby Examples,d0d06d04-e83f-43e0-9182-8f8971c5a344,Replace Cord on Waikato Cup Removers,4d2c-583f-adfb71a0----947b-af0c00af8d6b,Adriana Sanders,08/03/2025,11:50:47
Knowby Examples,d0d06d04-e83f-43e0-9182-8f8971c5a344,Replace Cord on Waikato Cup Removers,4d2c-583f-adfb71a0----947b-af0c00af8d6b,Adriana Sanders,23/08/2025,17:29:01
Knowby Examples,d0d06d04-e83f-43e0-9182-8f8971c5a344,Replace Cord on Waikato Cup Removers,4405-d6f6-e37511ad----906f-aefa00b1a961,Jeffrey Brown,08/10/2025,16:59:37
Knowby Examples,d0d06d04-e83f-43e0-9182-8f8971c5a344,Replace Cord on Waikato Cup Removers,4327-393b-53cbdfde----b9a4-aef900aa92ef,Kenneth Landry,08/03/2025,17:27:40
Knowby Examples,d0d06d04-e83f-43e0-9182-8f8971c5a344,Replace Cord on Waikato Cup Removers,4327-393b-53cbdfde----b9a4-aef900aa92ef,Kenneth Landry,08/04/2024,09:17:01
Knowby Examples,d0d06d04-e83f-43e0-9182-8f8971c5a344,Replace Cord on Waikato Cup Removers,4327-393b-53cbdfde----b9a4-aef900aa92ef,Kenneth Landry,08/08/2025,14:41:16
Knowby Examples,d0d06d04-e83f-43e0-9182-8f8971c5a344,Replace Cord on Waikato Cup Removers,4327-393b-53cbdfde----b9a4-aef900aa92ef,Kenneth Landry,08/08/2024,16:40:32
Knowby Examples,d0d06d04-e83f-43e0-9182-8f8971c5a344,Replace Cord on Waikato Cup Removers,4327-393b-53cbdfde----b9a4-aef900aa92ef,Kenneth Landry,09/07/2025,10:38:30
Knowby Examples,d0d06d04-e83f-43e0-9182-8f8971c5a344,Replace Cord on Waikato Cup Removers,4327-393b-53cbdfde----b9a4-aef900aa92ef,Kenneth Landry,14/07/2025,13:40:53
Knowby Examples,d0d06d04-e83f-43e0-9182-8f8971c5a344,Replace Cord on Waikato Cup Removers,4327-393b-53cbdfde----b9a4-aef900aa92ef,Kenneth Landry,14/07/2025,11:57:58
Knowby Examples,d0d06d04-e83f-43e0-9182-8f8971c5a344,Replace Cord on Waikato Cup Removers,4327-393b-53cbdfde----b9a4-aef900aa92ef,Kenneth Landry,14/07/2025,12:03:40
Knowby Examples,d0d06d04-e83f-43e0-9182-8f8971c5a344,Replace Cord on Waikato Cup Removers,4327-393b-53cbdfde----b9a4-aef900aa92ef,Kenneth Landry,14/07/2025,15:14:02
Knowby Examples,d0d06d04-e83f-43e0-9182-8f8971c5a344,Replace Cord on Waikato Cup Removers,44ed-a978-e8d990e2----8b3d-aef900a6bb99,Robert Perez,31/08/2025,13:46:30
Knowby Examples,d0d06d04-e83f-43e0-9182-8f8971c5a344,Replace Cord on Waikato Cup Removers,4ed4-864f-db17168a----9128-a3c9ddb6e3ea,Carol Jones,22/08/2024,11:42:22
Knowby Examples,d0d06d04-e83f-43e0-9182-8f8971c5a344,Replace Cord on Waikato Cup Removers,4ed4-864f-db17168a----9128-a3c9ddb6e3ea,Carol Jones,13/07/2025,15:57:16
Knowby Examples,d0d06d04-e83f-43e0-9182-8f8971c5a344,Replace Cord on Waikato Cup Removers,4ed4-864f-db17168a----9128-a3c9ddb6e3ea,Carol Jones,23/10/2025,10:09:15
Knowby Examples,d0d06d04-e83f-43e0-9182-8f8971c5a344,Replace Cord on Waikato Cup Removers,4e42-3ecf-a947652f----8d8f-1b0d973d1bbf,Robert Taylor,02/11/2025,16:26:40
Knowby Examples,d0d06d04-e83f-43e0-9182-8f8971c5a344,Replace Cord on Waikato Cup Removers,4e42-3ecf-a947652f----8d8f-1b0d973d1bbf,Robert Taylor,02/11/2025,12:21:08
Knowby Examples,d0d06d04-e83f-43e0-9182-8f8971c5a344,Replace Cord on Waikato Cup Removers,4e42-3ecf-a947652f----8d8f-1b0d973d1bbf,Robert Taylor,18/02/2025,10:30:32
Knowby Examples,d0d06d04-e83f-43e0-9182-8f8971c5a344,Replace Cord on Waikato Cup Removers,4e42-3ecf-a947652f----8d8f-1b0d973d1bbf,Robert Taylor,21/02/2025,14:48:15
Knowby Examples,a5abfc79-435f-4335-a895-3340b964e6a4,Vegemite on Toast - The Right Way,4cb2-65da-696d957b----9f0d-54f7230f93ca,Andrew Mueller,19/09/2025,12:37:47
Knowby Examples,a5abfc79-435f-4335-a895-3340b964e6a4,Vegemite on Toast - The Right Way,4cb2-65da-696d957b----9f0d-54f7230f93ca,Andrew Mueller,19/09/2025,10:37:33
Knowby Examples,a5abfc79-435f-4335-a895-3340b964e6a4,Vegemite on Toast - The Right Way,4e2d-74a1-029062f6----b599-afd40063e74d,Rhonda Holt,08/04/2024,11:20:06
Knowby Examples,a5abfc79-435f-4335-a895-3340b964e6a4,Vegemite on Toast - The Right Way,4dd1-509e-67e290d9----bb68-afdb00c8af51,Cristian Gonzalez,21/07/2025,12:43:40
Knowby Examples,a5abfc79-435f-4335-a895-3340b964e6a4,Vegemite on Toast - The Right Way,4dd1-509e-67e290d9----bb68-afdb00c8af51,Cristian Gonzalez,21/07/2025,15:29:12
Knowby Examples,a5abfc79-435f-4335-a895-3340b964e6a4,Vegemite on Toast - The Right Way,4dd1-509e-67e290d9----bb68-afdb00c8af51,Cristian Gonzalez,28/07/2024,16:20:48
Knowby Examples,a5abfc79-435f-4335-a895-3340b964e6a4,Vegemite on Toast - The Right Way,4dd1-509e-67e290d9----bb68-afdb00c8af51,Cristian Gonzalez,31/07/2025,08:07:57
Knowby Examples,a5abfc79-435f-4335-a895-3340b964e6a4,Vegemite on Toast - The Right Way,4dd1-509e-67e290d9----bb68-afdb00c8af51,Cristian Gonzalez,25/08/2025,12:10:13
Knowby Examples,a5abfc79-435f-4335-a895-3340b964e6a4,Vegemite on Toast - The Right Way,4dd1-509e-67e290d9----bb68-afdb00c8af51,Cristian Gonzalez,09/05/2025,08:03:07
Knowby Examples,a5abfc79-435f-4335-a895-3340b964e6a4,Vegemite on Toast - The Right Way,4d2c-583f-adfb71a0----947b-af0c00af8d6b,Adriana Sanders,08/12/2025,17:32:15
Knowby Examples,a5abfc79-435f-4335-a895-3340b964e6a4,Vegemite on Toast - The Right Way,4d2c-583f-adfb71a0----947b-af0c00af8d6b,Adriana Sanders,23/06/2024,10:50:01
Knowby Examples,a5abfc79-435f-4335-a895-3340b964e6a4,Vegemite on Toast - The Right Way,4ea3-2234-ee1de7e0----99b4-aefa00ae2eab,William Wilkinson,24/07/2025,17:40:34
Knowby Examples,a5abfc79-435f-4335-a895-3340b964e6a4,Vegemite on Toast - The Right Way,44ed-a978-e8d990e2----8b3d-aef900a6bb99,Robert Perez,08/02/2025,15:54:19
Knowby Examples,a5abfc79-435f-4335-a895-3340b964e6a4,Vegemite on Toast - The Right Way,44ed-a978-e8d990e2----8b3d-aef900a6bb99,Robert Perez,08/03/2025,17:28:04
Knowby Examples,a5abfc79-435f-4335-a895-3340b964e6a4,Vegemite on Toast - The Right Way,44ed-a978-e8d990e2----8b3d-aef900a6bb99,Robert Perez,19/08/2025,11:20:46
Knowby Examples,a5abfc79-435f-4335-a895-3340b964e6a4,Vegemite on Toast - The Right Way,44ed-a978-e8d990e2----8b3d-aef900a6bb99,Robert Perez,30/08/2025,08:07:31
Knowby Examples,a5abfc79-435f-4335-a895-3340b964e6a4,Vegemite on Toast - The Right Way,44ed-a978-e8d990e2----8b3d-aef900a6bb99,Robert Perez,31/08/2025,14:59:51
Knowby Examples,a5abfc79-435f-4335-a895-3340b964e6a4,Vegemite on Toast - The Right Way,44ed-a978-e8d990e2----8b3d-aef900a6bb99,Robert Perez,09/01/2025,15:20:28
Knowby Examples,a5abfc79-435f-4335-a895-3340b964e6a4,Vegemite on Toast - The Right Way,4ed4-864f-db17168a----9128-a3c9ddb6e3ea,Carol Jones,10/11/2025,09:11:27
Knowby Examples,a5abfc79-435f-4335-a895-3340b964e6a4,Vegemite on Toast - The Right Way,4ed4-864f-db17168a----9128-a3c9ddb6e3ea,Carol Jones,19/09/2025,17:19:52
Knowby Examples,a5abfc79-435f-4335-a895-3340b964e6a4,Vegemite on Toast - The Right Way,4ed4-864f-db17168a----9128-a3c9ddb6e3ea,Carol Jones,23/10/2024,12:19:01
Knowby Examples,a5abfc79-435f-4335-a895-3340b964e6a4,Vegemite on Toast - The Right Way,4d1a-2d52-b574cc8e----b6c0-af3b0075112b,Melanie Wilson,20/08/2024,13:12:29
Knowby Examples,cee1fede-b398-4134-8948-8ff591223c4a,Balance Bike Assembly,4dd1-509e-67e290d9----bb68-afdb00c8af51,Cristian Gonzalez,15/07/2025,16:09:28
Knowby Examples,cee1fede-b398-4134-8948-8ff591223c4a,Balance Bike Assembly,4dd1-509e-67e290d9----bb68-afdb00c8af51,Cristian Gonzalez,20/07/2025,10:15:04
Knowby Examples,cee1fede-b398-4134-8948-8ff591223c4a,Balance Bike Assembly,4dd1-509e-67e290d9----bb68-afdb00c8af51,Cristian Gonzalez,20/07/2025,14:03:39
Knowby Examples,cee1fede-b398-4134-8948-8ff591223c4a,Balance Bike Assembly,4dd1-509e-67e290d9----bb68-afdb00c8af51,Cristian Gonzalez,24/08/2025,08:53:08
Knowby Examples,cee1fede-b398-4134-8948-8ff591223c4a,Balance Bike Assembly,4dd1-509e-67e290d9----bb68-afdb00c8af51,Cristian Gonzalez,31/08/2025,16:19:07
Knowby Examples,cee1fede-b398-4134-8948-8ff591223c4a,Balance Bike Assembly,4dd1-509e-67e290d9----bb68-afdb00c8af51,Cristian Gonzalez,09/05/2025,08:20:22
Knowby Examples,cee1fede-b398-4134-8948-8ff591223c4a,Balance Bike Assembly,4dd1-509e-67e290d9----bb68-afdb00c8af51,Cristian Gonzalez,13/09/2024,08:08:02
Knowby Examples,cee1fede-b398-4134-8948-8ff591223c4a,Balance Bike Assembly,4dd1-509e-67e290d9----bb68-afdb00c8af51,Cristian Gonzalez,12/01/2025,12:23:50
Knowby Examples,cee1fede-b398-4134-8948-8ff591223c4a,Balance Bike Assembly,4dd1-509e-67e290d9----bb68-afdb00c8af51,Cristian Gonzalez,12/01/2024,08:25:58
Knowby Examples,cee1fede-b398-4134-8948-8ff591223c4a,Balance Bike Assembly,44ed-a978-e8d990e2----8b3d-aef900a6bb99,Robert Perez,31/08/2025,15:45:14
Knowby Examples,cee1fede-b398-4134-8948-8ff591223c4a,Balance Bike Assembly,44ed-a978-e8d990e2----8b3d-aef900a6bb99,Robert Perez,18/04/2025,14:56:43
Knowby Examples,cee1fede-b398-4134-8948-8ff591223c4a,Balance Bike Assembly,4ed4-864f-db17168a----9128-a3c9ddb6e3ea,Carol Jones,10/11/2025,15:17:43
Knowby Examples,cee1fede-b398-4134-8948-8ff591223c4a,Balance Bike Assembly,4ed4-864f-db17168a----9128-a3c9ddb6e3ea,Carol Jones,10/11/2025,16:02:35
Knowby Examples,cee1fede-b398-4134-8948-8ff591223c4a,Balance Bike Assembly,4ed4-864f-db17168a----9128-a3c9ddb6e3ea,Carol Jones,10/11/2025,08:21:21
Knowby Examples,cee1fede-b398-4134-8948-8ff591223c4a,Balance Bike Assembly,4ed4-864f-db17168a----9128-a3c9ddb6e3ea,Carol Jones,10/11/2024,13:17:03
Knowby Examples,cee1fede-b398-4134-8948-8ff591223c4a,Balance Bike Assembly,4ed4-864f-db17168a----9128-a3c9ddb6e3ea,Carol Jones,10/12/2025,08:51:02
Knowby Examples,cee1fede-b398-4134-8948-8ff591223c4a,Balance Bike Assembly,4ed4-864f-db17168a----9128-a3c9ddb6e3ea,Carol Jones,23/10/2025,08:18:22
Knowby Examples,cee1fede-b398-4134-8948-8ff591223c4a,Balance Bike Assembly,4ed4-864f-db17168a----9128-a3c9ddb6e3ea,Carol Jones,23/10/2025,09:13:11
Knowby Examples,cee1fede-b398-4134-8948-8ff591223c4a,Balance Bike Assembly,4d1a-2d52-b574cc8e----b6c0-af3b0075112b,Melanie Wilson,20/08/2025,14:11:57
Knowby Examples,9d9ab8fc-88a0-47ab-aa23-d05ef4ab3a77,Sports Injuries: Thumb Spica Taping with Rigid Tape,4e2d-74a1-029062f6----b599-afd40063e74d,Rhonda Holt,08/03/2025,14:40:00
Knowby Examples,9d9ab8fc-88a0-47ab-aa23-d05ef4ab3a77,Sports Injuries: Thumb Spica Taping with Rigid Tape,4dd1-509e-67e290d9----bb68-afdb00c8af51,Cristian Gonzalez,20/07/2025,11:02:15
Knowby Examples,9d9ab8fc-88a0-47ab-aa23-d05ef4ab3a77,Sports Injuries: Thumb Spica Taping with Rigid Tape,4dd1-509e-67e290d9----bb68-afdb00c8af51,Cristian Gonzalez,15/09/2025,12:28:08
Knowby Examples,9d9ab8fc-88a0-47ab-aa23-d05ef4ab3a77,Sports Injuries: Thumb Spica Taping with Rigid Tape,44ed-a978-e8d990e2----8b3d-aef900a6bb99,Robert Perez,19/08/2025,16:15:07
Knowby Examples,9d9ab8fc-88a0-47ab-aa23-d05ef4ab3a77,Sports Injuries: Thumb Spica Taping with Rigid Tape,44ed-a978-e8d990e2----8b3d-aef900a6bb99,Robert Perez,09/07/2025,16:27:09
Knowby Examples,9d9ab8fc-88a0-47ab-aa23-d05ef4ab3a77,Sports Injuries: Thumb Spica Taping with Rigid Tape,44ed-a978-e8d990e2----8b3d-aef900a6bb99,Robert Perez,19/08/2024,16:21:57
Knowby Examples,9d9ab8fc-88a0-47ab-aa23-d05ef4ab3a77,Sports Injuries: Thumb Spica Taping with Rigid Tape,4ed4-864f-db17168a----9128-a3c9ddb6e3ea,Carol Jones,10/11/2025,09:22:21
Knowby Examples,9d9ab8fc-88a0-47ab-aa23-d05ef4ab3a77,Sports Injuries: Thumb Spica Taping with Rigid Tape,4ed4-864f-db17168a----9128-a3c9ddb6e3ea,Carol Jones,23/10/2025,10:05:41
Knowby Examples,9d9ab8fc-88a0-47ab-aa23-d05ef4ab3a77,Sports Injuries: Thumb Spica Taping with Rigid Tape,4e42-3ecf-a947652f----8d8f-1b0d973d1bbf,Robert Taylor,02/12/2024,12:21:44
Knowby Examples,bb93adf9-5cf9-4b98-bc9a-0fa6991f4411,The Dual Boiler™ - How to Perform a Clean Cycle.,400d-dbe2-f01d079d----af6e-af3d005280aa,Rhonda Evans,05/07/2025,16:44:36
Knowby Examples,bb93adf9-5cf9-4b98-bc9a-0fa6991f4411,The Dual Boiler™ - How to Perform a Clean Cycle.,4dd1-509e-67e290d9----bb68-afdb00c8af51,Cristian Gonzalez,09/05/2025,17:31:48
Knowby Examples,bb93adf9-5cf9-4b98-bc9a-0fa6991f4411,The Dual Boiler™ - How to Perform a Clean Cycle.,4405-d6f6-e37511ad----906f-aefa00b1a961,Jeffrey Brown,25/08/2025,13:08:30
Knowby Examples,bb93adf9-5cf9-4b98-bc9a-0fa6991f4411,The Dual Boiler™ - How to Perform a Clean Cycle.,4405-d6f6-e37511ad----906f-aefa00b1a961,Jeffrey Brown,24/11/2025,15:11:26
Knowby Examples,bb93adf9-5cf9-4b98-bc9a-0fa6991f4411,The Dual Boiler™ - How to Perform a Clean Cycle.,4405-d6f6-e37511ad----906f-aefa00b1a961,Jeffrey Brown,25/04/2025,09:25:52
Knowby Examples,bb93adf9-5cf9-4b98-bc9a-0fa6991f4411,The Dual Boiler™ - How to Perform a Clean Cycle.,4405-d6f6-e37511ad----906f-aefa00b1a961,Jeffrey Brown,23/05/2025,11:24:12
Knowby Examples,bb93adf9-5cf9-4b98-bc9a-0fa6991f4411,The Dual Boiler™ - How to Perform a Clean Cycle.,4405-d6f6-e37511ad----906f-aefa00b1a961,Jeffrey Brown,23/05/2025,11:24:45
Knowby Examples,bb93adf9-5cf9-4b98-bc9a-0fa6991f4411,The Dual Boiler™ - How to Perform a Clean Cycle.,44ed-a978-e8d990e2----8b3d-aef900a6bb99,Robert Perez,25/08/2024,09:28:22
Knowby Examples,bb93adf9-5cf9-4b98-bc9a-0fa6991f4411,The Dual Boiler™ - How to Perform a Clean Cycle.,44ed-a978-e8d990e2----8b3d-aef900a6bb99,Robert Perez,31/08/2025,09:02:49
Knowby Examples,bb93adf9-5cf9-4b98-bc9a-0fa6991f4411,The Dual Boiler™ - How to Perform a Clean Cycle.,4ed4-864f-db17168a----9128-a3c9ddb6e3ea,Carol Jones,23/10/2024,10:41:47
Knowby Examples,bb93adf9-5cf9-4b98-bc9a-0fa6991f4411,The Dual Boiler™ - How to Perform a Clean Cycle.,4ed4-864f-db17168a----9128-a3c9ddb6e3ea,Carol Jones,23/10/2025,09:56:07
Knowby Examples,50cf45b8-cce9-4215-8ffa-ef45d2bfc017,Fabrication: Build Spare Tyre Holder,4405-d6f6-e37511ad----906f-aefa00b1a961,Jeffrey Brown,08/03/2025,12:56:35
Knowby Examples,12ff97fc-acc6-4e02-b070-82e317802ff8,Tub Removal - RAM - DS Model - 1500,4dd1-509e-67e290d9----bb68-afdb00c8af51,Cristian Gonzalez,28/07/2025,12:49:02
Knowby Examples,12ff97fc-acc6-4e02-b070-82e317802ff8,Tub Removal - RAM - DS Model - 1500,4dd1-509e-67e290d9----bb68-afdb00c8af51,Cristian Gonzalez,31/07/2025,15:40:21
Knowby Examples,12ff97fc-acc6-4e02-b070-82e317802ff8,Tub Removal - RAM - DS Model - 1500,4dd1-509e-67e290d9----bb68-afdb00c8af51,Cristian Gonzalez,13/09/2024,14:17:28
Knowby Examples,12ff97fc-acc6-4e02-b070-82e317802ff8,Tub Removal - RAM - DS Model - 1500,4d2c-583f-adfb71a0----947b-af0c00af8d6b,Adriana Sanders,08/10/2025,17:17:42
Knowby Examples,12ff97fc-acc6-4e02-b070-82e317802ff8,Tub Removal - RAM - DS Model - 1500,4405-d6f6-e37511ad----906f-aefa00b1a961,Jeffrey Brown,25/08/2025,13:21:20
Knowby Examples,12ff97fc-acc6-4e02-b070-82e317802ff8,Tub Removal - RAM - DS Model - 1500,4405-d6f6-e37511ad----906f-aefa00b1a961,Jeffrey Brown,20/09/2025,14:45:27
Knowby Examples,12ff97fc-acc6-4e02-b070-82e317802ff8,Tub Removal - RAM - DS Model - 1500,4405-d6f6-e37511ad----906f-aefa00b1a961,Jeffrey Brown,20/09/2025,15:09:06
Knowby Examples,12ff97fc-acc6-4e02-b070-82e317802ff8,Tub Removal - RAM - DS Model - 1500,4405-d6f6-e37511ad----906f-aefa00b1a961,Jeffrey Brown,21/09/2025,15:06:36
Knowby Examples,12ff97fc-acc6-4e02-b070-82e317802ff8,Tub Removal - RAM - DS Model - 1500,4405-d6f6-e37511ad----906f-aefa00b1a961,Jeffrey Brown,26/09/2025,09:36:42
Knowby Examples,12ff97fc-acc6-4e02-b070-82e317802ff8,Tub Removal - RAM - DS Model - 1500,4327-393b-53cbdfde----b9a4-aef900aa92ef,Kenneth Landry,31/07/2025,09:08:50
Knowby Examples,12ff97fc-acc6-4e02-b070-82e317802ff8,Tub Removal - RAM - DS Model - 1500,4327-393b-53cbdfde----b9a4-aef900aa92ef,Kenneth Landry,21/09/2025,15:25:39
Knowby Examples,12ff97fc-acc6-4e02-b070-82e317802ff8,Tub Removal - RAM - DS Model - 1500,44ed-a978-e8d990e2----8b3d-aef900a6bb99,Robert Perez,08/02/2025,13:31:56
Knowby Examples,12ff97fc-acc6-4e02-b070-82e317802ff8,Tub Removal - RAM - DS Model - 1500,44ed-a978-e8d990e2----8b3d-aef900a6bb99,Robert Perez,30/08/2025,11:51:27
Knowby Examples,12ff97fc-acc6-4e02-b070-82e317802ff8,Tub Removal - RAM - DS Model - 1500,44ed-a978-e8d990e2----8b3d-aef900a6bb99,Robert Perez,09/01/2025,10:28:14
Knowby Examples,12ff97fc-acc6-4e02-b070-82e317802ff8,Tub Removal - RAM - DS Model - 1500,44ed-a978-e8d990e2----8b3d-aef900a6bb99,Robert Perez,25/09/2024,11:24:28
Knowby Examples,12ff97fc-acc6-4e02-b070-82e317802ff8,Tub Removal - RAM - DS Model - 1500,44ed-a978-e8d990e2----8b3d-aef900a6bb99,Robert Perez,27/09/2025,08:57:22
Knowby Examples,12ff97fc-acc6-4e02-b070-82e317802ff8,Tub Removal - RAM - DS Model - 1500,4ed4-864f-db17168a----9128-a3c9ddb6e3ea,Carol Jones,23/10/2024,08:20:39
Knowby Examples,12ff97fc-acc6-4e02-b070-82e317802ff8,Tub Removal - RAM - DS Model - 1500,4e42-3ecf-a947652f----8d8f-1b0d973d1bbf,Robert Taylor,17/01/2025,11:10:43
Knowby Examples,12ff97fc-acc6-4e02-b070-82e317802ff8,Tub Removal - RAM - DS Model - 1500,4e42-3ecf-a947652f----8d8f-1b0d973d1bbf,Robert Taylor,19/01/2024,09:28:03
Knowby Examples,5495decb-18a7-4ac1-960d-d6dd6eaa8c5b,RADAR Refit: Lane Change Assist for Mazda BT50 & Isuzu DMAX,4dd1-509e-67e290d9----bb68-afdb00c8af51,Cristian Gonzalez,28/07/2025,15:36:47
Knowby Examples,5495decb-18a7-4ac1-960d-d6dd6eaa8c5b,RADAR Refit: Lane Change Assist for Mazda BT50 & Isuzu DMAX,4dd1-509e-67e290d9----bb68-afdb00c8af51,Cristian Gonzalez,23/08/2025,09:31:11
Knowby Examples,5495decb-18a7-4ac1-960d-d6dd6eaa8c5b,RADAR Refit: Lane Change Assist for Mazda BT50 & Isuzu DMAX,4dd1-509e-67e290d9----bb68-afdb00c8af51,Cristian Gonzalez,10/11/2024,10:33:26
Knowby Examples,5495decb-18a7-4ac1-960d-d6dd6eaa8c5b,RADAR Refit: Lane Change Assist for Mazda BT50 & Isuzu DMAX,4dd1-509e-67e290d9----bb68-afdb00c8af51,Cristian Gonzalez,10/11/2025,12:01:44
Knowby Examples,5495decb-18a7-4ac1-960d-d6dd6eaa8c5b,RADAR Refit: Lane Change Assist for Mazda BT50 & Isuzu DMAX,4405-d6f6-e37511ad----906f-aefa00b1a961,Jeffrey Brown,08/03/2025,12:20:48
Knowby Examples,5495decb-18a7-4ac1-960d-d6dd6eaa8c5b,RADAR Refit: Lane Change Assist for Mazda BT50 & Isuzu DMAX,44ed-a978-e8d990e2----8b3d-aef900a6bb99,Robert Perez,31/07/2025,11:22:34
Knowby Examples,5495decb-18a7-4ac1-960d-d6dd6eaa8c5b,RADAR Refit: Lane Change Assist for Mazda BT50 & Isuzu DMAX,44ed-a978-e8d990e2----8b3d-aef900a6bb99,Robert Perez,30/08/2025,09:14:23
Knowby Examples,5495decb-18a7-4ac1-960d-d6dd6eaa8c5b,RADAR Refit: Lane Change Assist for Mazda BT50 & Isuzu DMAX,44ed-a978-e8d990e2----8b3d-aef900a6bb99,Robert Perez,09/04/2025,08:13:41
Knowby Examples,5495decb-18a7-4ac1-960d-d6dd6eaa8c5b,RADAR Refit: Lane Change Assist for Mazda BT50 & Isuzu DMAX,4ed4-864f-db17168a----9128-a3c9ddb6e3ea,Carol Jones,23/10/2025,12:46:38
Knowby Examples,8851aecb-8554-4984-b2ba-85ab3ebf0341,Custom Integrated Tapered Toolbox Installation,4dd1-509e-67e290d9----bb68-afdb00c8af51,Cristian Gonzalez,27/08/2025,13:46:45
Knowby Examples,8851aecb-8554-4984-b2ba-85ab3ebf0341,Custom Integrated Tapered Toolbox Installation,4dd1-509e-67e290d9----bb68-afdb00c8af51,Cristian Gonzalez,10/11/2025,13:04:20
Knowby Examples,8851aecb-8554-4984-b2ba-85ab3ebf0341,Custom Integrated Tapered Toolbox Installation,44ed-a978-e8d990e2----8b3d-aef900a6bb99,Robert Perez,30/08/2025,12:11:02
Knowby Examples,8851aecb-8554-4984-b2ba-85ab3ebf0341,Custom Integrated Tapered Toolbox Installation,44ed-a978-e8d990e2----8b3d-aef900a6bb99,Robert Perez,31/08/2025,15:34:00
Knowby Examples,8851aecb-8554-4984-b2ba-85ab3ebf0341,Custom Integrated Tapered Toolbox Installation,44ed-a978-e8d990e2----8b3d-aef900a6bb99,Robert Perez,21/09/2025,16:52:26
Knowby Examples,8851aecb-8554-4984-b2ba-85ab3ebf0341,Custom Integrated Tapered Toolbox Installation,44ed-a978-e8d990e2----8b3d-aef900a6bb99,Robert Perez,25/09/2025,11:43:55
Knowby Examples,8851aecb-8554-4984-b2ba-85ab3ebf0341,Custom Integrated Tapered Toolbox Installation,44ed-a978-e8d990e2----8b3d-aef900a6bb99,Robert Perez,17/10/2025,10:19:43
Knowby Examples,372f0617-bbde-4064-86d7-0cd009b065c5,Fit Stainless Capping,4dd1-509e-67e290d9----bb68-afdb00c8af51,Cristian Gonzalez,28/07/2025,10:54:53
Knowby Examples,372f0617-bbde-4064-86d7-0cd009b065c5,Fit Stainless Capping,4dd1-509e-67e290d9----bb68-afdb00c8af51,Cristian Gonzalez,31/07/2025,09:00:09
Knowby Examples,372f0617-bbde-4064-86d7-0cd009b065c5,Fit Stainless Capping,4dd1-509e-67e290d9----bb68-afdb00c8af51,Cristian Gonzalez,31/07/2025,12:01:22
Knowby Examples,372f0617-bbde-4064-86d7-0cd009b065c5,Fit Stainless Capping,4dd1-509e-67e290d9----bb68-afdb00c8af51,Cristian Gonzalez,28/09/2025,12:35:14
Knowby Examples,372f0617-bbde-4064-86d7-0cd009b065c5,Fit Stainless Capping,4dd1-509e-67e290d9----bb68-afdb00c8af51,Cristian Gonzalez,28/09/2024,08:54:05
Knowby Examples,372f0617-bbde-4064-86d7-0cd009b065c5,Fit Stainless Capping,4405-d6f6-e37511ad----906f-aefa00b1a961,Jeffrey Brown,08/04/2025,16:45:55
Knowby Examples,372f0617-bbde-4064-86d7-0cd009b065c5,Fit Stainless Capping,4405-d6f6-e37511ad----906f-aefa00b1a961,Jeffrey Brown,08/07/2025,12:12:08
Knowby Examples,372f0617-bbde-4064-86d7-0cd009b065c5,Fit Stainless Capping,4405-d6f6-e37511ad----906f-aefa00b1a961,Jeffrey Brown,26/09/2025,16:12:43
Knowby Examples,372f0617-bbde-4064-86d7-0cd009b065c5,Fit Stainless Capping,44ed-a978-e8d990e2----8b3d-aef900a6bb99,Robert Perez,09/12/2025,15:14:18
Knowby Examples,372f0617-bbde-4064-86d7-0cd009b065c5,Fit Stainless Capping,44ed-a978-e8d990e2----8b3d-aef900a6bb99,Robert Perez,15/04/2024,13:34:32
Knowby Examples,372f0617-bbde-4064-86d7-0cd009b065c5,Fit Stainless Capping,4ed4-864f-db17168a----9128-a3c9ddb6e3ea,Carol Jones,08/08/2025,15:52:09
Knowby Examples,656b8ed2-2f8d-4f23-9a54-1fb52fcc2e7f,Ford GT40 Start up,4dd1-509e-67e290d9----bb68-afdb00c8af51,Cristian Gonzalez,20/07/2025,09:54:00
Knowby Examples,656b8ed2-2f8d-4f23-9a54-1fb52fcc2e7f,Ford GT40 Start up,4405-d6f6-e37511ad----906f-aefa00b1a961,Jeffrey Brown,08/03/2025,11:45:21
Knowby Examples,656b8ed2-2f8d-4f23-9a54-1fb52fcc2e7f,Ford GT40 Start up,44ed-a978-e8d990e2----8b3d-aef900a6bb99,Robert Perez,09/07/2025,10:22:11
Knowby Examples,656b8ed2-2f8d-4f23-9a54-1fb52fcc2e7f,Ford GT40 Start up,4ed4-864f-db17168a----9128-a3c9ddb6e3ea,Carol Jones,10/11/2025,13:51:27
Knowby Examples,656b8ed2-2f8d-4f23-9a54-1fb52fcc2e7f,Ford GT40 Start up,4ed4-864f-db17168a----9128-a3c9ddb6e3ea,Carol Jones,10/12/2025,16:50:35
Knowby Examples,656b8ed2-2f8d-4f23-9a54-1fb52fcc2e7f,Ford GT40 Start up,4ed4-864f-db17168a----9128-a3c9ddb6e3ea,Carol Jones,19/09/2025,13:36:05
Knowby Examples,656b8ed2-2f8d-4f23-9a54-1fb52fcc2e7f,Ford GT40 Start up,4dd1-509e-67e290d9----bb68-afdb00c8af51,Cristian Gonzalez,04/09/2025,14:11:37
Knowby Examples,7c5e527d-a62e-4924-ad19-adbbd38ca690,Pre-flight Checks for Tecnam P2002 Sierra,4dd1-509e-67e290d9----bb68-afdb00c8af51,Cristian Gonzalez,31/07/2025,16:44:40
Knowby Examples,7c5e527d-a62e-4924-ad19-adbbd38ca690,Pre-flight Checks for Tecnam P2002 Sierra,4dd1-509e-67e290d9----bb68-afdb00c8af51,Cristian Gonzalez,15/09/2025,16:42:18
Knowby Examples,7c5e527d-a62e-4924-ad19-adbbd38ca690,Pre-flight Checks for Tecnam P2002 Sierra,44ed-a978-e8d990e2----8b3d-aef900a6bb99,Robert Perez,08/05/2025,13:27:59
Knowby Examples,7c5e527d-a62e-4924-ad19-adbbd38ca690,Pre-flight Checks for Tecnam P2002 Sierra,44ed-a978-e8d990e2----8b3d-aef900a6bb99,Robert Perez,14/09/2024,09:57:59
Knowby Examples,7c5e527d-a62e-4924-ad19-adbbd38ca690,Pre-flight Checks for Tecnam P2002 Sierra,4ed4-864f-db17168a----9128-a3c9ddb6e3ea,Carol Jones,10/11/2025,12:38:26
Knowby Examples,7c5e527d-a62e-4924-ad19-adbbd38ca690,Pre-flight Checks for Tecnam P2002 Sierra,4ed4-864f-db17168a----9128-a3c9ddb6e3ea,Carol Jones,10/11/2025,09:32:47
Knowby Examples,7c5e527d-a62e-4924-ad19-adbbd38ca690,Pre-flight Checks for Tecnam P2002 Sierra,4ed4-864f-db17168a----9128-a3c9ddb6e3ea,Carol Jones,08/12/2025,15:04:10
Knowby Examples,7c5e527d-a62e-4924-ad19-adbbd38ca690,Pre-flight Checks for Tecnam P2002 Sierra,4ed4-864f-db17168a----9128-a3c9ddb6e3ea,Carol Jones,23/10/2025,08:49:45
Knowby Examples,7c5e527d-a62e-4924-ad19-adbbd38ca690,Pre-flight Checks for Tecnam P2002 Sierra,4ed4-864f-db17168a----9128-a3c9ddb6e3ea,Carol Jones,21/11/2025,14:57:19
Knowby Examples,ba83f978-5946-4a95-b498-86dfc3683457,Tighten Track on Posi-Track Skid Steer,4d2c-583f-adfb71a0----947b-af0c00af8d6b,Adriana Sanders,24/08/2025,14:03:13
Knowby Examples,ba83f978-5946-4a95-b498-86dfc3683457,Tighten Track on Posi-Track Skid Steer,4405-d6f6-e37511ad----906f-aefa00b1a961,Jeffrey Brown,25/08/2024,14:52:35
Knowby Examples,ba83f978-5946-4a95-b498-86dfc3683457,Tighten Track on Posi-Track Skid Steer,44ed-a978-e8d990e2----8b3d-aef900a6bb99,Robert Perez,08/02/2024,09:05:38
Knowby Examples,ba83f978-5946-4a95-b498-86dfc3683457,Tighten Track on Posi-Track Skid Steer,44ed-a978-e8d990e2----8b3d-aef900a6bb99,Robert Perez,08/03/2025,11:20:17
Knowby Examples,ba83f978-5946-4a95-b498-86dfc3683457,Tighten Track on Posi-Track Skid Steer,44ed-a978-e8d990e2----8b3d-aef900a6bb99,Robert Perez,30/08/2025,16:27:43
Knowby Examples,ba83f978-5946-4a95-b498-86dfc3683457,Tighten Track on Posi-Track Skid Steer,44ed-a978-e8d990e2----8b3d-aef900a6bb99,Robert Perez,31/08/2025,16:48:07
Knowby Examples,ba83f978-5946-4a95-b498-86dfc3683457,Tighten Track on Posi-Track Skid Steer,44ed-a978-e8d990e2----8b3d-aef900a6bb99,Robert Perez,25/09/2024,12:43:40
Knowby Examples,ba83f978-5946-4a95-b498-86dfc3683457,Tighten Track on Posi-Track Skid Steer,4d1a-2d52-b574cc8e----b6c0-af3b0075112b,Melanie Wilson,20/08/2025,16:21:02
Knowby Examples,083f7bbe-afed-4459-9ef5-39e6d7a4e608,Short Term Rental: How to use our Oven,400d-dbe2-f01d079d----af6e-af3d005280aa,Rhonda Evans,05/07/2025,10:20:46
Knowby Examples,083f7bbe-afed-4459-9ef5-39e6d7a4e608,Short Term Rental: How to use our Oven,4dd1-509e-67e290d9----bb68-afdb00c8af51,Cristian Gonzalez,31/07/2025,14:00:48
Knowby Examples,083f7bbe-afed-4459-9ef5-39e6d7a4e608,Short Term Rental: How to use our Oven,4dd1-509e-67e290d9----bb68-afdb00c8af51,Cristian Gonzalez,28/09/2025,13:03:10
Knowby Examples,083f7bbe-afed-4459-9ef5-39e6d7a4e608,Short Term Rental: How to use our Oven,4dd1-509e-67e290d9----bb68-afdb00c8af51,Cristian Gonzalez,17/01/2025,14:20:41
Knowby Examples,083f7bbe-afed-4459-9ef5-39e6d7a4e608,Short Term Rental: How to use our Oven,4327-393b-53cbdfde----b9a4-aef900aa92ef,Kenneth Landry,09/05/2025,10:53:31
Knowby Examples,083f7bbe-afed-4459-9ef5-39e6d7a4e608,Short Term Rental: How to use our Oven,4327-393b-53cbdfde----b9a4-aef900aa92ef,Kenneth Landry,20/09/2025,13:50:55
Knowby Examples,083f7bbe-afed-4459-9ef5-39e6d7a4e608,Short Term Rental: How to use our Oven,4327-393b-53cbdfde----b9a4-aef900aa92ef,Kenneth Landry,20/09/2025,09:43:46
Knowby Examples,083f7bbe-afed-4459-9ef5-39e6d7a4e608,Short Term Rental: How to use our Oven,4327-393b-53cbdfde----b9a4-aef900aa92ef,Kenneth Landry,20/09/2025,12:33:10
Knowby Examples,083f7bbe-afed-4459-9ef5-39e6d7a4e608,Short Term Rental: How to use our Oven,4327-393b-53cbdfde----b9a4-aef900aa92ef,Kenneth Landry,20/09/2025,14:21:19
Knowby Examples,083f7bbe-afed-4459-9ef5-39e6d7a4e608,Short Term Rental: How to use our Oven,4327-393b-53cbdfde----b9a4-aef900aa92ef,Kenneth Landry,20/09/2025,16:50:06
Knowby Examples,083f7bbe-afed-4459-9ef5-39e6d7a4e608,Short Term Rental: How to use our Oven,4327-393b-53cbdfde----b9a4-aef900aa92ef,Kenneth Landry,14/01/2025,14:28:30
Knowby Examples,083f7bbe-afed-4459-9ef5-39e6d7a4e608,Short Term Rental: How to use our Oven,4327-393b-53cbdfde----b9a4-aef900aa92ef,Kenneth Landry,14/01/2025,10:28:16
Knowby Examples,083f7bbe-afed-4459-9ef5-39e6d7a4e608,Short Term Rental: How to use our Oven,4327-393b-53cbdfde----b9a4-aef900aa92ef,Kenneth Landry,02/06/2025,17:47:56
Knowby Examples,083f7bbe-afed-4459-9ef5-39e6d7a4e608,Short Term Rental: How to use our Oven,44ed-a978-e8d990e2----8b3d-aef900a6bb99,Robert Perez,09/07/2025,15:29:36
Knowby Examples,083f7bbe-afed-4459-9ef5-39e6d7a4e608,Short Term Rental: How to use our Oven,44ed-a978-e8d990e2----8b3d-aef900a6bb99,Robert Perez,14/09/2025,17:53:29
Knowby Examples,9bd14ef7-f2fa-4201-bf26-42076e15a071,Change the Water Filter for the In-Room Coffee Machine,44ed-a978-e8d990e2----8b3d-aef900a6bb99,Robert Perez,31/08/2024,08:33:59
Knowby Examples,9bd14ef7-f2fa-4201-bf26-42076e15a071,Change the Water Filter for the In-Room Coffee Machine,44ed-a978-e8d990e2----8b3d-aef900a6bb99,Robert Perez,09/01/2024,11:48:57
Knowby Examples,9bd14ef7-f2fa-4201-bf26-42076e15a071,Change the Water Filter for the In-Room Coffee Machine,44ed-a978-e8d990e2----8b3d-aef900a6bb99,Robert Perez,09/07/2025,14:49:21
Knowby Examples,9bd14ef7-f2fa-4201-bf26-42076e15a071,Change the Water Filter for the In-Room Coffee Machine,44ed-a978-e8d990e2----8b3d-aef900a6bb99,Robert Perez,09/07/2025,09:05:14
Knowby Examples,9bd14ef7-f2fa-4201-bf26-42076e15a071,Change the Water Filter for the In-Room Coffee Machine,44ed-a978-e8d990e2----8b3d-aef900a6bb99,Robert Perez,27/09/2024,14:31:43
Knowby Examples,9bd14ef7-f2fa-4201-bf26-42076e15a071,Change the Water Filter for the In-Room Coffee Machine,4ed4-864f-db17168a----9128-a3c9ddb6e3ea,Carol Jones,07/10/2025,17:35:27
Knowby Examples,9bd14ef7-f2fa-4201-bf26-42076e15a071,Change the Water Filter for the In-Room Coffee Machine,4ed4-864f-db17168a----9128-a3c9ddb6e3ea,Carol Jones,07/10/2025,16:08:48
Knowby Examples,9bd14ef7-f2fa-4201-bf26-42076e15a071,Change the Water Filter for the In-Room Coffee Machine,4ed4-864f-db17168a----9128-a3c9ddb6e3ea,Carol Jones,07/10/2025,17:00:28
Knowby Examples,9bd14ef7-f2fa-4201-bf26-42076e15a071,Change the Water Filter for the In-Room Coffee Machine,4ed4-864f-db17168a----9128-a3c9ddb6e3ea,Carol Jones,07/10/2025,08:59:41
Knowby Examples,9bd14ef7-f2fa-4201-bf26-42076e15a071,Change the Water Filter for the In-Room Coffee Machine,4cb2-65da-696d957b----9f0d-54f7230f93ca,Andrew Mueller,21/03/2025,16:49:18
Knowby Examples,31d6a76e-0524-4bf6-a85b-a137aab63775,Connect Mower Attachment to Tractor,4327-393b-53cbdfde----b9a4-aef900aa92ef,Kenneth Landry,08/03/2025,11:05:47
Knowby Examples,31d6a76e-0524-4bf6-a85b-a137aab63775,Connect Mower Attachment to Tractor,4327-393b-53cbdfde----b9a4-aef900aa92ef,Kenneth Landry,14/09/2024,14:33:22
Knowby Examples,31d6a76e-0524-4bf6-a85b-a137aab63775,Connect Mower Attachment to Tractor,44ed-a978-e8d990e2----8b3d-aef900a6bb99,Robert Perez,30/08/2025,14:32:40
Knowby Examples,31d6a76e-0524-4bf6-a85b-a137aab63775,Connect Mower Attachment to Tractor,44ed-a978-e8d990e2----8b3d-aef900a6bb99,Robert Perez,31/08/2025,08:15:08
Knowby Examples,31d6a76e-0524-4bf6-a85b-a137aab63775,Connect Mower Attachment to Tractor,4ed4-864f-db17168a----9128-a3c9ddb6e3ea,Carol Jones,22/08/2025,17:36:52
Knowby Examples,31d6a76e-0524-4bf6-a85b-a137aab63775,Connect Mower Attachment to Tractor,4e42-3ecf-a947652f----8d8f-1b0d973d1bbf,Robert Taylor,02/11/2025,09:35:58
Knowby Examples,31d6a76e-0524-4bf6-a85b-a137aab63775,Connect Mower Attachment to Tractor,4d1a-2d52-b574cc8e----b6c0-af3b0075112b,Melanie Wilson,20/08/2024,17:44:46
Knowby Examples,31d6a76e-0524-4bf6-a85b-a137aab63775,Connect Mower Attachment to Tractor,4e42-3ecf-a947652f----8d8f-1b0d973d1bbf,Robert Taylor,21/02/2025,11:23:37
Knowby Examples,70f41eb9-b958-4039-89a3-97af3b13682e,Opening a Bottle of Wine with a Waiter's Corkscrew,4dd1-509e-67e290d9----bb68-afdb00c8af51,Cristian Gonzalez,08/04/2025,11:29:11
Knowby Examples,70f41eb9-b958-4039-89a3-97af3b13682e,Opening a Bottle of Wine with a Waiter's Corkscrew,4dd1-509e-67e290d9----bb68-afdb00c8af51,Cristian Gonzalez,16/08/2025,17:37:28
Knowby Examples,70f41eb9-b958-4039-89a3-97af3b13682e,Opening a Bottle of Wine with a Waiter's Corkscrew,4dd1-509e-67e290d9----bb68-afdb00c8af51,Cristian Gonzalez,21/08/2025,10:56:35
Knowby Examples,70f41eb9-b958-4039-89a3-97af3b13682e,Opening a Bottle of Wine with a Waiter's Corkscrew,4dd1-509e-67e290d9----bb68-afdb00c8af51,Cristian Gonzalez,24/08/2025,10:26:46
Knowby Examples,70f41eb9-b958-4039-89a3-97af3b13682e,Opening a Bottle of Wine with a Waiter's Corkscrew,4d2c-583f-adfb71a0----947b-af0c00af8d6b,Adriana Sanders,08/08/2025,12:32:50
Knowby Examples,70f41eb9-b958-4039-89a3-97af3b13682e,Opening a Bottle of Wine with a Waiter's Corkscrew,4d2c-583f-adfb71a0----947b-af0c00af8d6b,Adriana Sanders,08/09/2025,15:12:36
Knowby Examples,70f41eb9-b958-4039-89a3-97af3b13682e,Opening a Bottle of Wine with a Waiter's Corkscrew,4d2c-583f-adfb71a0----947b-af0c00af8d6b,Adriana Sanders,08/10/2025,08:24:14
Knowby Examples,70f41eb9-b958-4039-89a3-97af3b13682e,Opening a Bottle of Wine with a Waiter's Corkscrew,4d2c-583f-adfb71a0----947b-af0c00af8d6b,Adriana Sanders,08/12/2025,15:52:39
Knowby Examples,70f41eb9-b958-4039-89a3-97af3b13682e,Opening a Bottle of Wine with a Waiter's Corkscrew,4d2c-583f-adfb71a0----947b-af0c00af8d6b,Adriana Sanders,08/12/2025,08:19:49
Knowby Examples,70f41eb9-b958-4039-89a3-97af3b13682e,Opening a Bottle of Wine with a Waiter's Corkscrew,4d2c-583f-adfb71a0----947b-af0c00af8d6b,Adriana Sanders,15/08/2025,17:00:07
Knowby Examples,70f41eb9-b958-4039-89a3-97af3b13682e,Opening a Bottle of Wine with a Waiter's Corkscrew,4d2c-583f-adfb71a0----947b-af0c00af8d6b,Adriana Sanders,21/08/2024,15:10:56
Knowby Examples,70f41eb9-b958-4039-89a3-97af3b13682e,Opening a Bottle of Wine with a Waiter's Corkscrew,4d2c-583f-adfb71a0----947b-af0c00af8d6b,Adriana Sanders,21/08/2024,15:24:00
Knowby Examples,70f41eb9-b958-4039-89a3-97af3b13682e,Opening a Bottle of Wine with a Waiter's Corkscrew,4d2c-583f-adfb71a0----947b-af0c00af8d6b,Adriana Sanders,23/08/2025,13:33:54
Knowby Examples,70f41eb9-b958-4039-89a3-97af3b13682e,Opening a Bottle of Wine with a Waiter's Corkscrew,4d2c-583f-adfb71a0----947b-af0c00af8d6b,Adriana Sanders,24/08/2025,08:25:19
Knowby Examples,70f41eb9-b958-4039-89a3-97af3b13682e,Opening a Bottle of Wine with a Waiter's Corkscrew,4d2c-583f-adfb71a0----947b-af0c00af8d6b,Adriana Sanders,25/08/2025,14:15:05
Knowby Examples,70f41eb9-b958-4039-89a3-97af3b13682e,Opening a Bottle of Wine with a Waiter's Corkscrew,4d2c-583f-adfb71a0----947b-af0c00af8d6b,Adriana Sanders,26/08/2025,12:53:50
Knowby Examples,70f41eb9-b958-4039-89a3-97af3b13682e,Opening a Bottle of Wine with a Waiter's Corkscrew,4405-d6f6-e37511ad----906f-aefa00b1a961,Jeffrey Brown,25/08/2025,09:17:45
Knowby Examples,70f41eb9-b958-4039-89a3-97af3b13682e,Opening a Bottle of Wine with a Waiter's Corkscrew,4405-d6f6-e37511ad----906f-aefa00b1a961,Jeffrey Brown,20/09/2024,13:00:33
Knowby Examples,70f41eb9-b958-4039-89a3-97af3b13682e,Opening a Bottle of Wine with a Waiter's Corkscrew,4405-d6f6-e37511ad----906f-aefa00b1a961,Jeffrey Brown,20/09/2025,10:41:43
Knowby Examples,70f41eb9-b958-4039-89a3-97af3b13682e,Opening a Bottle of Wine with a Waiter's Corkscrew,4405-d6f6-e37511ad----906f-aefa00b1a961,Jeffrey Brown,27/09/2025,11:30:34
Knowby Examples,70f41eb9-b958-4039-89a3-97af3b13682e,Opening a Bottle of Wine with a Waiter's Corkscrew,411c-f567-2e4c7697----90d9-1cccc21596a3,Regina Evans,20/01/2025,10:56:32
Knowby Examples,70f41eb9-b958-4039-89a3-97af3b13682e,Opening a Bottle of Wine with a Waiter's Corkscrew,411c-f567-2e4c7697----90d9-1cccc21596a3,Regina Evans,21/01/2025,10:51:53
Knowby Examples,70f41eb9-b958-4039-89a3-97af3b13682e,Opening a Bottle of Wine with a Waiter's Corkscrew,4327-393b-53cbdfde----b9a4-aef900aa92ef,Kenneth Landry,21/08/2024,11:18:53
Knowby Examples,70f41eb9-b958-4039-89a3-97af3b13682e,Opening a Bottle of Wine with a Waiter's Corkscrew,44ed-a978-e8d990e2----8b3d-aef900a6bb99,Robert Perez,08/05/2025,15:04:39
Knowby Examples,70f41eb9-b958-4039-89a3-97af3b13682e,Opening a Bottle of Wine with a Waiter's Corkscrew,44ed-a978-e8d990e2----8b3d-aef900a6bb99,Robert Perez,19/08/2025,10:00:22
Knowby Examples,70f41eb9-b958-4039-89a3-97af3b13682e,Opening a Bottle of Wine with a Waiter's Corkscrew,44ed-a978-e8d990e2----8b3d-aef900a6bb99,Robert Perez,23/08/2025,08:31:48
Knowby Examples,70f41eb9-b958-4039-89a3-97af3b13682e,Opening a Bottle of Wine with a Waiter's Corkscrew,44ed-a978-e8d990e2----8b3d-aef900a6bb99,Robert Perez,25/08/2025,10:15:20
Knowby Examples,70f41eb9-b958-4039-89a3-97af3b13682e,Opening a Bottle of Wine with a Waiter's Corkscrew,44ed-a978-e8d990e2----8b3d-aef900a6bb99,Robert Perez,31/08/2025,14:03:13
Knowby Examples,70f41eb9-b958-4039-89a3-97af3b13682e,Opening a Bottle of Wine with a Waiter's Corkscrew,44ed-a978-e8d990e2----8b3d-aef900a6bb99,Robert Perez,09/02/2025,15:49:00
Knowby Examples,70f41eb9-b958-4039-89a3-97af3b13682e,Opening a Bottle of Wine with a Waiter's Corkscrew,44ed-a978-e8d990e2----8b3d-aef900a6bb99,Robert Perez,09/11/2025,12:52:17
Knowby Examples,70f41eb9-b958-4039-89a3-97af3b13682e,Opening a Bottle of Wine with a Waiter's Corkscrew,44ed-a978-e8d990e2----8b3d-aef900a6bb99,Robert Perez,14/09/2025,14:55:46
Knowby Examples,70f41eb9-b958-4039-89a3-97af3b13682e,Opening a Bottle of Wine with a Waiter's Corkscrew,44ed-a978-e8d990e2----8b3d-aef900a6bb99,Robert Perez,23/09/2024,17:37:00
Knowby Examples,70f41eb9-b958-4039-89a3-97af3b13682e,Opening a Bottle of Wine with a Waiter's Corkscrew,44ed-a978-e8d990e2----8b3d-aef900a6bb99,Robert Perez,29/10/2025,08:19:59
Knowby Examples,70f41eb9-b958-4039-89a3-97af3b13682e,Opening a Bottle of Wine with a Waiter's Corkscrew,44ed-a978-e8d990e2----8b3d-aef900a6bb99,Robert Perez,11/10/2025,09:30:41
Knowby Examples,70f41eb9-b958-4039-89a3-97af3b13682e,Opening a Bottle of Wine with a Waiter's Corkscrew,44ed-a978-e8d990e2----8b3d-aef900a6bb99,Robert Perez,12/08/2025,11:02:09
Knowby Examples,70f41eb9-b958-4039-89a3-97af3b13682e,Opening a Bottle of Wine with a Waiter's Corkscrew,44ed-a978-e8d990e2----8b3d-aef900a6bb99,Robert Perez,07/06/2025,14:47:13
Knowby Examples,70f41eb9-b958-4039-89a3-97af3b13682e,Opening a Bottle of Wine with a Waiter's Corkscrew,4ed4-864f-db17168a----9128-a3c9ddb6e3ea,Carol Jones,10/11/2025,09:32:00
Knowby Examples,70f41eb9-b958-4039-89a3-97af3b13682e,Opening a Bottle of Wine with a Waiter's Corkscrew,4ed4-864f-db17168a----9128-a3c9ddb6e3ea,Carol Jones,10/11/2024,15:37:03
Knowby Examples,70f41eb9-b958-4039-89a3-97af3b13682e,Opening a Bottle of Wine with a Waiter's Corkscrew,4ed4-864f-db17168a----9128-a3c9ddb6e3ea,Carol Jones,10/12/2024,12:39:02
Knowby Examples,70f41eb9-b958-4039-89a3-97af3b13682e,Opening a Bottle of Wine with a Waiter's Corkscrew,4ed4-864f-db17168a----9128-a3c9ddb6e3ea,Carol Jones,23/10/2024,12:13:38
Knowby Examples,70f41eb9-b958-4039-89a3-97af3b13682e,Opening a Bottle of Wine with a Waiter's Corkscrew,4d1a-2d52-b574cc8e----b6c0-af3b0075112b,Melanie Wilson,20/08/2025,15:28:30
Knowby Examples,70f41eb9-b958-4039-89a3-97af3b13682e,Opening a Bottle of Wine with a Waiter's Corkscrew,4d1a-2d52-b574cc8e----b6c0-af3b0075112b,Melanie Wilson,21/08/2025,11:39:20
Knowby Examples,70f41eb9-b958-4039-89a3-97af3b13682e,Opening a Bottle of Wine with a Waiter's Corkscrew,4dd1-509e-67e290d9----bb68-afdb00c8af51,Cristian Gonzalez,03/04/2025,17:06:53
Knowby Examples,70f41eb9-b958-4039-89a3-97af3b13682e,Opening a Bottle of Wine with a Waiter's Corkscrew,4dd1-509e-67e290d9----bb68-afdb00c8af51,Cristian Gonzalez,03/04/2025,16:00:49
Knowby Examples,a20fe5f5-a308-4368-9c35-8b7a378de389,Loader / Truck Interaction with Intelligent Detection,4dd1-509e-67e290d9----bb68-afdb00c8af51,Cristian Gonzalez,17/08/2024,16:51:02
Knowby Examples,a20fe5f5-a308-4368-9c35-8b7a378de389,Loader / Truck Interaction with Intelligent Detection,4dd1-509e-67e290d9----bb68-afdb00c8af51,Cristian Gonzalez,17/08/2025,08:23:57
Knowby Examples,a20fe5f5-a308-4368-9c35-8b7a378de389,Loader / Truck Interaction with Intelligent Detection,4405-d6f6-e37511ad----906f-aefa00b1a961,Jeffrey Brown,25/08/2024,13:00:07
Knowby Examples,a20fe5f5-a308-4368-9c35-8b7a378de389,Loader / Truck Interaction with Intelligent Detection,411c-f567-2e4c7697----90d9-1cccc21596a3,Regina Evans,14/08/2025,08:12:09
Knowby Examples,a20fe5f5-a308-4368-9c35-8b7a378de389,Loader / Truck Interaction with Intelligent Detection,411c-f567-2e4c7697----90d9-1cccc21596a3,Regina Evans,10/07/2024,13:51:53
Knowby Examples,a20fe5f5-a308-4368-9c35-8b7a378de389,Loader / Truck Interaction with Intelligent Detection,411c-f567-2e4c7697----90d9-1cccc21596a3,Regina Evans,21/01/2025,11:02:32
Knowby Examples,a20fe5f5-a308-4368-9c35-8b7a378de389,Loader / Truck Interaction with Intelligent Detection,44ed-a978-e8d990e2----8b3d-aef900a6bb99,Robert Perez,18/08/2025,09:22:48
Knowby Examples,a20fe5f5-a308-4368-9c35-8b7a378de389,Loader / Truck Interaction with Intelligent Detection,44ed-a978-e8d990e2----8b3d-aef900a6bb99,Robert Perez,19/08/2025,14:25:28
Knowby Examples,a20fe5f5-a308-4368-9c35-8b7a378de389,Loader / Truck Interaction with Intelligent Detection,44ed-a978-e8d990e2----8b3d-aef900a6bb99,Robert Perez,22/08/2025,16:12:18
Knowby Examples,a20fe5f5-a308-4368-9c35-8b7a378de389,Loader / Truck Interaction with Intelligent Detection,44ed-a978-e8d990e2----8b3d-aef900a6bb99,Robert Perez,23/08/2024,12:14:09
Knowby Examples,a20fe5f5-a308-4368-9c35-8b7a378de389,Loader / Truck Interaction with Intelligent Detection,44ed-a978-e8d990e2----8b3d-aef900a6bb99,Robert Perez,30/08/2025,16:08:41
Knowby Examples,a20fe5f5-a308-4368-9c35-8b7a378de389,Loader / Truck Interaction with Intelligent Detection,44ed-a978-e8d990e2----8b3d-aef900a6bb99,Robert Perez,31/08/2025,13:47:31
Knowby Examples,a20fe5f5-a308-4368-9c35-8b7a378de389,Loader / Truck Interaction with Intelligent Detection,461a-a7ab-cd6791bf----a425-ad2b7c56ee35,Rebecca Walker,28/10/2025,15:18:24
Knowby Examples,a20fe5f5-a308-4368-9c35-8b7a378de389,Loader / Truck Interaction with Intelligent Detection,4ed4-864f-db17168a----9128-a3c9ddb6e3ea,Carol Jones,22/08/2025,09:41:07
Knowby Examples,a20fe5f5-a308-4368-9c35-8b7a378de389,Loader / Truck Interaction with Intelligent Detection,4ed4-864f-db17168a----9128-a3c9ddb6e3ea,Carol Jones,31/08/2025,09:55:48
Knowby Examples,a20fe5f5-a308-4368-9c35-8b7a378de389,Loader / Truck Interaction with Intelligent Detection,4ed4-864f-db17168a----9128-a3c9ddb6e3ea,Carol Jones,31/08/2025,14:48:37
Knowby Examples,a9b4a95b-f06e-4c05-a896-ea8c3982d5d5,LiveHeats - Create an Organisation,4dd1-509e-67e290d9----bb68-afdb00c8af51,Cristian Gonzalez,21/08/2025,09:53:27
Knowby Examples,a9b4a95b-f06e-4c05-a896-ea8c3982d5d5,LiveHeats - Create an Organisation,4dd1-509e-67e290d9----bb68-afdb00c8af51,Cristian Gonzalez,23/08/2025,17:42:08
Knowby Examples,a9b4a95b-f06e-4c05-a896-ea8c3982d5d5,LiveHeats - Create an Organisation,4405-d6f6-e37511ad----906f-aefa00b1a961,Jeffrey Brown,25/08/2024,11:37:00
Knowby Examples,a9b4a95b-f06e-4c05-a896-ea8c3982d5d5,LiveHeats - Create an Organisation,44ed-a978-e8d990e2----8b3d-aef900a6bb99,Robert Perez,31/08/2025,11:54:32
Knowby Examples,a9b4a95b-f06e-4c05-a896-ea8c3982d5d5,LiveHeats - Create an Organisation,44ed-a978-e8d990e2----8b3d-aef900a6bb99,Robert Perez,11/08/2025,15:31:04
Knowby Examples,a9b4a95b-f06e-4c05-a896-ea8c3982d5d5,LiveHeats - Create an Organisation,4ed4-864f-db17168a----9128-a3c9ddb6e3ea,Carol Jones,21/08/2025,15:26:52
Knowby Examples,a9b4a95b-f06e-4c05-a896-ea8c3982d5d5,LiveHeats - Create an Organisation,4ed4-864f-db17168a----9128-a3c9ddb6e3ea,Carol Jones,31/08/2025,17:22:52
Knowby Examples,55c00c61-de83-46cc-bd1e-4cbee334d681,How to Carry Multiple Dinner Plates,400d-dbe2-f01d079d----af6e-af3d005280aa,Rhonda Evans,19/09/2025,14:30:01
Knowby Examples,55c00c61-de83-46cc-bd1e-4cbee334d681,How to Carry Multiple Dinner Plates,400d-dbe2-f01d079d----af6e-af3d005280aa,Rhonda Evans,05/07/2025,13:18:40
Knowby Examples,55c00c61-de83-46cc-bd1e-4cbee334d681,How to Carry Multiple Dinner Plates,4dd1-509e-67e290d9----bb68-afdb00c8af51,Cristian Gonzalez,22/08/2024,16:59:10
Knowby Examples,55c00c61-de83-46cc-bd1e-4cbee334d681,How to Carry Multiple Dinner Plates,4dd1-509e-67e290d9----bb68-afdb00c8af51,Cristian Gonzalez,21/12/2024,16:21:23
Knowby Examples,55c00c61-de83-46cc-bd1e-4cbee334d681,How to Carry Multiple Dinner Plates,4405-d6f6-e37511ad----906f-aefa00b1a961,Jeffrey Brown,25/08/2025,17:05:21
Knowby Examples,55c00c61-de83-46cc-bd1e-4cbee334d681,How to Carry Multiple Dinner Plates,44ed-a978-e8d990e2----8b3d-aef900a6bb99,Robert Perez,23/08/2025,11:10:43
Knowby Examples,55c00c61-de83-46cc-bd1e-4cbee334d681,How to Carry Multiple Dinner Plates,44ed-a978-e8d990e2----8b3d-aef900a6bb99,Robert Perez,23/08/2025,16:57:12
Knowby Examples,55c00c61-de83-46cc-bd1e-4cbee334d681,How to Carry Multiple Dinner Plates,44ed-a978-e8d990e2----8b3d-aef900a6bb99,Robert Perez,30/08/2025,13:22:45
Knowby Examples,55c00c61-de83-46cc-bd1e-4cbee334d681,How to Carry Multiple Dinner Plates,44ed-a978-e8d990e2----8b3d-aef900a6bb99,Robert Perez,31/08/2025,15:20:32
Knowby Examples,55c00c61-de83-46cc-bd1e-4cbee334d681,How to Carry Multiple Dinner Plates,4ed4-864f-db17168a----9128-a3c9ddb6e3ea,Carol Jones,22/08/2025,14:24:16
Knowby Examples,55c00c61-de83-46cc-bd1e-4cbee334d681,How to Carry Multiple Dinner Plates,4ed4-864f-db17168a----9128-a3c9ddb6e3ea,Carol Jones,22/08/2025,09:14:25
Knowby Examples,55c00c61-de83-46cc-bd1e-4cbee334d681,How to Carry Multiple Dinner Plates,4ed4-864f-db17168a----9128-a3c9ddb6e3ea,Carol Jones,22/08/2025,11:48:04
Knowby Examples,55c00c61-de83-46cc-bd1e-4cbee334d681,How to Carry Multiple Dinner Plates,4ed4-864f-db17168a----9128-a3c9ddb6e3ea,Carol Jones,22/08/2025,16:17:25
Knowby Examples,55c00c61-de83-46cc-bd1e-4cbee334d681,How to Carry Multiple Dinner Plates,4ed4-864f-db17168a----9128-a3c9ddb6e3ea,Carol Jones,22/08/2025,13:16:46
Knowby Examples,55c00c61-de83-46cc-bd1e-4cbee334d681,How to Carry Multiple Dinner Plates,4ed4-864f-db17168a----9128-a3c9ddb6e3ea,Carol Jones,22/08/2025,17:56:08
Knowby Examples,55c00c61-de83-46cc-bd1e-4cbee334d681,How to Carry Multiple Dinner Plates,4ed4-864f-db17168a----9128-a3c9ddb6e3ea,Carol Jones,22/08/2024,12:48:01
Knowby Examples,55c00c61-de83-46cc-bd1e-4cbee334d681,How to Carry Multiple Dinner Plates,4ed4-864f-db17168a----9128-a3c9ddb6e3ea,Carol Jones,22/08/2025,10:51:14
Knowby Examples,55c00c61-de83-46cc-bd1e-4cbee334d681,How to Carry Multiple Dinner Plates,4ed4-864f-db17168a----9128-a3c9ddb6e3ea,Carol Jones,22/08/2025,11:52:42
Knowby Examples,55c00c61-de83-46cc-bd1e-4cbee334d681,How to Carry Multiple Dinner Plates,4ed4-864f-db17168a----9128-a3c9ddb6e3ea,Carol Jones,22/08/2025,13:53:36
Knowby Examples,55c00c61-de83-46cc-bd1e-4cbee334d681,How to Carry Multiple Dinner Plates,4ed4-864f-db17168a----9128-a3c9ddb6e3ea,Carol Jones,22/08/2025,17:29:47
Knowby Examples,55c00c61-de83-46cc-bd1e-4cbee334d681,How to Carry Multiple Dinner Plates,4ed4-864f-db17168a----9128-a3c9ddb6e3ea,Carol Jones,22/08/2024,09:15:54
Knowby Examples,55c00c61-de83-46cc-bd1e-4cbee334d681,How to Carry Multiple Dinner Plates,4ed4-864f-db17168a----9128-a3c9ddb6e3ea,Carol Jones,23/08/2025,12:49:02
Knowby Examples,55c00c61-de83-46cc-bd1e-4cbee334d681,How to Carry Multiple Dinner Plates,4ed4-864f-db17168a----9128-a3c9ddb6e3ea,Carol Jones,25/08/2025,13:47:58
Knowby Examples,55c00c61-de83-46cc-bd1e-4cbee334d681,How to Carry Multiple Dinner Plates,4ed4-864f-db17168a----9128-a3c9ddb6e3ea,Carol Jones,25/08/2024,13:38:43
Knowby Examples,55c00c61-de83-46cc-bd1e-4cbee334d681,How to Carry Multiple Dinner Plates,4ed4-864f-db17168a----9128-a3c9ddb6e3ea,Carol Jones,19/09/2024,14:47:17
Knowby Examples,55c00c61-de83-46cc-bd1e-4cbee334d681,How to Carry Multiple Dinner Plates,4ed4-864f-db17168a----9128-a3c9ddb6e3ea,Carol Jones,16/02/2025,13:10:46
Knowby Examples,55c00c61-de83-46cc-bd1e-4cbee334d681,How to Carry Multiple Dinner Plates,4e42-3ecf-a947652f----8d8f-1b0d973d1bbf,Robert Taylor,02/12/2024,10:15:34
Knowby Examples,55c00c61-de83-46cc-bd1e-4cbee334d681,How to Carry Multiple Dinner Plates,4e42-3ecf-a947652f----8d8f-1b0d973d1bbf,Robert Taylor,02/12/2025,16:52:32
Knowby Examples,d20dbad6-f056-4e4d-a61f-e36ea35449c8,Setting up a Drinks or Desserts Cart,4dd1-509e-67e290d9----bb68-afdb00c8af51,Cristian Gonzalez,24/08/2025,14:26:53
Knowby Examples,d20dbad6-f056-4e4d-a61f-e36ea35449c8,Setting up a Drinks or Desserts Cart,4dd1-509e-67e290d9----bb68-afdb00c8af51,Cristian Gonzalez,25/08/2025,13:54:55
Knowby Examples,d20dbad6-f056-4e4d-a61f-e36ea35449c8,Setting up a Drinks or Desserts Cart,4dd1-509e-67e290d9----bb68-afdb00c8af51,Cristian Gonzalez,25/08/2025,13:07:11
Knowby Examples,d20dbad6-f056-4e4d-a61f-e36ea35449c8,Setting up a Drinks or Desserts Cart,4405-d6f6-e37511ad----906f-aefa00b1a961,Jeffrey Brown,25/08/2025,16:55:46
Knowby Examples,d20dbad6-f056-4e4d-a61f-e36ea35449c8,Setting up a Drinks or Desserts Cart,44ed-a978-e8d990e2----8b3d-aef900a6bb99,Robert Perez,24/08/2024,11:50:40
Knowby Examples,d20dbad6-f056-4e4d-a61f-e36ea35449c8,Setting up a Drinks or Desserts Cart,44ed-a978-e8d990e2----8b3d-aef900a6bb99,Robert Perez,26/08/2025,13:15:55
Knowby Examples,d20dbad6-f056-4e4d-a61f-e36ea35449c8,Setting up a Drinks or Desserts Cart,44ed-a978-e8d990e2----8b3d-aef900a6bb99,Robert Perez,31/08/2025,10:25:03
Knowby Examples,d20dbad6-f056-4e4d-a61f-e36ea35449c8,Setting up a Drinks or Desserts Cart,4ed4-864f-db17168a----9128-a3c9ddb6e3ea,Carol Jones,23/08/2025,09:31:38
Knowby Examples,d20dbad6-f056-4e4d-a61f-e36ea35449c8,Setting up a Drinks or Desserts Cart,4ed4-864f-db17168a----9128-a3c9ddb6e3ea,Carol Jones,23/08/2025,11:40:52
Knowby Examples,d20dbad6-f056-4e4d-a61f-e36ea35449c8,Setting up a Drinks or Desserts Cart,4ed4-864f-db17168a----9128-a3c9ddb6e3ea,Carol Jones,24/08/2024,12:44:00
Knowby Examples,d20dbad6-f056-4e4d-a61f-e36ea35449c8,Setting up a Drinks or Desserts Cart,4ed4-864f-db17168a----9128-a3c9ddb6e3ea,Carol Jones,24/08/2025,15:37:03
Knowby Examples,d20dbad6-f056-4e4d-a61f-e36ea35449c8,Setting up a Drinks or Desserts Cart,4ed4-864f-db17168a----9128-a3c9ddb6e3ea,Carol Jones,25/08/2025,11:54:06
Knowby Examples,d20dbad6-f056-4e4d-a61f-e36ea35449c8,Setting up a Drinks or Desserts Cart,4ed4-864f-db17168a----9128-a3c9ddb6e3ea,Carol Jones,25/08/2025,10:31:36
Knowby Examples,b0c7512b-0892-48f2-9b84-3f112ebb8078,9 Steps to Safer Manual Handling,4dd1-509e-67e290d9----bb68-afdb00c8af51,Cristian Gonzalez,08/01/2025,14:50:18
Knowby Examples,b0c7512b-0892-48f2-9b84-3f112ebb8078,9 Steps to Safer Manual Handling,4dd1-509e-67e290d9----bb68-afdb00c8af51,Cristian Gonzalez,25/08/2025,11:12:12
Knowby Examples,b0c7512b-0892-48f2-9b84-3f112ebb8078,9 Steps to Safer Manual Handling,4d2c-583f-adfb71a0----947b-af0c00af8d6b,Adriana Sanders,24/08/2025,14:06:49
Knowby Examples,b0c7512b-0892-48f2-9b84-3f112ebb8078,9 Steps to Safer Manual Handling,4ea3-2234-ee1de7e0----99b4-aefa00ae2eab,William Wilkinson,08/08/2025,12:14:55
Knowby Examples,b0c7512b-0892-48f2-9b84-3f112ebb8078,9 Steps to Safer Manual Handling,4327-393b-53cbdfde----b9a4-aef900aa92ef,Kenneth Landry,08/03/2025,11:19:54
Knowby Examples,b0c7512b-0892-48f2-9b84-3f112ebb8078,9 Steps to Safer Manual Handling,44ed-a978-e8d990e2----8b3d-aef900a6bb99,Robert Perez,08/02/2025,12:32:41
Knowby Examples,b0c7512b-0892-48f2-9b84-3f112ebb8078,9 Steps to Safer Manual Handling,44ed-a978-e8d990e2----8b3d-aef900a6bb99,Robert Perez,08/03/2024,11:18:05
Knowby Examples,b0c7512b-0892-48f2-9b84-3f112ebb8078,9 Steps to Safer Manual Handling,44ed-a978-e8d990e2----8b3d-aef900a6bb99,Robert Perez,30/08/2025,15:56:44
Knowby Examples,b0c7512b-0892-48f2-9b84-3f112ebb8078,9 Steps to Safer Manual Handling,4ed4-864f-db17168a----9128-a3c9ddb6e3ea,Carol Jones,10/11/2025,08:34:55
Knowby Examples,b0c7512b-0892-48f2-9b84-3f112ebb8078,9 Steps to Safer Manual Handling,4ed4-864f-db17168a----9128-a3c9ddb6e3ea,Carol Jones,23/10/2025,09:25:44
Knowby Examples,3dcbfec3-7ee4-4e62-9005-6cf2ae3136b4,Stir Drinks using a Bar Spoon,4dd1-509e-67e290d9----bb68-afdb00c8af51,Cristian Gonzalez,28/08/2025,10:59:43
Knowby Examples,3dcbfec3-7ee4-4e62-9005-6cf2ae3136b4,Stir Drinks using a Bar Spoon,4405-d6f6-e37511ad----906f-aefa00b1a961,Jeffrey Brown,26/09/2025,17:55:53
Knowby Examples,3dcbfec3-7ee4-4e62-9005-6cf2ae3136b4,Stir Drinks using a Bar Spoon,44ed-a978-e8d990e2----8b3d-aef900a6bb99,Robert Perez,26/08/2025,10:20:25
Knowby Examples,3dcbfec3-7ee4-4e62-9005-6cf2ae3136b4,Stir Drinks using a Bar Spoon,44ed-a978-e8d990e2----8b3d-aef900a6bb99,Robert Perez,09/01/2025,14:27:57
Knowby Examples,3dcbfec3-7ee4-4e62-9005-6cf2ae3136b4,Stir Drinks using a Bar Spoon,44ed-a978-e8d990e2----8b3d-aef900a6bb99,Robert Perez,09/01/2025,11:42:38
Knowby Examples,3dcbfec3-7ee4-4e62-9005-6cf2ae3136b4,Stir Drinks using a Bar Spoon,44ed-a978-e8d990e2----8b3d-aef900a6bb99,Robert Perez,09/07/2024,08:11:43
Knowby Examples,3dcbfec3-7ee4-4e62-9005-6cf2ae3136b4,Stir Drinks using a Bar Spoon,4ed4-864f-db17168a----9128-a3c9ddb6e3ea,Carol Jones,25/08/2025,11:34:37
Knowby Examples,3dcbfec3-7ee4-4e62-9005-6cf2ae3136b4,Stir Drinks using a Bar Spoon,4ed4-864f-db17168a----9128-a3c9ddb6e3ea,Carol Jones,25/08/2025,14:02:43
Knowby Examples,3dcbfec3-7ee4-4e62-9005-6cf2ae3136b4,Stir Drinks using a Bar Spoon,4ed4-864f-db17168a----9128-a3c9ddb6e3ea,Carol Jones,28/08/2025,15:30:11
Knowby Examples,3dcbfec3-7ee4-4e62-9005-6cf2ae3136b4,Stir Drinks using a Bar Spoon,4ed4-864f-db17168a----9128-a3c9ddb6e3ea,Carol Jones,28/08/2025,13:29:17
Knowby Examples,3dcbfec3-7ee4-4e62-9005-6cf2ae3136b4,Stir Drinks using a Bar Spoon,4ed4-864f-db17168a----9128-a3c9ddb6e3ea,Carol Jones,28/08/2024,10:41:38
Knowby Examples,3dcbfec3-7ee4-4e62-9005-6cf2ae3136b4,Stir Drinks using a Bar Spoon,4ed4-864f-db17168a----9128-a3c9ddb6e3ea,Carol Jones,28/08/2024,14:42:18
Knowby Examples,3dcbfec3-7ee4-4e62-9005-6cf2ae3136b4,Stir Drinks using a Bar Spoon,4ed4-864f-db17168a----9128-a3c9ddb6e3ea,Carol Jones,28/08/2025,08:50:55
Knowby Examples,3dcbfec3-7ee4-4e62-9005-6cf2ae3136b4,Stir Drinks using a Bar Spoon,4ed4-864f-db17168a----9128-a3c9ddb6e3ea,Carol Jones,13/10/2024,14:12:11
Knowby Examples,3de9b3ca-c10d-41ae-ba13-28980211fee1,How to Shake Drinks,4dd1-509e-67e290d9----bb68-afdb00c8af51,Cristian Gonzalez,28/08/2025,15:41:27
Knowby Examples,3de9b3ca-c10d-41ae-ba13-28980211fee1,How to Shake Drinks,44ed-a978-e8d990e2----8b3d-aef900a6bb99,Robert Perez,29/08/2025,13:01:45
Knowby Examples,3de9b3ca-c10d-41ae-ba13-28980211fee1,How to Shake Drinks,44ed-a978-e8d990e2----8b3d-aef900a6bb99,Robert Perez,09/01/2025,14:43:23
Knowby Examples,3de9b3ca-c10d-41ae-ba13-28980211fee1,How to Shake Drinks,44ed-a978-e8d990e2----8b3d-aef900a6bb99,Robert Perez,09/01/2025,17:58:41
Knowby Examples,3de9b3ca-c10d-41ae-ba13-28980211fee1,How to Shake Drinks,4ed4-864f-db17168a----9128-a3c9ddb6e3ea,Carol Jones,26/08/2025,14:48:30
Knowby Examples,3de9b3ca-c10d-41ae-ba13-28980211fee1,How to Shake Drinks,4ed4-864f-db17168a----9128-a3c9ddb6e3ea,Carol Jones,26/08/2025,10:55:32
Knowby Examples,3de9b3ca-c10d-41ae-ba13-28980211fee1,How to Shake Drinks,4ed4-864f-db17168a----9128-a3c9ddb6e3ea,Carol Jones,28/08/2025,11:17:14
Knowby Examples,3de9b3ca-c10d-41ae-ba13-28980211fee1,How to Shake Drinks,4ed4-864f-db17168a----9128-a3c9ddb6e3ea,Carol Jones,28/08/2024,16:15:04
Knowby Examples,3de9b3ca-c10d-41ae-ba13-28980211fee1,How to Shake Drinks,4ed4-864f-db17168a----9128-a3c9ddb6e3ea,Carol Jones,28/08/2024,14:57:43
Knowby Examples,3de9b3ca-c10d-41ae-ba13-28980211fee1,How to Shake Drinks,4ed4-864f-db17168a----9128-a3c9ddb6e3ea,Carol Jones,28/08/2024,13:26:09
Knowby Examples,3de9b3ca-c10d-41ae-ba13-28980211fee1,How to Shake Drinks,4d1a-2d52-b574cc8e----b6c0-af3b0075112b,Melanie Wilson,30/08/2025,17:59:58
Knowby Examples,78122a0d-18f0-4f88-a4b4-d6a359f92dd1,Simple Ways to Fold a Towel,4dd1-509e-67e290d9----bb68-afdb00c8af51,Cristian Gonzalez,28/08/2025,13:00:31
Knowby Examples,78122a0d-18f0-4f88-a4b4-d6a359f92dd1,Simple Ways to Fold a Towel,4dd1-509e-67e290d9----bb68-afdb00c8af51,Cristian Gonzalez,28/08/2025,11:14:56
Knowby Examples,78122a0d-18f0-4f88-a4b4-d6a359f92dd1,Simple Ways to Fold a Towel,4dd1-509e-67e290d9----bb68-afdb00c8af51,Cristian Gonzalez,09/05/2025,12:53:39
Knowby Examples,78122a0d-18f0-4f88-a4b4-d6a359f92dd1,Simple Ways to Fold a Towel,44ed-a978-e8d990e2----8b3d-aef900a6bb99,Robert Perez,26/08/2025,17:30:46
Knowby Examples,78122a0d-18f0-4f88-a4b4-d6a359f92dd1,Simple Ways to Fold a Towel,44ed-a978-e8d990e2----8b3d-aef900a6bb99,Robert Perez,31/08/2025,12:40:18
Knowby Examples,78122a0d-18f0-4f88-a4b4-d6a359f92dd1,Simple Ways to Fold a Towel,44ed-a978-e8d990e2----8b3d-aef900a6bb99,Robert Perez,09/01/2025,12:23:10
Knowby Examples,78122a0d-18f0-4f88-a4b4-d6a359f92dd1,Simple Ways to Fold a Towel,44ed-a978-e8d990e2----8b3d-aef900a6bb99,Robert Perez,19/09/2024,14:10:15
Knowby Examples,78122a0d-18f0-4f88-a4b4-d6a359f92dd1,Simple Ways to Fold a Towel,4ed4-864f-db17168a----9128-a3c9ddb6e3ea,Carol Jones,25/08/2025,10:25:21
Knowby Examples,78122a0d-18f0-4f88-a4b4-d6a359f92dd1,Simple Ways to Fold a Towel,4ed4-864f-db17168a----9128-a3c9ddb6e3ea,Carol Jones,25/08/2025,12:09:23
Knowby Examples,78122a0d-18f0-4f88-a4b4-d6a359f92dd1,Simple Ways to Fold a Towel,4ed4-864f-db17168a----9128-a3c9ddb6e3ea,Carol Jones,25/08/2025,16:09:29
Knowby Examples,78122a0d-18f0-4f88-a4b4-d6a359f92dd1,Simple Ways to Fold a Towel,4ed4-864f-db17168a----9128-a3c9ddb6e3ea,Carol Jones,25/08/2025,16:05:19
Knowby Examples,78122a0d-18f0-4f88-a4b4-d6a359f92dd1,Simple Ways to Fold a Towel,4ed4-864f-db17168a----9128-a3c9ddb6e3ea,Carol Jones,28/08/2024,12:24:41
Knowby Examples,78122a0d-18f0-4f88-a4b4-d6a359f92dd1,Simple Ways to Fold a Towel,4ed4-864f-db17168a----9128-a3c9ddb6e3ea,Carol Jones,10/11/2024,12:11:33
Knowby Examples,78122a0d-18f0-4f88-a4b4-d6a359f92dd1,Simple Ways to Fold a Towel,4ed4-864f-db17168a----9128-a3c9ddb6e3ea,Carol Jones,10/12/2025,08:20:37
Knowby Examples,9ed03068-682b-4a18-82d1-a5c5489943b3,Operating the Treadmill,4dd1-509e-67e290d9----bb68-afdb00c8af51,Cristian Gonzalez,28/08/2025,12:54:22
Knowby Examples,9ed03068-682b-4a18-82d1-a5c5489943b3,Operating the Treadmill,4dd1-509e-67e290d9----bb68-afdb00c8af51,Cristian Gonzalez,28/08/2025,13:03:15
Knowby Examples,9ed03068-682b-4a18-82d1-a5c5489943b3,Operating the Treadmill,4dd1-509e-67e290d9----bb68-afdb00c8af51,Cristian Gonzalez,28/08/2025,08:00:58
Knowby Examples,9ed03068-682b-4a18-82d1-a5c5489943b3,Operating the Treadmill,4dd1-509e-67e290d9----bb68-afdb00c8af51,Cristian Gonzalez,28/08/2024,09:38:20
Knowby Examples,9ed03068-682b-4a18-82d1-a5c5489943b3,Operating the Treadmill,4dd1-509e-67e290d9----bb68-afdb00c8af51,Cristian Gonzalez,29/08/2025,15:25:50
Knowby Examples,9ed03068-682b-4a18-82d1-a5c5489943b3,Operating the Treadmill,4dd1-509e-67e290d9----bb68-afdb00c8af51,Cristian Gonzalez,29/08/2025,13:46:46
Knowby Examples,9ed03068-682b-4a18-82d1-a5c5489943b3,Operating the Treadmill,4dd1-509e-67e290d9----bb68-afdb00c8af51,Cristian Gonzalez,09/05/2025,11:52:28
Knowby Examples,9ed03068-682b-4a18-82d1-a5c5489943b3,Operating the Treadmill,4327-393b-53cbdfde----b9a4-aef900aa92ef,Kenneth Landry,30/08/2025,17:18:34
Knowby Examples,9ed03068-682b-4a18-82d1-a5c5489943b3,Operating the Treadmill,4327-393b-53cbdfde----b9a4-aef900aa92ef,Kenneth Landry,31/08/2025,13:32:39
Knowby Examples,9ed03068-682b-4a18-82d1-a5c5489943b3,Operating the Treadmill,4327-393b-53cbdfde----b9a4-aef900aa92ef,Kenneth Landry,09/01/2025,12:02:36
Knowby Examples,9ed03068-682b-4a18-82d1-a5c5489943b3,Operating the Treadmill,44ed-a978-e8d990e2----8b3d-aef900a6bb99,Robert Perez,31/08/2025,10:48:46
Knowby Examples,9ed03068-682b-4a18-82d1-a5c5489943b3,Operating the Treadmill,44ed-a978-e8d990e2----8b3d-aef900a6bb99,Robert Perez,31/08/2025,14:20:57
Knowby Examples,9ed03068-682b-4a18-82d1-a5c5489943b3,Operating the Treadmill,44ed-a978-e8d990e2----8b3d-aef900a6bb99,Robert Perez,09/01/2024,15:29:50
Knowby Examples,9ed03068-682b-4a18-82d1-a5c5489943b3,Operating the Treadmill,44ed-a978-e8d990e2----8b3d-aef900a6bb99,Robert Perez,09/01/2025,13:18:00
Knowby Examples,9ed03068-682b-4a18-82d1-a5c5489943b3,Operating the Treadmill,4ed4-864f-db17168a----9128-a3c9ddb6e3ea,Carol Jones,28/08/2025,15:38:18
Knowby Examples,9ed03068-682b-4a18-82d1-a5c5489943b3,Operating the Treadmill,4ed4-864f-db17168a----9128-a3c9ddb6e3ea,Carol Jones,28/08/2025,10:13:30
Knowby Examples,9ed03068-682b-4a18-82d1-a5c5489943b3,Operating the Treadmill,4ed4-864f-db17168a----9128-a3c9ddb6e3ea,Carol Jones,28/08/2025,12:02:07
Knowby Examples,9ed03068-682b-4a18-82d1-a5c5489943b3,Operating the Treadmill,4ed4-864f-db17168a----9128-a3c9ddb6e3ea,Carol Jones,28/08/2025,13:37:03
Knowby Examples,9ed03068-682b-4a18-82d1-a5c5489943b3,Operating the Treadmill,4ed4-864f-db17168a----9128-a3c9ddb6e3ea,Carol Jones,28/08/2025,09:55:39
Knowby Examples,9ed03068-682b-4a18-82d1-a5c5489943b3,Operating the Treadmill,4ed4-864f-db17168a----9128-a3c9ddb6e3ea,Carol Jones,28/08/2025,17:18:11
Knowby Examples,9ed03068-682b-4a18-82d1-a5c5489943b3,Operating the Treadmill,4ed4-864f-db17168a----9128-a3c9ddb6e3ea,Carol Jones,28/08/2025,15:39:56
Knowby Examples,9ed03068-682b-4a18-82d1-a5c5489943b3,Operating the Treadmill,4ed4-864f-db17168a----9128-a3c9ddb6e3ea,Carol Jones,29/08/2025,12:22:59
Knowby Examples,9ed03068-682b-4a18-82d1-a5c5489943b3,Operating the Treadmill,4ed4-864f-db17168a----9128-a3c9ddb6e3ea,Carol Jones,30/08/2025,17:17:41
Knowby Examples,9ed03068-682b-4a18-82d1-a5c5489943b3,Operating the Treadmill,4ed4-864f-db17168a----9128-a3c9ddb6e3ea,Carol Jones,10/11/2025,15:29:03
Knowby Examples,9ed03068-682b-4a18-82d1-a5c5489943b3,Operating the Treadmill,4ed4-864f-db17168a----9128-a3c9ddb6e3ea,Carol Jones,13/10/2025,11:29:04
Knowby Examples,9ed03068-682b-4a18-82d1-a5c5489943b3,Operating the Treadmill,4ed4-864f-db17168a----9128-a3c9ddb6e3ea,Carol Jones,13/10/2024,15:28:53
Knowby Examples,9ed03068-682b-4a18-82d1-a5c5489943b3,Operating the Treadmill,4e42-3ecf-a947652f----8d8f-1b0d973d1bbf,Robert Taylor,14/02/2025,15:11:48
Knowby Examples,9ed03068-682b-4a18-82d1-a5c5489943b3,Operating the Treadmill,4e42-3ecf-a947652f----8d8f-1b0d973d1bbf,Robert Taylor,14/02/2025,14:57:49
Knowby Examples,c4a14f0f-e7c8-4644-abcc-ba6892b8809d,Desk Ergonomics Setup,4dd1-509e-67e290d9----bb68-afdb00c8af51,Cristian Gonzalez,31/08/2025,10:28:58
Knowby Examples,c4a14f0f-e7c8-4644-abcc-ba6892b8809d,Desk Ergonomics Setup,4dd1-509e-67e290d9----bb68-afdb00c8af51,Cristian Gonzalez,09/07/2025,10:27:24
Knowby Examples,c4a14f0f-e7c8-4644-abcc-ba6892b8809d,Desk Ergonomics Setup,4dd1-509e-67e290d9----bb68-afdb00c8af51,Cristian Gonzalez,19/09/2025,09:03:03
Knowby Examples,c4a14f0f-e7c8-4644-abcc-ba6892b8809d,Desk Ergonomics Setup,4dd1-509e-67e290d9----bb68-afdb00c8af51,Cristian Gonzalez,10/11/2025,13:04:11
Knowby Examples,c4a14f0f-e7c8-4644-abcc-ba6892b8809d,Desk Ergonomics Setup,4405-d6f6-e37511ad----906f-aefa00b1a961,Jeffrey Brown,10/03/2025,12:28:21
Knowby Examples,c4a14f0f-e7c8-4644-abcc-ba6892b8809d,Desk Ergonomics Setup,48fc-570a-dbd3e909----bad2-525647cdf75e,Jonathan Lopez,27/09/2025,08:03:42
Knowby Examples,c4a14f0f-e7c8-4644-abcc-ba6892b8809d,Desk Ergonomics Setup,44ed-a978-e8d990e2----8b3d-aef900a6bb99,Robert Perez,09/01/2025,10:44:27
Knowby Examples,c4a14f0f-e7c8-4644-abcc-ba6892b8809d,Desk Ergonomics Setup,44ed-a978-e8d990e2----8b3d-aef900a6bb99,Robert Perez,17/10/2025,16:20:42
Knowby Examples,c4a14f0f-e7c8-4644-abcc-ba6892b8809d,Desk Ergonomics Setup,4ed4-864f-db17168a----9128-a3c9ddb6e3ea,Carol Jones,31/08/2025,14:30:37
Knowby Examples,16f4e7f4-6517-42d3-96e5-04ddb5cf81c8,Available Menus in the Newtrax Collision Avoidance System,4dd1-509e-67e290d9----bb68-afdb00c8af51,Cristian Gonzalez,09/04/2025,10:20:20
Knowby Examples,16f4e7f4-6517-42d3-96e5-04ddb5cf81c8,Available Menus in the Newtrax Collision Avoidance System,4dd1-509e-67e290d9----bb68-afdb00c8af51,Cristian Gonzalez,09/04/2025,13:08:25
Knowby Examples,16f4e7f4-6517-42d3-96e5-04ddb5cf81c8,Available Menus in the Newtrax Collision Avoidance System,4405-d6f6-e37511ad----906f-aefa00b1a961,Jeffrey Brown,19/09/2025,17:24:39
Knowby Examples,16f4e7f4-6517-42d3-96e5-04ddb5cf81c8,Available Menus in the Newtrax Collision Avoidance System,411c-f567-2e4c7697----90d9-1cccc21596a3,Regina Evans,14/08/2025,10:50:56
Knowby Examples,16f4e7f4-6517-42d3-96e5-04ddb5cf81c8,Available Menus in the Newtrax Collision Avoidance System,411c-f567-2e4c7697----90d9-1cccc21596a3,Regina Evans,21/01/2025,14:49:37
Knowby Examples,16f4e7f4-6517-42d3-96e5-04ddb5cf81c8,Available Menus in the Newtrax Collision Avoidance System,44ed-a978-e8d990e2----8b3d-aef900a6bb99,Robert Perez,09/04/2025,08:02:03
Knowby Examples,16f4e7f4-6517-42d3-96e5-04ddb5cf81c8,Available Menus in the Newtrax Collision Avoidance System,44ed-a978-e8d990e2----8b3d-aef900a6bb99,Robert Perez,09/05/2024,17:12:14
Knowby Examples,16f4e7f4-6517-42d3-96e5-04ddb5cf81c8,Available Menus in the Newtrax Collision Avoidance System,44ed-a978-e8d990e2----8b3d-aef900a6bb99,Robert Perez,15/09/2025,13:17:28
Knowby Examples,16f4e7f4-6517-42d3-96e5-04ddb5cf81c8,Available Menus in the Newtrax Collision Avoidance System,4ed4-864f-db17168a----9128-a3c9ddb6e3ea,Carol Jones,31/08/2024,09:31:49
Knowby Examples,16f4e7f4-6517-42d3-96e5-04ddb5cf81c8,Available Menus in the Newtrax Collision Avoidance System,4ed4-864f-db17168a----9128-a3c9ddb6e3ea,Carol Jones,31/08/2025,13:07:39
Knowby Examples,16f4e7f4-6517-42d3-96e5-04ddb5cf81c8,Available Menus in the Newtrax Collision Avoidance System,4ed4-864f-db17168a----9128-a3c9ddb6e3ea,Carol Jones,09/04/2025,13:12:56
Knowby Examples,d5804868-6eb7-4dff-ac31-02e4e759017b,UI Fields in the Newtrax Collision Avoidance System,4dd1-509e-67e290d9----bb68-afdb00c8af51,Cristian Gonzalez,09/04/2025,11:31:17
Knowby Examples,d5804868-6eb7-4dff-ac31-02e4e759017b,UI Fields in the Newtrax Collision Avoidance System,4d2c-583f-adfb71a0----947b-af0c00af8d6b,Adriana Sanders,15/09/2025,14:04:23
Knowby Examples,d5804868-6eb7-4dff-ac31-02e4e759017b,UI Fields in the Newtrax Collision Avoidance System,411c-f567-2e4c7697----90d9-1cccc21596a3,Regina Evans,25/06/2025,14:57:11
Knowby Examples,d5804868-6eb7-4dff-ac31-02e4e759017b,UI Fields in the Newtrax Collision Avoidance System,411c-f567-2e4c7697----90d9-1cccc21596a3,Regina Evans,10/07/2025,11:41:15
Knowby Examples,d5804868-6eb7-4dff-ac31-02e4e759017b,UI Fields in the Newtrax Collision Avoidance System,411c-f567-2e4c7697----90d9-1cccc21596a3,Regina Evans,21/01/2025,10:42:10
Knowby Examples,d5804868-6eb7-4dff-ac31-02e4e759017b,UI Fields in the Newtrax Collision Avoidance System,44ed-a978-e8d990e2----8b3d-aef900a6bb99,Robert Perez,09/04/2025,16:12:32
Knowby Examples,d5804868-6eb7-4dff-ac31-02e4e759017b,UI Fields in the Newtrax Collision Avoidance System,4ed4-864f-db17168a----9128-a3c9ddb6e3ea,Carol Jones,31/08/2025,16:56:39
Knowby Examples,d5804868-6eb7-4dff-ac31-02e4e759017b,UI Fields in the Newtrax Collision Avoidance System,4ed4-864f-db17168a----9128-a3c9ddb6e3ea,Carol Jones,31/08/2024,12:06:57
Knowby Examples,d5804868-6eb7-4dff-ac31-02e4e759017b,UI Fields in the Newtrax Collision Avoidance System,4ed4-864f-db17168a----9128-a3c9ddb6e3ea,Carol Jones,31/08/2025,16:46:06
Knowby Examples,d5804868-6eb7-4dff-ac31-02e4e759017b,UI Fields in the Newtrax Collision Avoidance System,4ed4-864f-db17168a----9128-a3c9ddb6e3ea,Carol Jones,31/08/2024,14:02:38
Knowby Examples,d5804868-6eb7-4dff-ac31-02e4e759017b,UI Fields in the Newtrax Collision Avoidance System,4ed4-864f-db17168a----9128-a3c9ddb6e3ea,Carol Jones,31/08/2025,16:36:42
Knowby Examples,d5804868-6eb7-4dff-ac31-02e4e759017b,UI Fields in the Newtrax Collision Avoidance System,4ed4-864f-db17168a----9128-a3c9ddb6e3ea,Carol Jones,09/04/2025,15:40:23
Knowby Examples,b6768cda-75ac-484e-916b-ad9a19274943,Personal Protective Equipment | Construction Safety,4dd1-509e-67e290d9----bb68-afdb00c8af51,Cristian Gonzalez,09/05/2025,11:28:55
Knowby Examples,b6768cda-75ac-484e-916b-ad9a19274943,Personal Protective Equipment | Construction Safety,4dd1-509e-67e290d9----bb68-afdb00c8af51,Cristian Gonzalez,10/11/2025,10:06:32
Knowby Examples,b6768cda-75ac-484e-916b-ad9a19274943,Personal Protective Equipment | Construction Safety,4327-393b-53cbdfde----b9a4-aef900aa92ef,Kenneth Landry,21/09/2025,09:58:13
Knowby Examples,b6768cda-75ac-484e-916b-ad9a19274943,Personal Protective Equipment | Construction Safety,4ed4-864f-db17168a----9128-a3c9ddb6e3ea,Carol Jones,09/02/2025,12:49:22
Knowby Examples,b6768cda-75ac-484e-916b-ad9a19274943,Personal Protective Equipment | Construction Safety,4ed4-864f-db17168a----9128-a3c9ddb6e3ea,Carol Jones,09/02/2025,12:52:11
Knowby Examples,b6768cda-75ac-484e-916b-ad9a19274943,Personal Protective Equipment | Construction Safety,4ed4-864f-db17168a----9128-a3c9ddb6e3ea,Carol Jones,09/02/2025,14:06:00
Knowby Examples,b6768cda-75ac-484e-916b-ad9a19274943,Personal Protective Equipment | Construction Safety,4ed4-864f-db17168a----9128-a3c9ddb6e3ea,Carol Jones,09/05/2024,10:09:18
Knowby Examples,b6768cda-75ac-484e-916b-ad9a19274943,Personal Protective Equipment | Construction Safety,4ed4-864f-db17168a----9128-a3c9ddb6e3ea,Carol Jones,10/11/2025,13:19:12
Knowby Examples,b6768cda-75ac-484e-916b-ad9a19274943,Personal Protective Equipment | Construction Safety,4ed4-864f-db17168a----9128-a3c9ddb6e3ea,Carol Jones,10/11/2025,12:20:34
Knowby Examples,b6768cda-75ac-484e-916b-ad9a19274943,Personal Protective Equipment | Construction Safety,4ed4-864f-db17168a----9128-a3c9ddb6e3ea,Carol Jones,13/10/2025,12:05:42
Knowby Examples,b6768cda-75ac-484e-916b-ad9a19274943,Personal Protective Equipment | Construction Safety,4ed4-864f-db17168a----9128-a3c9ddb6e3ea,Carol Jones,20/11/2025,12:10:46
Knowby Examples,b6768cda-75ac-484e-916b-ad9a19274943,Personal Protective Equipment | Construction Safety,4e42-3ecf-a947652f----8d8f-1b0d973d1bbf,Robert Taylor,17/01/2025,14:29:04
Knowby Examples,b6768cda-75ac-484e-916b-ad9a19274943,Personal Protective Equipment | Construction Safety,4dd1-509e-67e290d9----bb68-afdb00c8af51,Cristian Gonzalez,20/02/2025,08:22:08
Knowby Examples,4ecc85b9-367f-43e4-adf4-be74b8a42ab0,Hearing Protection | Construction Safety,400d-dbe2-f01d079d----af6e-af3d005280aa,Rhonda Evans,19/09/2025,08:35:41
Knowby Examples,4ecc85b9-367f-43e4-adf4-be74b8a42ab0,Hearing Protection | Construction Safety,4dd1-509e-67e290d9----bb68-afdb00c8af51,Cristian Gonzalez,09/05/2025,13:02:26
Knowby Examples,4ecc85b9-367f-43e4-adf4-be74b8a42ab0,Hearing Protection | Construction Safety,4dd1-509e-67e290d9----bb68-afdb00c8af51,Cristian Gonzalez,09/07/2025,17:13:21
Knowby Examples,4ecc85b9-367f-43e4-adf4-be74b8a42ab0,Hearing Protection | Construction Safety,4dd1-509e-67e290d9----bb68-afdb00c8af51,Cristian Gonzalez,31/10/2025,14:03:09
Knowby Examples,4ecc85b9-367f-43e4-adf4-be74b8a42ab0,Hearing Protection | Construction Safety,4405-d6f6-e37511ad----906f-aefa00b1a961,Jeffrey Brown,20/09/2025,17:52:32
Knowby Examples,4ecc85b9-367f-43e4-adf4-be74b8a42ab0,Hearing Protection | Construction Safety,4405-d6f6-e37511ad----906f-aefa00b1a961,Jeffrey Brown,26/09/2025,15:39:28
Knowby Examples,4ecc85b9-367f-43e4-adf4-be74b8a42ab0,Hearing Protection | Construction Safety,4327-393b-53cbdfde----b9a4-aef900aa92ef,Kenneth Landry,09/07/2025,13:20:26
Knowby Examples,4ecc85b9-367f-43e4-adf4-be74b8a42ab0,Hearing Protection | Construction Safety,4327-393b-53cbdfde----b9a4-aef900aa92ef,Kenneth Landry,21/09/2025,09:30:42
Knowby Examples,4ecc85b9-367f-43e4-adf4-be74b8a42ab0,Hearing Protection | Construction Safety,44ed-a978-e8d990e2----8b3d-aef900a6bb99,Robert Perez,09/12/2025,08:25:01
Knowby Examples,4ecc85b9-367f-43e4-adf4-be74b8a42ab0,Hearing Protection | Construction Safety,4ed4-864f-db17168a----9128-a3c9ddb6e3ea,Carol Jones,09/02/2024,12:04:32
Knowby Examples,4ecc85b9-367f-43e4-adf4-be74b8a42ab0,Hearing Protection | Construction Safety,4ed4-864f-db17168a----9128-a3c9ddb6e3ea,Carol Jones,09/02/2025,14:15:26
Knowby Examples,4ecc85b9-367f-43e4-adf4-be74b8a42ab0,Hearing Protection | Construction Safety,4ed4-864f-db17168a----9128-a3c9ddb6e3ea,Carol Jones,09/02/2024,10:25:29
Knowby Examples,4ecc85b9-367f-43e4-adf4-be74b8a42ab0,Hearing Protection | Construction Safety,4ed4-864f-db17168a----9128-a3c9ddb6e3ea,Carol Jones,10/11/2025,09:05:43
Knowby Examples,4ecc85b9-367f-43e4-adf4-be74b8a42ab0,Hearing Protection | Construction Safety,4ed4-864f-db17168a----9128-a3c9ddb6e3ea,Carol Jones,07/12/2025,14:19:09
Knowby Examples,4ecc85b9-367f-43e4-adf4-be74b8a42ab0,Hearing Protection | Construction Safety,4f16-eda6-7db766e9----bc66-af8100c46bb3,Jared Foster,25/11/2025,16:57:20
Knowby Examples,91cff22b-3c42-444b-be13-400ebacf0264,Video Editing on Your Samsung,4dd1-509e-67e290d9----bb68-afdb00c8af51,Cristian Gonzalez,13/09/2025,17:12:30
Knowby Examples,91cff22b-3c42-444b-be13-400ebacf0264,Video Editing on Your Samsung,4dd1-509e-67e290d9----bb68-afdb00c8af51,Cristian Gonzalez,13/09/2024,13:45:49
Knowby Examples,91cff22b-3c42-444b-be13-400ebacf0264,Video Editing on Your Samsung,4ed4-864f-db17168a----9128-a3c9ddb6e3ea,Carol Jones,13/09/2025,13:32:36
Knowby Examples,91cff22b-3c42-444b-be13-400ebacf0264,Video Editing on Your Samsung,4ed4-864f-db17168a----9128-a3c9ddb6e3ea,Carol Jones,13/09/2025,13:53:32
Knowby Examples,91cff22b-3c42-444b-be13-400ebacf0264,Video Editing on Your Samsung,4ed4-864f-db17168a----9128-a3c9ddb6e3ea,Carol Jones,13/09/2025,09:28:04
Knowby Examples,91cff22b-3c42-444b-be13-400ebacf0264,Video Editing on Your Samsung,4ed4-864f-db17168a----9128-a3c9ddb6e3ea,Carol Jones,13/09/2025,15:29:14
Knowby Examples,654f6605-abd6-44c6-85d9-3c097db55d74,Video Editing in Google Photos,4dd1-509e-67e290d9----bb68-afdb00c8af51,Cristian Gonzalez,13/09/2025,10:54:02
Knowby Examples,654f6605-abd6-44c6-85d9-3c097db55d74,Video Editing in Google Photos,4dd1-509e-67e290d9----bb68-afdb00c8af51,Cristian Gonzalez,14/09/2025,11:14:12
Knowby Examples,654f6605-abd6-44c6-85d9-3c097db55d74,Video Editing in Google Photos,4dd1-509e-67e290d9----bb68-afdb00c8af51,Cristian Gonzalez,22/09/2025,09:33:50
Knowby Examples,654f6605-abd6-44c6-85d9-3c097db55d74,Video Editing in Google Photos,4ed4-864f-db17168a----9128-a3c9ddb6e3ea,Carol Jones,13/09/2025,15:01:40
Knowby Examples,654f6605-abd6-44c6-85d9-3c097db55d74,Video Editing in Google Photos,4ed4-864f-db17168a----9128-a3c9ddb6e3ea,Carol Jones,13/09/2025,08:05:48
Knowby Examples,654f6605-abd6-44c6-85d9-3c097db55d74,Video Editing in Google Photos,4ed4-864f-db17168a----9128-a3c9ddb6e3ea,Carol Jones,13/09/2025,09:15:27
Knowby Examples,654f6605-abd6-44c6-85d9-3c097db55d74,Video Editing in Google Photos,4ed4-864f-db17168a----9128-a3c9ddb6e3ea,Carol Jones,13/09/2025,09:37:31
Knowby Examples,654f6605-abd6-44c6-85d9-3c097db55d74,Video Editing in Google Photos,4ed4-864f-db17168a----9128-a3c9ddb6e3ea,Carol Jones,13/09/2025,13:24:08
Knowby Examples,654f6605-abd6-44c6-85d9-3c097db55d74,Video Editing in Google Photos,4ed4-864f-db17168a----9128-a3c9ddb6e3ea,Carol Jones,13/09/2025,08:22:15
Knowby Examples,654f6605-abd6-44c6-85d9-3c097db55d74,Video Editing in Google Photos,4ed4-864f-db17168a----9128-a3c9ddb6e3ea,Carol Jones,13/09/2025,15:21:44
Knowby Examples,654f6605-abd6-44c6-85d9-3c097db55d74,Video Editing in Google Photos,4ed4-864f-db17168a----9128-a3c9ddb6e3ea,Carol Jones,13/09/2024,13:12:45
Knowby Examples,f2e5c9e6-99ca-4e15-9689-248236253eb9,Video Editing on Your iPhone,4dd1-509e-67e290d9----bb68-afdb00c8af51,Cristian Gonzalez,14/09/2025,16:27:00
Knowby Examples,f2e5c9e6-99ca-4e15-9689-248236253eb9,Video Editing on Your iPhone,4d2c-583f-adfb71a0----947b-af0c00af8d6b,Adriana Sanders,15/09/2025,08:12:18
Knowby Examples,f2e5c9e6-99ca-4e15-9689-248236253eb9,Video Editing on Your iPhone,4d2c-583f-adfb71a0----947b-af0c00af8d6b,Adriana Sanders,15/09/2025,09:56:58
Knowby Examples,f2e5c9e6-99ca-4e15-9689-248236253eb9,Video Editing on Your iPhone,4405-d6f6-e37511ad----906f-aefa00b1a961,Jeffrey Brown,27/09/2025,10:37:00
Knowby Examples,f2e5c9e6-99ca-4e15-9689-248236253eb9,Video Editing on Your iPhone,4ed4-864f-db17168a----9128-a3c9ddb6e3ea,Carol Jones,13/09/2025,08:18:06
Knowby Examples,f2e5c9e6-99ca-4e15-9689-248236253eb9,Video Editing on Your iPhone,4ed4-864f-db17168a----9128-a3c9ddb6e3ea,Carol Jones,13/09/2025,08:27:37
Knowby Examples,f2e5c9e6-99ca-4e15-9689-248236253eb9,Video Editing on Your iPhone,4ed4-864f-db17168a----9128-a3c9ddb6e3ea,Carol Jones,13/09/2025,11:01:53
Knowby Examples,f2e5c9e6-99ca-4e15-9689-248236253eb9,Video Editing on Your iPhone,4ed4-864f-db17168a----9128-a3c9ddb6e3ea,Carol Jones,13/09/2024,09:15:13
Knowby Examples,f2e5c9e6-99ca-4e15-9689-248236253eb9,Video Editing on Your iPhone,4ed4-864f-db17168a----9128-a3c9ddb6e3ea,Carol Jones,13/09/2025,08:51:57
Knowby Examples,f2e5c9e6-99ca-4e15-9689-248236253eb9,Video Editing on Your iPhone,4ed4-864f-db17168a----9128-a3c9ddb6e3ea,Carol Jones,13/09/2025,12:42:44
Knowby Examples,f2e5c9e6-99ca-4e15-9689-248236253eb9,Video Editing on Your iPhone,4ed4-864f-db17168a----9128-a3c9ddb6e3ea,Carol Jones,13/09/2025,14:36:46
Knowby Examples,f2e5c9e6-99ca-4e15-9689-248236253eb9,Video Editing on Your iPhone,4ed4-864f-db17168a----9128-a3c9ddb6e3ea,Carol Jones,13/09/2024,13:37:40
Knowby Examples,f2e5c9e6-99ca-4e15-9689-248236253eb9,Video Editing on Your iPhone,4ed4-864f-db17168a----9128-a3c9ddb6e3ea,Carol Jones,13/09/2025,15:58:59
Knowby Examples,ec2d53af-3dd6-40b0-9e94-ae66dc2e915b,FieldNET Advisor - Basic,4dd1-509e-67e290d9----bb68-afdb00c8af51,Cristian Gonzalez,09/05/2025,13:45:26
Knowby Examples,ec2d53af-3dd6-40b0-9e94-ae66dc2e915b,FieldNET Advisor - Basic,4327-393b-53cbdfde----b9a4-aef900aa92ef,Kenneth Landry,09/05/2025,09:23:03
Knowby Examples,ec2d53af-3dd6-40b0-9e94-ae66dc2e915b,FieldNET Advisor - Basic,4ed4-864f-db17168a----9128-a3c9ddb6e3ea,Carol Jones,09/04/2025,16:54:45
Knowby Examples,ec2d53af-3dd6-40b0-9e94-ae66dc2e915b,FieldNET Advisor - Basic,4ed4-864f-db17168a----9128-a3c9ddb6e3ea,Carol Jones,09/04/2024,13:37:31
Knowby Examples,ec2d53af-3dd6-40b0-9e94-ae66dc2e915b,FieldNET Advisor - Basic,4ed4-864f-db17168a----9128-a3c9ddb6e3ea,Carol Jones,09/04/2024,11:48:03
Knowby Examples,ec2d53af-3dd6-40b0-9e94-ae66dc2e915b,FieldNET Advisor - Basic,4ed4-864f-db17168a----9128-a3c9ddb6e3ea,Carol Jones,09/04/2025,11:42:46
Knowby Examples,e96508ce-5226-4eb4-a289-3a0d2f55759f,FieldNET Advisor - App Customization,4dd1-509e-67e290d9----bb68-afdb00c8af51,Cristian Gonzalez,09/05/2025,16:28:46
Knowby Examples,e96508ce-5226-4eb4-a289-3a0d2f55759f,FieldNET Advisor - App Customization,4dd1-509e-67e290d9----bb68-afdb00c8af51,Cristian Gonzalez,09/05/2025,16:24:39
Knowby Examples,e96508ce-5226-4eb4-a289-3a0d2f55759f,FieldNET Advisor - App Customization,4327-393b-53cbdfde----b9a4-aef900aa92ef,Kenneth Landry,09/05/2025,13:45:41
Knowby Examples,e96508ce-5226-4eb4-a289-3a0d2f55759f,FieldNET Advisor - App Customization,4ed4-864f-db17168a----9128-a3c9ddb6e3ea,Carol Jones,09/04/2025,13:30:09
Knowby Examples,e96508ce-5226-4eb4-a289-3a0d2f55759f,FieldNET Advisor - App Customization,4ed4-864f-db17168a----9128-a3c9ddb6e3ea,Carol Jones,09/04/2025,08:51:24
Knowby Examples,af7a7412-aaf6-4ae6-8294-f756177ef8ed,FieldNET Advisor - Weather Section,4327-393b-53cbdfde----b9a4-aef900aa92ef,Kenneth Landry,09/05/2025,08:57:25
Knowby Examples,af7a7412-aaf6-4ae6-8294-f756177ef8ed,FieldNET Advisor - Weather Section,4ed4-864f-db17168a----9128-a3c9ddb6e3ea,Carol Jones,09/04/2025,08:35:05
Knowby Examples,af7a7412-aaf6-4ae6-8294-f756177ef8ed,FieldNET Advisor - Weather Section,4ed4-864f-db17168a----9128-a3c9ddb6e3ea,Carol Jones,09/04/2025,11:14:33
Knowby Examples,af7a7412-aaf6-4ae6-8294-f756177ef8ed,FieldNET Advisor - Weather Section,4ed4-864f-db17168a----9128-a3c9ddb6e3ea,Carol Jones,09/04/2025,08:39:17
Knowby Examples,af7a7412-aaf6-4ae6-8294-f756177ef8ed,FieldNET Advisor - Weather Section,4ed4-864f-db17168a----9128-a3c9ddb6e3ea,Carol Jones,09/04/2025,10:50:58
Knowby Examples,af7a7412-aaf6-4ae6-8294-f756177ef8ed,FieldNET Advisor - Weather Section,4ed4-864f-db17168a----9128-a3c9ddb6e3ea,Carol Jones,09/04/2025,13:05:47
Knowby Examples,085a877d-4b8f-4a35-b15a-7541c373884a,FieldNET Advisor - Dashboard Overview,400d-dbe2-f01d079d----af6e-af3d005280aa,Rhonda Evans,20/09/2024,08:50:10
Knowby Examples,085a877d-4b8f-4a35-b15a-7541c373884a,FieldNET Advisor - Dashboard Overview,4dd1-509e-67e290d9----bb68-afdb00c8af51,Cristian Gonzalez,09/05/2025,10:41:01
Knowby Examples,085a877d-4b8f-4a35-b15a-7541c373884a,FieldNET Advisor - Dashboard Overview,4405-d6f6-e37511ad----906f-aefa00b1a961,Jeffrey Brown,20/09/2025,14:36:35
Knowby Examples,085a877d-4b8f-4a35-b15a-7541c373884a,FieldNET Advisor - Dashboard Overview,4405-d6f6-e37511ad----906f-aefa00b1a961,Jeffrey Brown,21/09/2025,14:51:27
Knowby Examples,085a877d-4b8f-4a35-b15a-7541c373884a,FieldNET Advisor - Dashboard Overview,4405-d6f6-e37511ad----906f-aefa00b1a961,Jeffrey Brown,27/09/2024,14:39:40
Knowby Examples,085a877d-4b8f-4a35-b15a-7541c373884a,FieldNET Advisor - Dashboard Overview,4327-393b-53cbdfde----b9a4-aef900aa92ef,Kenneth Landry,09/05/2025,09:11:44
Knowby Examples,085a877d-4b8f-4a35-b15a-7541c373884a,FieldNET Advisor - Dashboard Overview,4327-393b-53cbdfde----b9a4-aef900aa92ef,Kenneth Landry,20/09/2025,15:35:36
Knowby Examples,085a877d-4b8f-4a35-b15a-7541c373884a,FieldNET Advisor - Dashboard Overview,44ed-a978-e8d990e2----8b3d-aef900a6bb99,Robert Perez,15/09/2025,13:14:52
Knowby Examples,085a877d-4b8f-4a35-b15a-7541c373884a,FieldNET Advisor - Dashboard Overview,4ed4-864f-db17168a----9128-a3c9ddb6e3ea,Carol Jones,09/04/2025,15:34:44
Knowby Examples,085a877d-4b8f-4a35-b15a-7541c373884a,FieldNET Advisor - Dashboard Overview,4ed4-864f-db17168a----9128-a3c9ddb6e3ea,Carol Jones,09/04/2025,13:34:11
Knowby Examples,085a877d-4b8f-4a35-b15a-7541c373884a,FieldNET Advisor - Dashboard Overview,4ed4-864f-db17168a----9128-a3c9ddb6e3ea,Carol Jones,20/09/2025,11:52:35
Knowby Examples,085a877d-4b8f-4a35-b15a-7541c373884a,FieldNET Advisor - Dashboard Overview,4ed4-864f-db17168a----9128-a3c9ddb6e3ea,Carol Jones,20/09/2024,16:25:13
Knowby Examples,4dc12ad2-d2cd-4771-bdf6-4e7868cf6f9e,FieldNET Advisor - Creating and Applying Plans,4405-d6f6-e37511ad----906f-aefa00b1a961,Jeffrey Brown,27/09/2025,10:16:24
Knowby Examples,4dc12ad2-d2cd-4771-bdf6-4e7868cf6f9e,FieldNET Advisor - Creating and Applying Plans,4327-393b-53cbdfde----b9a4-aef900aa92ef,Kenneth Landry,09/05/2025,09:13:34
Knowby Examples,4dc12ad2-d2cd-4771-bdf6-4e7868cf6f9e,FieldNET Advisor - Creating and Applying Plans,4327-393b-53cbdfde----b9a4-aef900aa92ef,Kenneth Landry,09/06/2025,11:26:22
Knowby Examples,4dc12ad2-d2cd-4771-bdf6-4e7868cf6f9e,FieldNET Advisor - Creating and Applying Plans,4ed4-864f-db17168a----9128-a3c9ddb6e3ea,Carol Jones,09/04/2025,16:37:12
Knowby Examples,4dc12ad2-d2cd-4771-bdf6-4e7868cf6f9e,FieldNET Advisor - Creating and Applying Plans,4ed4-864f-db17168a----9128-a3c9ddb6e3ea,Carol Jones,09/04/2025,15:59:51
Knowby Examples,e8463779-48aa-46c0-8ec4-5a9666053981,FieldNET Advisor - General Page Customization,4d2c-583f-adfb71a0----947b-af0c00af8d6b,Adriana Sanders,15/09/2024,09:24:25
Knowby Examples,e8463779-48aa-46c0-8ec4-5a9666053981,FieldNET Advisor - General Page Customization,4327-393b-53cbdfde----b9a4-aef900aa92ef,Kenneth Landry,09/06/2025,14:01:11
Knowby Examples,e8463779-48aa-46c0-8ec4-5a9666053981,FieldNET Advisor - General Page Customization,4ed4-864f-db17168a----9128-a3c9ddb6e3ea,Carol Jones,09/04/2025,14:49:01
Knowby Examples,e8463779-48aa-46c0-8ec4-5a9666053981,FieldNET Advisor - General Page Customization,4ed4-864f-db17168a----9128-a3c9ddb6e3ea,Carol Jones,09/04/2024,14:50:28
Knowby Examples,e8463779-48aa-46c0-8ec4-5a9666053981,FieldNET Advisor - General Page Customization,4ed4-864f-db17168a----9128-a3c9ddb6e3ea,Carol Jones,09/04/2025,12:39:37
Knowby Examples,43ee5dad-58db-469e-a114-fa021e434246,FieldNET Advisor - Settings,4dd1-509e-67e290d9----bb68-afdb00c8af51,Cristian Gonzalez,09/05/2025,11:39:23
Knowby Examples,43ee5dad-58db-469e-a114-fa021e434246,FieldNET Advisor - Settings,4dd1-509e-67e290d9----bb68-afdb00c8af51,Cristian Gonzalez,09/05/2025,09:54:05
Knowby Examples,43ee5dad-58db-469e-a114-fa021e434246,FieldNET Advisor - Settings,4405-d6f6-e37511ad----906f-aefa00b1a961,Jeffrey Brown,27/09/2025,11:15:04
Knowby Examples,43ee5dad-58db-469e-a114-fa021e434246,FieldNET Advisor - Settings,4327-393b-53cbdfde----b9a4-aef900aa92ef,Kenneth Landry,09/05/2025,15:17:38
Knowby Examples,43ee5dad-58db-469e-a114-fa021e434246,FieldNET Advisor - Settings,4327-393b-53cbdfde----b9a4-aef900aa92ef,Kenneth Landry,09/06/2025,10:15:21
Knowby Examples,43ee5dad-58db-469e-a114-fa021e434246,FieldNET Advisor - Settings,4ed4-864f-db17168a----9128-a3c9ddb6e3ea,Carol Jones,09/04/2025,12:37:40
Knowby Examples,43ee5dad-58db-469e-a114-fa021e434246,FieldNET Advisor - Settings,4ed4-864f-db17168a----9128-a3c9ddb6e3ea,Carol Jones,09/04/2025,13:56:40
Knowby Examples,bfccb8ad-719d-4450-ae85-70e61388f70d,MARKHAM: Adding Projects to our Websites,4dd1-509e-67e290d9----bb68-afdb00c8af51,Cristian Gonzalez,15/09/2025,15:33:00
Knowby Examples,bfccb8ad-719d-4450-ae85-70e61388f70d,MARKHAM: Adding Projects to our Websites,4ed4-864f-db17168a----9128-a3c9ddb6e3ea,Carol Jones,15/09/2025,13:30:57
Knowby Examples,bfccb8ad-719d-4450-ae85-70e61388f70d,MARKHAM: Adding Projects to our Websites,4ed4-864f-db17168a----9128-a3c9ddb6e3ea,Carol Jones,15/09/2024,08:18:41
Knowby Examples,bfccb8ad-719d-4450-ae85-70e61388f70d,MARKHAM: Adding Projects to our Websites,4ed4-864f-db17168a----9128-a3c9ddb6e3ea,Carol Jones,15/09/2025,15:26:53
Knowby Examples,bfccb8ad-719d-4450-ae85-70e61388f70d,MARKHAM: Adding Projects to our Websites,4ed4-864f-db17168a----9128-a3c9ddb6e3ea,Carol Jones,15/09/2025,17:23:43
Knowby Examples,bfccb8ad-719d-4450-ae85-70e61388f70d,MARKHAM: Adding Projects to our Websites,4ed4-864f-db17168a----9128-a3c9ddb6e3ea,Carol Jones,15/09/2025,16:26:27
Knowby Examples,2226d6a1-a46f-4ee7-9d8f-07b2214f20ac,MARKHAM: Creating a deal on CRM Pipedrive,4dd1-509e-67e290d9----bb68-afdb00c8af51,Cristian Gonzalez,18/09/2025,16:52:54
Knowby Examples,2226d6a1-a46f-4ee7-9d8f-07b2214f20ac,MARKHAM: Creating a deal on CRM Pipedrive,4dd1-509e-67e290d9----bb68-afdb00c8af51,Cristian Gonzalez,07/08/2025,11:16:05
Knowby Examples,2226d6a1-a46f-4ee7-9d8f-07b2214f20ac,MARKHAM: Creating a deal on CRM Pipedrive,4ea3-2234-ee1de7e0----99b4-aefa00ae2eab,William Wilkinson,07/08/2024,14:43:23
Knowby Examples,2226d6a1-a46f-4ee7-9d8f-07b2214f20ac,MARKHAM: Creating a deal on CRM Pipedrive,4ea3-2234-ee1de7e0----99b4-aefa00ae2eab,William Wilkinson,07/08/2025,16:45:18
Knowby Examples,2226d6a1-a46f-4ee7-9d8f-07b2214f20ac,MARKHAM: Creating a deal on CRM Pipedrive,4405-d6f6-e37511ad----906f-aefa00b1a961,Jeffrey Brown,27/09/2025,09:41:28
Knowby Examples,2226d6a1-a46f-4ee7-9d8f-07b2214f20ac,MARKHAM: Creating a deal on CRM Pipedrive,44ed-a978-e8d990e2----8b3d-aef900a6bb99,Robert Perez,15/09/2025,15:58:33
Knowby Examples,2226d6a1-a46f-4ee7-9d8f-07b2214f20ac,MARKHAM: Creating a deal on CRM Pipedrive,4ed4-864f-db17168a----9128-a3c9ddb6e3ea,Carol Jones,15/09/2025,14:45:08
Knowby Examples,2226d6a1-a46f-4ee7-9d8f-07b2214f20ac,MARKHAM: Creating a deal on CRM Pipedrive,4ed4-864f-db17168a----9128-a3c9ddb6e3ea,Carol Jones,15/09/2025,17:42:40
Knowby Examples,2226d6a1-a46f-4ee7-9d8f-07b2214f20ac,MARKHAM: Creating a deal on CRM Pipedrive,4ed4-864f-db17168a----9128-a3c9ddb6e3ea,Carol Jones,15/09/2025,17:33:26
Knowby Examples,2226d6a1-a46f-4ee7-9d8f-07b2214f20ac,MARKHAM: Creating a deal on CRM Pipedrive,4ed4-864f-db17168a----9128-a3c9ddb6e3ea,Carol Jones,15/09/2025,09:38:18
Knowby Examples,2226d6a1-a46f-4ee7-9d8f-07b2214f20ac,MARKHAM: Creating a deal on CRM Pipedrive,4ed4-864f-db17168a----9128-a3c9ddb6e3ea,Carol Jones,15/09/2025,15:10:58
Knowby Examples,926ad7da-4380-4c20-92a5-21eee235fc12,MARKHAM: Entering jobs into Infusion,4dd1-509e-67e290d9----bb68-afdb00c8af51,Cristian Gonzalez,18/09/2025,15:59:27
Knowby Examples,926ad7da-4380-4c20-92a5-21eee235fc12,MARKHAM: Entering jobs into Infusion,44ed-a978-e8d990e2----8b3d-aef900a6bb99,Robert Perez,15/09/2025,12:29:21
Knowby Examples,926ad7da-4380-4c20-92a5-21eee235fc12,MARKHAM: Entering jobs into Infusion,4ed4-864f-db17168a----9128-a3c9ddb6e3ea,Carol Jones,15/09/2025,12:00:11
Knowby Examples,926ad7da-4380-4c20-92a5-21eee235fc12,MARKHAM: Entering jobs into Infusion,4ed4-864f-db17168a----9128-a3c9ddb6e3ea,Carol Jones,15/09/2025,11:15:42
Knowby Examples,a93b36ed-8ea2-4856-926e-0c2af2b71fc9,MARKHAM: Payments - Reimbursement,4dd1-509e-67e290d9----bb68-afdb00c8af51,Cristian Gonzalez,18/09/2024,16:00:44
Knowby Examples,a93b36ed-8ea2-4856-926e-0c2af2b71fc9,MARKHAM: Payments - Reimbursement,44ed-a978-e8d990e2----8b3d-aef900a6bb99,Robert Perez,15/09/2025,08:22:54
Knowby Examples,a93b36ed-8ea2-4856-926e-0c2af2b71fc9,MARKHAM: Payments - Reimbursement,4ed4-864f-db17168a----9128-a3c9ddb6e3ea,Carol Jones,15/09/2025,13:40:33
Knowby Examples,a93b36ed-8ea2-4856-926e-0c2af2b71fc9,MARKHAM: Payments - Reimbursement,4ed4-864f-db17168a----9128-a3c9ddb6e3ea,Carol Jones,15/09/2025,10:18:52
Knowby Examples,a93b36ed-8ea2-4856-926e-0c2af2b71fc9,MARKHAM: Payments - Reimbursement,4ed4-864f-db17168a----9128-a3c9ddb6e3ea,Carol Jones,15/09/2025,14:07:38
Knowby Examples,a93b36ed-8ea2-4856-926e-0c2af2b71fc9,MARKHAM: Payments - Reimbursement,4ed4-864f-db17168a----9128-a3c9ddb6e3ea,Carol Jones,15/09/2025,13:34:16
Knowby Examples,eaab1c28-d0f7-45c9-9b49-930a2be6d990,Ridgid 300 Inspection Test Process,4dd1-509e-67e290d9----bb68-afdb00c8af51,Cristian Gonzalez,18/09/2025,15:54:54
Knowby Examples,eaab1c28-d0f7-45c9-9b49-930a2be6d990,Ridgid 300 Inspection Test Process,4dd1-509e-67e290d9----bb68-afdb00c8af51,Cristian Gonzalez,18/09/2025,08:55:54
Knowby Examples,eaab1c28-d0f7-45c9-9b49-930a2be6d990,Ridgid 300 Inspection Test Process,4dd1-509e-67e290d9----bb68-afdb00c8af51,Cristian Gonzalez,18/09/2025,15:21:21
Knowby Examples,eaab1c28-d0f7-45c9-9b49-930a2be6d990,Ridgid 300 Inspection Test Process,4dd1-509e-67e290d9----bb68-afdb00c8af51,Cristian Gonzalez,18/09/2025,08:30:26
Knowby Examples,eaab1c28-d0f7-45c9-9b49-930a2be6d990,Ridgid 300 Inspection Test Process,4405-d6f6-e37511ad----906f-aefa00b1a961,Jeffrey Brown,27/09/2024,16:14:57
Knowby Examples,eaab1c28-d0f7-45c9-9b49-930a2be6d990,Ridgid 300 Inspection Test Process,4405-d6f6-e37511ad----906f-aefa00b1a961,Jeffrey Brown,10/09/2025,09:31:33
Knowby Examples,eaab1c28-d0f7-45c9-9b49-930a2be6d990,Ridgid 300 Inspection Test Process,44ed-a978-e8d990e2----8b3d-aef900a6bb99,Robert Perez,15/09/2025,10:35:16
Knowby Examples,eaab1c28-d0f7-45c9-9b49-930a2be6d990,Ridgid 300 Inspection Test Process,4ed4-864f-db17168a----9128-a3c9ddb6e3ea,Carol Jones,15/09/2025,13:55:31
Knowby Examples,eaab1c28-d0f7-45c9-9b49-930a2be6d990,Ridgid 300 Inspection Test Process,4ed4-864f-db17168a----9128-a3c9ddb6e3ea,Carol Jones,15/09/2025,15:40:08
Knowby Examples,eaab1c28-d0f7-45c9-9b49-930a2be6d990,Ridgid 300 Inspection Test Process,4ed4-864f-db17168a----9128-a3c9ddb6e3ea,Carol Jones,18/09/2025,17:54:12
Knowby Examples,eaab1c28-d0f7-45c9-9b49-930a2be6d990,Ridgid 300 Inspection Test Process,4ed4-864f-db17168a----9128-a3c9ddb6e3ea,Carol Jones,18/09/2025,17:24:01
Knowby Examples,eaab1c28-d0f7-45c9-9b49-930a2be6d990,Ridgid 300 Inspection Test Process,4ed4-864f-db17168a----9128-a3c9ddb6e3ea,Carol Jones,18/09/2024,08:45:44
Knowby Examples,eaab1c28-d0f7-45c9-9b49-930a2be6d990,Ridgid 300 Inspection Test Process,4ed4-864f-db17168a----9128-a3c9ddb6e3ea,Carol Jones,20/10/2025,17:40:18
Knowby Examples,d4b07c45-62dd-4921-9a41-57c2f5d314f8,iMovie Tutorial for Mac,4dd1-509e-67e290d9----bb68-afdb00c8af51,Cristian Gonzalez,19/09/2024,15:05:37
Knowby Examples,d4b07c45-62dd-4921-9a41-57c2f5d314f8,iMovie Tutorial for Mac,4dd1-509e-67e290d9----bb68-afdb00c8af51,Cristian Gonzalez,19/09/2025,14:08:46
Knowby Examples,d4b07c45-62dd-4921-9a41-57c2f5d314f8,iMovie Tutorial for Mac,411c-f567-2e4c7697----90d9-1cccc21596a3,Regina Evans,28/11/2025,13:43:48
Knowby Examples,d4b07c45-62dd-4921-9a41-57c2f5d314f8,iMovie Tutorial for Mac,4ed4-864f-db17168a----9128-a3c9ddb6e3ea,Carol Jones,14/09/2024,12:14:44
Knowby Examples,d4b07c45-62dd-4921-9a41-57c2f5d314f8,iMovie Tutorial for Mac,4ed4-864f-db17168a----9128-a3c9ddb6e3ea,Carol Jones,14/09/2025,15:38:21
Knowby Examples,d4b07c45-62dd-4921-9a41-57c2f5d314f8,iMovie Tutorial for Mac,4ed4-864f-db17168a----9128-a3c9ddb6e3ea,Carol Jones,14/09/2025,10:00:59
Knowby Examples,d4b07c45-62dd-4921-9a41-57c2f5d314f8,iMovie Tutorial for Mac,4ed4-864f-db17168a----9128-a3c9ddb6e3ea,Carol Jones,18/09/2025,12:48:19
Knowby Examples,d4b07c45-62dd-4921-9a41-57c2f5d314f8,iMovie Tutorial for Mac,4ed4-864f-db17168a----9128-a3c9ddb6e3ea,Carol Jones,19/09/2025,16:10:34
Knowby Examples,d4b07c45-62dd-4921-9a41-57c2f5d314f8,iMovie Tutorial for Mac,4ed4-864f-db17168a----9128-a3c9ddb6e3ea,Carol Jones,19/09/2025,08:30:46
Knowby Examples,6b50b56a-f5cc-4ff0-b3de-3a16d45ac771,Learn Adobe Rush on mobile devices,4dd1-509e-67e290d9----bb68-afdb00c8af51,Cristian Gonzalez,19/09/2025,15:20:03
Knowby Examples,6b50b56a-f5cc-4ff0-b3de-3a16d45ac771,Learn Adobe Rush on mobile devices,4dd1-509e-67e290d9----bb68-afdb00c8af51,Cristian Gonzalez,19/09/2025,10:23:25
Knowby Examples,6b50b56a-f5cc-4ff0-b3de-3a16d45ac771,Learn Adobe Rush on mobile devices,4405-d6f6-e37511ad----906f-aefa00b1a961,Jeffrey Brown,19/09/2024,17:20:59
Knowby Examples,6b50b56a-f5cc-4ff0-b3de-3a16d45ac771,Learn Adobe Rush on mobile devices,48fc-570a-dbd3e909----bad2-525647cdf75e,Jonathan Lopez,10/11/2025,11:32:43
Knowby Examples,6b50b56a-f5cc-4ff0-b3de-3a16d45ac771,Learn Adobe Rush on mobile devices,4ed4-864f-db17168a----9128-a3c9ddb6e3ea,Carol Jones,18/09/2025,16:47:30
Knowby Examples,6b50b56a-f5cc-4ff0-b3de-3a16d45ac771,Learn Adobe Rush on mobile devices,4ed4-864f-db17168a----9128-a3c9ddb6e3ea,Carol Jones,18/09/2025,14:16:03
Knowby Examples,6b50b56a-f5cc-4ff0-b3de-3a16d45ac771,Learn Adobe Rush on mobile devices,4ed4-864f-db17168a----9128-a3c9ddb6e3ea,Carol Jones,18/09/2025,17:45:22
Knowby Examples,6b50b56a-f5cc-4ff0-b3de-3a16d45ac771,Learn Adobe Rush on mobile devices,4ed4-864f-db17168a----9128-a3c9ddb6e3ea,Carol Jones,18/09/2025,10:10:49
Knowby Examples,6b50b56a-f5cc-4ff0-b3de-3a16d45ac771,Learn Adobe Rush on mobile devices,4ed4-864f-db17168a----9128-a3c9ddb6e3ea,Carol Jones,18/09/2025,17:36:43
Knowby Examples,6b50b56a-f5cc-4ff0-b3de-3a16d45ac771,Learn Adobe Rush on mobile devices,4ed4-864f-db17168a----9128-a3c9ddb6e3ea,Carol Jones,18/09/2024,16:51:24
Knowby Examples,6b50b56a-f5cc-4ff0-b3de-3a16d45ac771,Learn Adobe Rush on mobile devices,4ed4-864f-db17168a----9128-a3c9ddb6e3ea,Carol Jones,19/09/2025,15:15:24
Knowby Examples,6b50b56a-f5cc-4ff0-b3de-3a16d45ac771,Learn Adobe Rush on mobile devices,4ed4-864f-db17168a----9128-a3c9ddb6e3ea,Carol Jones,19/09/2025,10:27:37
Knowby Examples,84b64a48-389e-4b74-b26b-a378661e18ff,iMovie on iOS: Your Quick Guide,489c-c9c4-29fad270----aab7-af440073e71a,John Jones,10/12/2024,11:16:52
Knowby Examples,84b64a48-389e-4b74-b26b-a378661e18ff,iMovie on iOS: Your Quick Guide,4dd1-509e-67e290d9----bb68-afdb00c8af51,Cristian Gonzalez,20/09/2025,15:17:44
Knowby Examples,84b64a48-389e-4b74-b26b-a378661e18ff,iMovie on iOS: Your Quick Guide,411c-f567-2e4c7697----90d9-1cccc21596a3,Regina Evans,28/11/2025,12:30:57
Knowby Examples,84b64a48-389e-4b74-b26b-a378661e18ff,iMovie on iOS: Your Quick Guide,44ed-a978-e8d990e2----8b3d-aef900a6bb99,Robert Perez,20/09/2025,17:12:58
Knowby Examples,84b64a48-389e-4b74-b26b-a378661e18ff,iMovie on iOS: Your Quick Guide,4ed4-864f-db17168a----9128-a3c9ddb6e3ea,Carol Jones,19/09/2025,10:49:20
Knowby Examples,84b64a48-389e-4b74-b26b-a378661e18ff,iMovie on iOS: Your Quick Guide,4ed4-864f-db17168a----9128-a3c9ddb6e3ea,Carol Jones,19/09/2025,09:26:08
Knowby Examples,84b64a48-389e-4b74-b26b-a378661e18ff,iMovie on iOS: Your Quick Guide,4ed4-864f-db17168a----9128-a3c9ddb6e3ea,Carol Jones,19/09/2025,11:12:47
Knowby Examples,84b64a48-389e-4b74-b26b-a378661e18ff,iMovie on iOS: Your Quick Guide,4ed4-864f-db17168a----9128-a3c9ddb6e3ea,Carol Jones,19/09/2024,09:43:01
Knowby Examples,84b64a48-389e-4b74-b26b-a378661e18ff,iMovie on iOS: Your Quick Guide,4ed4-864f-db17168a----9128-a3c9ddb6e3ea,Carol Jones,19/09/2025,16:37:45
Knowby Examples,84b64a48-389e-4b74-b26b-a378661e18ff,iMovie on iOS: Your Quick Guide,4ed4-864f-db17168a----9128-a3c9ddb6e3ea,Carol Jones,30/09/2025,17:13:09
Knowby Examples,14e2edf5-2561-433c-9381-b34c21a499a4,MMU - E-Stop Familiarisation - Standard Version,4dd1-509e-67e290d9----bb68-afdb00c8af51,Cristian Gonzalez,18/08/2025,17:48:25
Knowby Examples,14e2edf5-2561-433c-9381-b34c21a499a4,MMU - E-Stop Familiarisation - Standard Version,4dd1-509e-67e290d9----bb68-afdb00c8af51,Cristian Gonzalez,18/08/2025,15:45:12
Knowby Examples,14e2edf5-2561-433c-9381-b34c21a499a4,MMU - E-Stop Familiarisation - Standard Version,4dd1-509e-67e290d9----bb68-afdb00c8af51,Cristian Gonzalez,18/08/2025,12:20:06
Knowby Examples,14e2edf5-2561-433c-9381-b34c21a499a4,MMU - E-Stop Familiarisation - Standard Version,4dd1-509e-67e290d9----bb68-afdb00c8af51,Cristian Gonzalez,18/08/2024,08:50:02
Knowby Examples,14e2edf5-2561-433c-9381-b34c21a499a4,MMU - E-Stop Familiarisation - Standard Version,4dd1-509e-67e290d9----bb68-afdb00c8af51,Cristian Gonzalez,18/08/2025,14:07:10
Knowby Examples,14e2edf5-2561-433c-9381-b34c21a499a4,MMU - E-Stop Familiarisation - Standard Version,4dd1-509e-67e290d9----bb68-afdb00c8af51,Cristian Gonzalez,18/08/2025,16:13:30
Knowby Examples,14e2edf5-2561-433c-9381-b34c21a499a4,MMU - E-Stop Familiarisation - Standard Version,4dd1-509e-67e290d9----bb68-afdb00c8af51,Cristian Gonzalez,18/08/2025,12:24:18
Knowby Examples,14e2edf5-2561-433c-9381-b34c21a499a4,MMU - E-Stop Familiarisation - Standard Version,4dd1-509e-67e290d9----bb68-afdb00c8af51,Cristian Gonzalez,18/08/2024,15:29:10
Knowby Examples,14e2edf5-2561-433c-9381-b34c21a499a4,MMU - E-Stop Familiarisation - Standard Version,4dd1-509e-67e290d9----bb68-afdb00c8af51,Cristian Gonzalez,18/08/2025,08:42:07
Knowby Examples,14e2edf5-2561-433c-9381-b34c21a499a4,MMU - E-Stop Familiarisation - Standard Version,4dd1-509e-67e290d9----bb68-afdb00c8af51,Cristian Gonzalez,18/08/2025,08:37:20
Knowby Examples,14e2edf5-2561-433c-9381-b34c21a499a4,MMU - E-Stop Familiarisation - Standard Version,4dd1-509e-67e290d9----bb68-afdb00c8af51,Cristian Gonzalez,22/08/2025,10:11:07
Knowby Examples,14e2edf5-2561-433c-9381-b34c21a499a4,MMU - E-Stop Familiarisation - Standard Version,4dd1-509e-67e290d9----bb68-afdb00c8af51,Cristian Gonzalez,22/08/2025,11:57:10
Knowby Examples,14e2edf5-2561-433c-9381-b34c21a499a4,MMU - E-Stop Familiarisation - Standard Version,4390-5a4b-55d721d5----b948-af8800b5c038,Amber Price MD,21/09/2025,17:24:17
Knowby Examples,14e2edf5-2561-433c-9381-b34c21a499a4,MMU - E-Stop Familiarisation - Standard Version,4dd1-509e-67e290d9----bb68-afdb00c8af51,Cristian Gonzalez,21/09/2025,10:03:36
Knowby Examples,14e2edf5-2561-433c-9381-b34c21a499a4,MMU - E-Stop Familiarisation - Standard Version,4dd1-509e-67e290d9----bb68-afdb00c8af51,Cristian Gonzalez,07/10/2024,13:10:32
Knowby Examples,14e2edf5-2561-433c-9381-b34c21a499a4,MMU - E-Stop Familiarisation - Standard Version,4d2c-583f-adfb71a0----947b-af0c00af8d6b,Adriana Sanders,03/11/2025,15:54:42
Knowby Examples,14e2edf5-2561-433c-9381-b34c21a499a4,MMU - E-Stop Familiarisation - Standard Version,4405-d6f6-e37511ad----906f-aefa00b1a961,Jeffrey Brown,25/08/2024,16:36:35
Knowby Examples,14e2edf5-2561-433c-9381-b34c21a499a4,MMU - E-Stop Familiarisation - Standard Version,4405-d6f6-e37511ad----906f-aefa00b1a961,Jeffrey Brown,20/09/2025,14:09:36
Knowby Examples,14e2edf5-2561-433c-9381-b34c21a499a4,MMU - E-Stop Familiarisation - Standard Version,4405-d6f6-e37511ad----906f-aefa00b1a961,Jeffrey Brown,20/09/2025,11:38:20
Knowby Examples,14e2edf5-2561-433c-9381-b34c21a499a4,MMU - E-Stop Familiarisation - Standard Version,4405-d6f6-e37511ad----906f-aefa00b1a961,Jeffrey Brown,20/09/2025,08:05:37
Knowby Examples,14e2edf5-2561-433c-9381-b34c21a499a4,MMU - E-Stop Familiarisation - Standard Version,4405-d6f6-e37511ad----906f-aefa00b1a961,Jeffrey Brown,26/09/2025,14:47:30
Knowby Examples,14e2edf5-2561-433c-9381-b34c21a499a4,MMU - E-Stop Familiarisation - Standard Version,4405-d6f6-e37511ad----906f-aefa00b1a961,Jeffrey Brown,10/09/2025,13:27:32
Knowby Examples,14e2edf5-2561-433c-9381-b34c21a499a4,MMU - E-Stop Familiarisation - Standard Version,44ed-a978-e8d990e2----8b3d-aef900a6bb99,Robert Perez,18/08/2025,16:09:25
Knowby Examples,14e2edf5-2561-433c-9381-b34c21a499a4,MMU - E-Stop Familiarisation - Standard Version,44ed-a978-e8d990e2----8b3d-aef900a6bb99,Robert Perez,18/08/2025,13:51:08
Knowby Examples,14e2edf5-2561-433c-9381-b34c21a499a4,MMU - E-Stop Familiarisation - Standard Version,44ed-a978-e8d990e2----8b3d-aef900a6bb99,Robert Perez,23/08/2025,11:38:48
Knowby Examples,14e2edf5-2561-433c-9381-b34c21a499a4,MMU - E-Stop Familiarisation - Standard Version,44ed-a978-e8d990e2----8b3d-aef900a6bb99,Robert Perez,24/09/2025,14:54:48
Knowby Examples,14e2edf5-2561-433c-9381-b34c21a499a4,MMU - E-Stop Familiarisation - Standard Version,44ed-a978-e8d990e2----8b3d-aef900a6bb99,Robert Perez,13/01/2025,09:50:56
Knowby Examples,14e2edf5-2561-433c-9381-b34c21a499a4,MMU - E-Stop Familiarisation - Standard Version,44ed-a978-e8d990e2----8b3d-aef900a6bb99,Robert Perez,13/01/2025,14:20:17
Knowby Examples,14e2edf5-2561-433c-9381-b34c21a499a4,MMU - E-Stop Familiarisation - Standard Version,4ed4-864f-db17168a----9128-a3c9ddb6e3ea,Carol Jones,07/04/2025,15:21:48
Knowby Examples,14e2edf5-2561-433c-9381-b34c21a499a4,MMU - E-Stop Familiarisation - Standard Version,4d1a-2d52-b574cc8e----b6c0-af3b0075112b,Melanie Wilson,20/08/2025,17:29:48
Knowby Examples,14e2edf5-2561-433c-9381-b34c21a499a4,MMU - E-Stop Familiarisation - Standard Version,4d1a-2d52-b574cc8e----b6c0-af3b0075112b,Melanie Wilson,21/08/2025,15:47:36
Knowby Examples,5430940f-aafd-4422-b292-c584990227b0,Clipchamp Video Editing Tutorial,4dd1-509e-67e290d9----bb68-afdb00c8af51,Cristian Gonzalez,15/09/2025,17:27:54
Knowby Examples,5430940f-aafd-4422-b292-c584990227b0,Clipchamp Video Editing Tutorial,4dd1-509e-67e290d9----bb68-afdb00c8af51,Cristian Gonzalez,15/09/2025,12:53:28
Knowby Examples,5430940f-aafd-4422-b292-c584990227b0,Clipchamp Video Editing Tutorial,4dd1-509e-67e290d9----bb68-afdb00c8af51,Cristian Gonzalez,15/09/2025,11:02:42
Knowby Examples,5430940f-aafd-4422-b292-c584990227b0,Clipchamp Video Editing Tutorial,4dd1-509e-67e290d9----bb68-afdb00c8af51,Cristian Gonzalez,18/09/2025,08:59:28
Knowby Examples,5430940f-aafd-4422-b292-c584990227b0,Clipchamp Video Editing Tutorial,4dd1-509e-67e290d9----bb68-afdb00c8af51,Cristian Gonzalez,18/09/2024,16:39:32
Knowby Examples,5430940f-aafd-4422-b292-c584990227b0,Clipchamp Video Editing Tutorial,4dd1-509e-67e290d9----bb68-afdb00c8af51,Cristian Gonzalez,19/09/2025,10:27:54
Knowby Examples,5430940f-aafd-4422-b292-c584990227b0,Clipchamp Video Editing Tutorial,4dd1-509e-67e290d9----bb68-afdb00c8af51,Cristian Gonzalez,19/09/2025,14:15:36
Knowby Examples,5430940f-aafd-4422-b292-c584990227b0,Clipchamp Video Editing Tutorial,4dd1-509e-67e290d9----bb68-afdb00c8af51,Cristian Gonzalez,21/09/2025,17:28:49
Knowby Examples,5430940f-aafd-4422-b292-c584990227b0,Clipchamp Video Editing Tutorial,4dd1-509e-67e290d9----bb68-afdb00c8af51,Cristian Gonzalez,28/09/2025,13:18:58
Knowby Examples,5430940f-aafd-4422-b292-c584990227b0,Clipchamp Video Editing Tutorial,4dd1-509e-67e290d9----bb68-afdb00c8af51,Cristian Gonzalez,10/06/2024,14:10:10
Knowby Examples,5430940f-aafd-4422-b292-c584990227b0,Clipchamp Video Editing Tutorial,4dd1-509e-67e290d9----bb68-afdb00c8af51,Cristian Gonzalez,26/06/2025,13:34:04
Knowby Examples,5430940f-aafd-4422-b292-c584990227b0,Clipchamp Video Editing Tutorial,4405-d6f6-e37511ad----906f-aefa00b1a961,Jeffrey Brown,20/09/2025,10:41:09
Knowby Examples,5430940f-aafd-4422-b292-c584990227b0,Clipchamp Video Editing Tutorial,4405-d6f6-e37511ad----906f-aefa00b1a961,Jeffrey Brown,27/09/2025,12:02:13
Knowby Examples,5430940f-aafd-4422-b292-c584990227b0,Clipchamp Video Editing Tutorial,48fc-570a-dbd3e909----bad2-525647cdf75e,Jonathan Lopez,10/11/2024,14:56:55
Knowby Examples,5430940f-aafd-4422-b292-c584990227b0,Clipchamp Video Editing Tutorial,4a3b-d12b-b12f7a54----8c09-cb5e4acaacaa,Leonard Lawrence,19/09/2025,11:00:05
Knowby Examples,5430940f-aafd-4422-b292-c584990227b0,Clipchamp Video Editing Tutorial,44ed-a978-e8d990e2----8b3d-aef900a6bb99,Robert Perez,15/09/2025,10:22:47
Knowby Examples,5430940f-aafd-4422-b292-c584990227b0,Clipchamp Video Editing Tutorial,4ed4-864f-db17168a----9128-a3c9ddb6e3ea,Carol Jones,14/09/2024,17:14:06
Knowby Examples,5430940f-aafd-4422-b292-c584990227b0,Clipchamp Video Editing Tutorial,4ed4-864f-db17168a----9128-a3c9ddb6e3ea,Carol Jones,14/09/2025,08:03:56
Knowby Examples,5430940f-aafd-4422-b292-c584990227b0,Clipchamp Video Editing Tutorial,4ed4-864f-db17168a----9128-a3c9ddb6e3ea,Carol Jones,14/09/2025,12:54:37
Knowby Examples,5430940f-aafd-4422-b292-c584990227b0,Clipchamp Video Editing Tutorial,4ed4-864f-db17168a----9128-a3c9ddb6e3ea,Carol Jones,14/09/2025,11:52:01
Knowby Examples,5430940f-aafd-4422-b292-c584990227b0,Clipchamp Video Editing Tutorial,4ed4-864f-db17168a----9128-a3c9ddb6e3ea,Carol Jones,14/09/2025,15:33:47
Knowby Examples,5430940f-aafd-4422-b292-c584990227b0,Clipchamp Video Editing Tutorial,4ed4-864f-db17168a----9128-a3c9ddb6e3ea,Carol Jones,14/09/2025,14:34:10
Knowby Examples,5430940f-aafd-4422-b292-c584990227b0,Clipchamp Video Editing Tutorial,4ed4-864f-db17168a----9128-a3c9ddb6e3ea,Carol Jones,14/09/2025,17:15:41
Knowby Examples,5430940f-aafd-4422-b292-c584990227b0,Clipchamp Video Editing Tutorial,4ed4-864f-db17168a----9128-a3c9ddb6e3ea,Carol Jones,14/09/2025,11:24:42
Knowby Examples,5430940f-aafd-4422-b292-c584990227b0,Clipchamp Video Editing Tutorial,4ed4-864f-db17168a----9128-a3c9ddb6e3ea,Carol Jones,14/09/2025,11:00:09
Knowby Examples,5430940f-aafd-4422-b292-c584990227b0,Clipchamp Video Editing Tutorial,4ed4-864f-db17168a----9128-a3c9ddb6e3ea,Carol Jones,14/09/2025,10:46:32
Knowby Examples,5430940f-aafd-4422-b292-c584990227b0,Clipchamp Video Editing Tutorial,4ed4-864f-db17168a----9128-a3c9ddb6e3ea,Carol Jones,15/09/2025,11:46:21
Knowby Examples,5430940f-aafd-4422-b292-c584990227b0,Clipchamp Video Editing Tutorial,4ed4-864f-db17168a----9128-a3c9ddb6e3ea,Carol Jones,15/09/2025,13:17:06
Knowby Examples,5430940f-aafd-4422-b292-c584990227b0,Clipchamp Video Editing Tutorial,4ed4-864f-db17168a----9128-a3c9ddb6e3ea,Carol Jones,15/09/2025,12:44:14
Knowby Examples,5430940f-aafd-4422-b292-c584990227b0,Clipchamp Video Editing Tutorial,4ed4-864f-db17168a----9128-a3c9ddb6e3ea,Carol Jones,27/09/2025,11:30:47
Knowby Examples,5430940f-aafd-4422-b292-c584990227b0,Clipchamp Video Editing Tutorial,4ed4-864f-db17168a----9128-a3c9ddb6e3ea,Carol Jones,10/04/2025,14:36:12
Knowby Examples,e041c9bd-e883-421e-ad95-1f0e223de447,Operating Gates & Pushing Carcass into Split Chiller,4dd1-509e-67e290d9----bb68-afdb00c8af51,Cristian Gonzalez,22/09/2024,11:32:52
Knowby Examples,e041c9bd-e883-421e-ad95-1f0e223de447,Operating Gates & Pushing Carcass into Split Chiller,4dd1-509e-67e290d9----bb68-afdb00c8af51,Cristian Gonzalez,22/09/2025,12:46:36
Knowby Examples,e041c9bd-e883-421e-ad95-1f0e223de447,Operating Gates & Pushing Carcass into Split Chiller,4dd1-509e-67e290d9----bb68-afdb00c8af51,Cristian Gonzalez,22/09/2025,11:01:35
Knowby Examples,e041c9bd-e883-421e-ad95-1f0e223de447,Operating Gates & Pushing Carcass into Split Chiller,4dd1-509e-67e290d9----bb68-afdb00c8af51,Cristian Gonzalez,22/09/2025,14:40:35
Knowby Examples,e041c9bd-e883-421e-ad95-1f0e223de447,Operating Gates & Pushing Carcass into Split Chiller,4dd1-509e-67e290d9----bb68-afdb00c8af51,Cristian Gonzalez,22/09/2025,17:36:41
Knowby Examples,e041c9bd-e883-421e-ad95-1f0e223de447,Operating Gates & Pushing Carcass into Split Chiller,4dd1-509e-67e290d9----bb68-afdb00c8af51,Cristian Gonzalez,22/09/2024,15:40:49
Knowby Examples,e041c9bd-e883-421e-ad95-1f0e223de447,Operating Gates & Pushing Carcass into Split Chiller,4dd1-509e-67e290d9----bb68-afdb00c8af51,Cristian Gonzalez,22/09/2025,11:17:14
Knowby Examples,e041c9bd-e883-421e-ad95-1f0e223de447,Operating Gates & Pushing Carcass into Split Chiller,4dd1-509e-67e290d9----bb68-afdb00c8af51,Cristian Gonzalez,22/09/2025,13:31:12
Knowby Examples,e041c9bd-e883-421e-ad95-1f0e223de447,Operating Gates & Pushing Carcass into Split Chiller,4dd1-509e-67e290d9----bb68-afdb00c8af51,Cristian Gonzalez,31/10/2024,13:50:33
Knowby Examples,e041c9bd-e883-421e-ad95-1f0e223de447,Operating Gates & Pushing Carcass into Split Chiller,4dd1-509e-67e290d9----bb68-afdb00c8af51,Cristian Gonzalez,15/11/2025,08:36:44
Knowby Examples,e041c9bd-e883-421e-ad95-1f0e223de447,Operating Gates & Pushing Carcass into Split Chiller,4dd1-509e-67e290d9----bb68-afdb00c8af51,Cristian Gonzalez,07/09/2025,13:07:54
Knowby Examples,e041c9bd-e883-421e-ad95-1f0e223de447,Operating Gates & Pushing Carcass into Split Chiller,4327-393b-53cbdfde----b9a4-aef900aa92ef,Kenneth Landry,07/09/2025,17:10:34
Knowby Examples,e041c9bd-e883-421e-ad95-1f0e223de447,Operating Gates & Pushing Carcass into Split Chiller,44ed-a978-e8d990e2----8b3d-aef900a6bb99,Robert Perez,15/11/2025,17:37:45
Knowby Examples,e041c9bd-e883-421e-ad95-1f0e223de447,Operating Gates & Pushing Carcass into Split Chiller,44ed-a978-e8d990e2----8b3d-aef900a6bb99,Robert Perez,15/11/2025,08:31:50
Knowby Examples,e041c9bd-e883-421e-ad95-1f0e223de447,Operating Gates & Pushing Carcass into Split Chiller,44ed-a978-e8d990e2----8b3d-aef900a6bb99,Robert Perez,15/11/2024,10:30:00
Knowby Examples,e041c9bd-e883-421e-ad95-1f0e223de447,Operating Gates & Pushing Carcass into Split Chiller,44ed-a978-e8d990e2----8b3d-aef900a6bb99,Robert Perez,07/09/2024,14:24:03
Knowby Examples,e041c9bd-e883-421e-ad95-1f0e223de447,Operating Gates & Pushing Carcass into Split Chiller,4ed4-864f-db17168a----9128-a3c9ddb6e3ea,Carol Jones,27/09/2025,15:19:36
Knowby Examples,e041c9bd-e883-421e-ad95-1f0e223de447,Operating Gates & Pushing Carcass into Split Chiller,4ed4-864f-db17168a----9128-a3c9ddb6e3ea,Carol Jones,27/09/2024,10:16:27
Knowby Examples,e041c9bd-e883-421e-ad95-1f0e223de447,Operating Gates & Pushing Carcass into Split Chiller,4ed4-864f-db17168a----9128-a3c9ddb6e3ea,Carol Jones,10/11/2025,11:45:42
Knowby Examples,e041c9bd-e883-421e-ad95-1f0e223de447,Operating Gates & Pushing Carcass into Split Chiller,4e42-3ecf-a947652f----8d8f-1b0d973d1bbf,Robert Taylor,02/11/2025,13:51:43
Knowby Examples,27e2fd1e-3c35-437c-931c-19b67b0cc22a,How To Slice Bread,4dd1-509e-67e290d9----bb68-afdb00c8af51,Cristian Gonzalez,14/09/2024,12:07:06
Knowby Examples,27e2fd1e-3c35-437c-931c-19b67b0cc22a,How To Slice Bread,4dd1-509e-67e290d9----bb68-afdb00c8af51,Cristian Gonzalez,15/09/2025,09:41:06
Knowby Examples,27e2fd1e-3c35-437c-931c-19b67b0cc22a,How To Slice Bread,4dd1-509e-67e290d9----bb68-afdb00c8af51,Cristian Gonzalez,10/04/2025,11:38:30
Knowby Examples,27e2fd1e-3c35-437c-931c-19b67b0cc22a,How To Slice Bread,4dd1-509e-67e290d9----bb68-afdb00c8af51,Cristian Gonzalez,10/06/2025,13:48:07
Knowby Examples,27e2fd1e-3c35-437c-931c-19b67b0cc22a,How To Slice Bread,4dd1-509e-67e290d9----bb68-afdb00c8af51,Cristian Gonzalez,10/11/2025,10:40:04
Knowby Examples,27e2fd1e-3c35-437c-931c-19b67b0cc22a,How To Slice Bread,4dd1-509e-67e290d9----bb68-afdb00c8af51,Cristian Gonzalez,26/06/2024,08:10:26
Knowby Examples,27e2fd1e-3c35-437c-931c-19b67b0cc22a,How To Slice Bread,4405-d6f6-e37511ad----906f-aefa00b1a961,Jeffrey Brown,20/09/2025,17:27:19
Knowby Examples,27e2fd1e-3c35-437c-931c-19b67b0cc22a,How To Slice Bread,48fc-570a-dbd3e909----bad2-525647cdf75e,Jonathan Lopez,10/06/2024,10:01:08
Knowby Examples,27e2fd1e-3c35-437c-931c-19b67b0cc22a,How To Slice Bread,44ed-a978-e8d990e2----8b3d-aef900a6bb99,Robert Perez,15/09/2025,08:59:25
Knowby Examples,27e2fd1e-3c35-437c-931c-19b67b0cc22a,How To Slice Bread,4ed4-864f-db17168a----9128-a3c9ddb6e3ea,Carol Jones,10/05/2025,09:57:13
Knowby Examples,27e2fd1e-3c35-437c-931c-19b67b0cc22a,How To Slice Bread,4ed4-864f-db17168a----9128-a3c9ddb6e3ea,Carol Jones,10/11/2025,13:29:13
Knowby Examples,27e2fd1e-3c35-437c-931c-19b67b0cc22a,How To Slice Bread,4ed4-864f-db17168a----9128-a3c9ddb6e3ea,Carol Jones,10/12/2025,11:24:51
Knowby Examples,9b7f2c31-ea8c-49c3-b347-34b5ebc2e290,Lush Green Mastery: Perfect Lawn in a few Simple Steps,4dd1-509e-67e290d9----bb68-afdb00c8af51,Cristian Gonzalez,10/04/2025,10:18:05
Knowby Examples,9b7f2c31-ea8c-49c3-b347-34b5ebc2e290,Lush Green Mastery: Perfect Lawn in a few Simple Steps,4dd1-509e-67e290d9----bb68-afdb00c8af51,Cristian Gonzalez,10/11/2025,17:13:36
Knowby Examples,9b7f2c31-ea8c-49c3-b347-34b5ebc2e290,Lush Green Mastery: Perfect Lawn in a few Simple Steps,4dd1-509e-67e290d9----bb68-afdb00c8af51,Cristian Gonzalez,16/10/2025,09:59:13
Knowby Examples,9b7f2c31-ea8c-49c3-b347-34b5ebc2e290,Lush Green Mastery: Perfect Lawn in a few Simple Steps,4dd1-509e-67e290d9----bb68-afdb00c8af51,Cristian Gonzalez,31/10/2024,14:22:35
Knowby Examples,9b7f2c31-ea8c-49c3-b347-34b5ebc2e290,Lush Green Mastery: Perfect Lawn in a few Simple Steps,4d2c-583f-adfb71a0----947b-af0c00af8d6b,Adriana Sanders,13/10/2025,12:24:47
Knowby Examples,9b7f2c31-ea8c-49c3-b347-34b5ebc2e290,Lush Green Mastery: Perfect Lawn in a few Simple Steps,4405-d6f6-e37511ad----906f-aefa00b1a961,Jeffrey Brown,10/09/2024,16:57:39
Knowby Examples,9b7f2c31-ea8c-49c3-b347-34b5ebc2e290,Lush Green Mastery: Perfect Lawn in a few Simple Steps,48fc-570a-dbd3e909----bad2-525647cdf75e,Jonathan Lopez,10/03/2024,08:38:40
Knowby Examples,9b7f2c31-ea8c-49c3-b347-34b5ebc2e290,Lush Green Mastery: Perfect Lawn in a few Simple Steps,48fc-570a-dbd3e909----bad2-525647cdf75e,Jonathan Lopez,10/05/2025,13:26:42
Knowby Examples,9b7f2c31-ea8c-49c3-b347-34b5ebc2e290,Lush Green Mastery: Perfect Lawn in a few Simple Steps,48fc-570a-dbd3e909----bad2-525647cdf75e,Jonathan Lopez,10/11/2025,08:29:34
Knowby Examples,9b7f2c31-ea8c-49c3-b347-34b5ebc2e290,Lush Green Mastery: Perfect Lawn in a few Simple Steps,48fc-570a-dbd3e909----bad2-525647cdf75e,Jonathan Lopez,13/10/2025,10:18:49
Knowby Examples,9b7f2c31-ea8c-49c3-b347-34b5ebc2e290,Lush Green Mastery: Perfect Lawn in a few Simple Steps,48fc-570a-dbd3e909----bad2-525647cdf75e,Jonathan Lopez,13/10/2025,14:07:09
Knowby Examples,9b7f2c31-ea8c-49c3-b347-34b5ebc2e290,Lush Green Mastery: Perfect Lawn in a few Simple Steps,44ed-a978-e8d990e2----8b3d-aef900a6bb99,Robert Perez,13/10/2025,09:07:17
Knowby Examples,9b7f2c31-ea8c-49c3-b347-34b5ebc2e290,Lush Green Mastery: Perfect Lawn in a few Simple Steps,4ed4-864f-db17168a----9128-a3c9ddb6e3ea,Carol Jones,10/02/2025,16:41:20
Knowby Examples,9b7f2c31-ea8c-49c3-b347-34b5ebc2e290,Lush Green Mastery: Perfect Lawn in a few Simple Steps,4ed4-864f-db17168a----9128-a3c9ddb6e3ea,Carol Jones,10/02/2025,09:18:50
Knowby Examples,9b7f2c31-ea8c-49c3-b347-34b5ebc2e290,Lush Green Mastery: Perfect Lawn in a few Simple Steps,4ed4-864f-db17168a----9128-a3c9ddb6e3ea,Carol Jones,10/02/2025,09:51:55
Knowby Examples,9b7f2c31-ea8c-49c3-b347-34b5ebc2e290,Lush Green Mastery: Perfect Lawn in a few Simple Steps,4ed4-864f-db17168a----9128-a3c9ddb6e3ea,Carol Jones,10/02/2024,09:05:01
Knowby Examples,9b7f2c31-ea8c-49c3-b347-34b5ebc2e290,Lush Green Mastery: Perfect Lawn in a few Simple Steps,4ed4-864f-db17168a----9128-a3c9ddb6e3ea,Carol Jones,10/02/2025,13:55:01
Knowby Examples,9b7f2c31-ea8c-49c3-b347-34b5ebc2e290,Lush Green Mastery: Perfect Lawn in a few Simple Steps,4ed4-864f-db17168a----9128-a3c9ddb6e3ea,Carol Jones,10/02/2025,15:55:37
Knowby Examples,9b7f2c31-ea8c-49c3-b347-34b5ebc2e290,Lush Green Mastery: Perfect Lawn in a few Simple Steps,4ed4-864f-db17168a----9128-a3c9ddb6e3ea,Carol Jones,10/02/2025,15:46:51
Knowby Examples,9b7f2c31-ea8c-49c3-b347-34b5ebc2e290,Lush Green Mastery: Perfect Lawn in a few Simple Steps,4ed4-864f-db17168a----9128-a3c9ddb6e3ea,Carol Jones,10/02/2025,12:53:12
Knowby Examples,9b7f2c31-ea8c-49c3-b347-34b5ebc2e290,Lush Green Mastery: Perfect Lawn in a few Simple Steps,4ed4-864f-db17168a----9128-a3c9ddb6e3ea,Carol Jones,10/03/2024,17:30:08
Knowby Examples,9b7f2c31-ea8c-49c3-b347-34b5ebc2e290,Lush Green Mastery: Perfect Lawn in a few Simple Steps,4ed4-864f-db17168a----9128-a3c9ddb6e3ea,Carol Jones,10/04/2025,16:17:04
Knowby Examples,9b7f2c31-ea8c-49c3-b347-34b5ebc2e290,Lush Green Mastery: Perfect Lawn in a few Simple Steps,4ed4-864f-db17168a----9128-a3c9ddb6e3ea,Carol Jones,10/04/2025,17:18:31
Knowby Examples,9b7f2c31-ea8c-49c3-b347-34b5ebc2e290,Lush Green Mastery: Perfect Lawn in a few Simple Steps,4ed4-864f-db17168a----9128-a3c9ddb6e3ea,Carol Jones,10/11/2025,11:59:04
Knowby Examples,9b7f2c31-ea8c-49c3-b347-34b5ebc2e290,Lush Green Mastery: Perfect Lawn in a few Simple Steps,4ed4-864f-db17168a----9128-a3c9ddb6e3ea,Carol Jones,10/11/2025,15:41:08
Knowby Examples,9b7f2c31-ea8c-49c3-b347-34b5ebc2e290,Lush Green Mastery: Perfect Lawn in a few Simple Steps,4ed4-864f-db17168a----9128-a3c9ddb6e3ea,Carol Jones,25/10/2025,12:21:47
Knowby Examples,9b7f2c31-ea8c-49c3-b347-34b5ebc2e290,Lush Green Mastery: Perfect Lawn in a few Simple Steps,4ed4-864f-db17168a----9128-a3c9ddb6e3ea,Carol Jones,11/12/2025,09:31:29
Knowby Examples,9b7f2c31-ea8c-49c3-b347-34b5ebc2e290,Lush Green Mastery: Perfect Lawn in a few Simple Steps,4ed4-864f-db17168a----9128-a3c9ddb6e3ea,Carol Jones,11/12/2025,16:14:28
Knowby Examples,9b7f2c31-ea8c-49c3-b347-34b5ebc2e290,Lush Green Mastery: Perfect Lawn in a few Simple Steps,4d1d-b3d9-f80a55c3----9b77-af8e00265919,Angel Navarro,13/10/2025,16:06:20
Knowby Examples,ca861649-7def-4d2d-a663-5f0354bc2d60,Preventing Insurance Fraud: Helpful Tips,4dd1-509e-67e290d9----bb68-afdb00c8af51,Cristian Gonzalez,11/02/2025,09:18:15
Knowby Examples,ca861649-7def-4d2d-a663-5f0354bc2d60,Preventing Insurance Fraud: Helpful Tips,4d2c-583f-adfb71a0----947b-af0c00af8d6b,Adriana Sanders,19/11/2024,11:30:07
Knowby Examples,ca861649-7def-4d2d-a663-5f0354bc2d60,Preventing Insurance Fraud: Helpful Tips,44ed-a978-e8d990e2----8b3d-aef900a6bb99,Robert Perez,27/11/2025,15:14:47
Knowby Examples,ca861649-7def-4d2d-a663-5f0354bc2d60,Preventing Insurance Fraud: Helpful Tips,4ed4-864f-db17168a----9128-a3c9ddb6e3ea,Carol Jones,11/01/2025,10:44:41
Knowby Examples,ca861649-7def-4d2d-a663-5f0354bc2d60,Preventing Insurance Fraud: Helpful Tips,4ed4-864f-db17168a----9128-a3c9ddb6e3ea,Carol Jones,11/01/2025,13:04:31
Knowby Examples,ca861649-7def-4d2d-a663-5f0354bc2d60,Preventing Insurance Fraud: Helpful Tips,4ed4-864f-db17168a----9128-a3c9ddb6e3ea,Carol Jones,11/01/2025,10:20:54
Knowby Examples,126fe58d-a014-4a3b-ab52-ee2728311c4f,What to Do When You're in a Car Accident,4dd1-509e-67e290d9----bb68-afdb00c8af51,Cristian Gonzalez,11/02/2024,15:04:33
Knowby Examples,126fe58d-a014-4a3b-ab52-ee2728311c4f,What to Do When You're in a Car Accident,4dd1-509e-67e290d9----bb68-afdb00c8af51,Cristian Gonzalez,05/10/2025,12:42:39
Knowby Examples,126fe58d-a014-4a3b-ab52-ee2728311c4f,What to Do When You're in a Car Accident,4d2c-583f-adfb71a0----947b-af0c00af8d6b,Adriana Sanders,19/11/2025,15:01:02
Knowby Examples,126fe58d-a014-4a3b-ab52-ee2728311c4f,What to Do When You're in a Car Accident,44ed-a978-e8d990e2----8b3d-aef900a6bb99,Robert Perez,27/11/2025,16:37:40
Knowby Examples,cf6ff7c5-1ce5-4c3f-9f4a-f13c7e4735ae,Preparing for Flooding: Essential Steps,4dd1-509e-67e290d9----bb68-afdb00c8af51,Cristian Gonzalez,11/02/2025,14:18:10
Knowby Examples,cf6ff7c5-1ce5-4c3f-9f4a-f13c7e4735ae,Preparing for Flooding: Essential Steps,4dd1-509e-67e290d9----bb68-afdb00c8af51,Cristian Gonzalez,15/11/2025,14:04:35
Knowby Examples,cf6ff7c5-1ce5-4c3f-9f4a-f13c7e4735ae,Preparing for Flooding: Essential Steps,4dd1-509e-67e290d9----bb68-afdb00c8af51,Cristian Gonzalez,05/10/2024,08:11:23
Knowby Examples,cf6ff7c5-1ce5-4c3f-9f4a-f13c7e4735ae,Preparing for Flooding: Essential Steps,4ed4-864f-db17168a----9128-a3c9ddb6e3ea,Carol Jones,11/01/2025,12:37:39
Knowby Examples,cf6ff7c5-1ce5-4c3f-9f4a-f13c7e4735ae,Preparing for Flooding: Essential Steps,4ed4-864f-db17168a----9128-a3c9ddb6e3ea,Carol Jones,11/12/2025,15:32:56
Knowby Examples,cf6ff7c5-1ce5-4c3f-9f4a-f13c7e4735ae,Preparing for Flooding: Essential Steps,4ed1-affe-79057836----9ea2-adc551671be2,John Terrell,22/07/2024,17:19:04
Knowby Examples,aed9806a-92fa-4f07-a499-a9b89f19c176,Pick a path,4dd1-509e-67e290d9----bb68-afdb00c8af51,Cristian Gonzalez,20/10/2025,15:11:17
Knowby Examples,aed9806a-92fa-4f07-a499-a9b89f19c176,Pick a path,4dd1-509e-67e290d9----bb68-afdb00c8af51,Cristian Gonzalez,20/10/2025,17:17:59
Knowby Examples,aed9806a-92fa-4f07-a499-a9b89f19c176,Pick a path,4dd1-509e-67e290d9----bb68-afdb00c8af51,Cristian Gonzalez,20/10/2025,12:17:27
Knowby Examples,aed9806a-92fa-4f07-a499-a9b89f19c176,Pick a path,4dd1-509e-67e290d9----bb68-afdb00c8af51,Cristian Gonzalez,20/10/2025,09:36:41
Knowby Examples,aed9806a-92fa-4f07-a499-a9b89f19c176,Pick a path,4dd1-509e-67e290d9----bb68-afdb00c8af51,Cristian Gonzalez,20/10/2025,11:23:54
Knowby Examples,aed9806a-92fa-4f07-a499-a9b89f19c176,Pick a path,4dd1-509e-67e290d9----bb68-afdb00c8af51,Cristian Gonzalez,20/10/2025,11:04:30
Knowby Examples,aed9806a-92fa-4f07-a499-a9b89f19c176,Pick a path,4dd1-509e-67e290d9----bb68-afdb00c8af51,Cristian Gonzalez,17/11/2025,09:53:15
Knowby Examples,aed9806a-92fa-4f07-a499-a9b89f19c176,Pick a path,44ed-a978-e8d990e2----8b3d-aef900a6bb99,Robert Perez,30/10/2025,12:31:00
Knowby Examples,aed9806a-92fa-4f07-a499-a9b89f19c176,Pick a path,4ed4-864f-db17168a----9128-a3c9ddb6e3ea,Carol Jones,25/10/2025,09:51:55
Knowby Examples,a3e9078c-d2c6-48b7-bb92-247b9bdb7a21,This is a test,4dd1-509e-67e290d9----bb68-afdb00c8af51,Cristian Gonzalez,30/11/2025,11:38:22
Knowby Examples,a3e9078c-d2c6-48b7-bb92-247b9bdb7a21,This is a test,4dd1-509e-67e290d9----bb68-afdb00c8af51,Cristian Gonzalez,30/11/2025,10:05:50
Knowby Examples,6ceab982-0106-4be0-955d-59bb03bd737d,12 Tent-Camping Hacks,4d2c-583f-adfb71a0----947b-af0c00af8d6b,Adriana Sanders,19/11/2024,17:17:36
Knowby Examples,6ceab982-0106-4be0-955d-59bb03bd737d,12 Tent-Camping Hacks,44ed-a978-e8d990e2----8b3d-aef900a6bb99,Robert Perez,11/09/2025,11:04:21
Knowby Examples,6ceab982-0106-4be0-955d-59bb03bd737d,12 Tent-Camping Hacks,4ed4-864f-db17168a----9128-a3c9ddb6e3ea,Carol Jones,11/08/2024,08:20:28
Knowby Examples,6ceab982-0106-4be0-955d-59bb03bd737d,12 Tent-Camping Hacks,4ed4-864f-db17168a----9128-a3c9ddb6e3ea,Carol Jones,11/08/2025,13:54:11
Knowby Examples,6ceab982-0106-4be0-955d-59bb03bd737d,12 Tent-Camping Hacks,4ed4-864f-db17168a----9128-a3c9ddb6e3ea,Carol Jones,11/08/2024,13:43:44
Knowby Examples,6ceab982-0106-4be0-955d-59bb03bd737d,12 Tent-Camping Hacks,4ed4-864f-db17168a----9128-a3c9ddb6e3ea,Carol Jones,11/09/2025,15:25:34
Knowby Examples,6ceab982-0106-4be0-955d-59bb03bd737d,12 Tent-Camping Hacks,4ed4-864f-db17168a----9128-a3c9ddb6e3ea,Carol Jones,03/04/2025,09:57:27
Knowby Examples,6ceab982-0106-4be0-955d-59bb03bd737d,12 Tent-Camping Hacks,4ed4-864f-db17168a----9128-a3c9ddb6e3ea,Carol Jones,03/04/2025,13:06:50
Knowby Examples,7d598b43-9dbb-4370-94a9-99d9d0ed3da5,Creating a part in Numerical Mode,4dd1-509e-67e290d9----bb68-afdb00c8af51,Cristian Gonzalez,24/11/2025,13:45:41
Knowby Examples,7d598b43-9dbb-4370-94a9-99d9d0ed3da5,Creating a part in Numerical Mode,4dd1-509e-67e290d9----bb68-afdb00c8af51,Cristian Gonzalez,24/11/2025,09:22:44
Knowby Examples,7d598b43-9dbb-4370-94a9-99d9d0ed3da5,Creating a part in Numerical Mode,44ed-a978-e8d990e2----8b3d-aef900a6bb99,Robert Perez,21/11/2025,14:50:48
Knowby Examples,7d598b43-9dbb-4370-94a9-99d9d0ed3da5,Creating a part in Numerical Mode,4ed4-864f-db17168a----9128-a3c9ddb6e3ea,Carol Jones,23/11/2025,13:07:54
Knowby Examples,7d598b43-9dbb-4370-94a9-99d9d0ed3da5,Creating a part in Numerical Mode,4ed4-864f-db17168a----9128-a3c9ddb6e3ea,Carol Jones,24/11/2025,08:36:03
Knowby Examples,7d598b43-9dbb-4370-94a9-99d9d0ed3da5,Creating a part in Numerical Mode,4ed4-864f-db17168a----9128-a3c9ddb6e3ea,Carol Jones,24/11/2025,10:15:50
Knowby Examples,db3f3ccc-add6-4d92-a65f-90ae60702261,Applying dimensions corrections on CybTouch,4dd1-509e-67e290d9----bb68-afdb00c8af51,Cristian Gonzalez,24/11/2025,17:17:08
Knowby Examples,db3f3ccc-add6-4d92-a65f-90ae60702261,Applying dimensions corrections on CybTouch,44ed-a978-e8d990e2----8b3d-aef900a6bb99,Robert Perez,24/11/2025,15:57:14
Knowby Examples,db3f3ccc-add6-4d92-a65f-90ae60702261,Applying dimensions corrections on CybTouch,4ed4-864f-db17168a----9128-a3c9ddb6e3ea,Carol Jones,23/11/2025,12:15:19
Knowby Examples,db3f3ccc-add6-4d92-a65f-90ae60702261,Applying dimensions corrections on CybTouch,4ed4-864f-db17168a----9128-a3c9ddb6e3ea,Carol Jones,24/11/2024,09:40:58
Knowby Examples,f741b40b-1489-48de-8c1c-54f63886063e,Here is an old tool,44ed-a978-e8d990e2----8b3d-aef900a6bb99,Robert Perez,14/05/2025,11:57:15
Knowby Examples,c5185117-c959-4f0a-bcaa-8bf2aea9d644,Knowby Lunch in Sydney - Finding the Food!,4dd1-509e-67e290d9----bb68-afdb00c8af51,Cristian Gonzalez,16/05/2025,10:25:27
Knowby Examples,06a9e213-fe93-43ae-b2f0-7081f36b742c,Operator Training - K-Tec ADT Scraper - Starting,489c-c9c4-29fad270----aab7-af440073e71a,John Jones,18/04/2025,14:00:34
Knowby Examples,06a9e213-fe93-43ae-b2f0-7081f36b742c,Operator Training - K-Tec ADT Scraper - Starting,400d-dbe2-f01d079d----af6e-af3d005280aa,Rhonda Evans,20/09/2025,08:23:40
Knowby Examples,06a9e213-fe93-43ae-b2f0-7081f36b742c,Operator Training - K-Tec ADT Scraper - Starting,400d-dbe2-f01d079d----af6e-af3d005280aa,Rhonda Evans,22/04/2025,15:38:44
Knowby Examples,06a9e213-fe93-43ae-b2f0-7081f36b742c,Operator Training - K-Tec ADT Scraper - Starting,400d-dbe2-f01d079d----af6e-af3d005280aa,Rhonda Evans,22/04/2025,12:26:28
Knowby Examples,06a9e213-fe93-43ae-b2f0-7081f36b742c,Operator Training - K-Tec ADT Scraper - Starting,400d-dbe2-f01d079d----af6e-af3d005280aa,Rhonda Evans,22/04/2024,13:48:20
Knowby Examples,06a9e213-fe93-43ae-b2f0-7081f36b742c,Operator Training - K-Tec ADT Scraper - Starting,400d-dbe2-f01d079d----af6e-af3d005280aa,Rhonda Evans,22/04/2024,16:29:51
Knowby Examples,06a9e213-fe93-43ae-b2f0-7081f36b742c,Operator Training - K-Tec ADT Scraper - Starting,400d-dbe2-f01d079d----af6e-af3d005280aa,Rhonda Evans,23/04/2025,16:32:29
Knowby Examples,06a9e213-fe93-43ae-b2f0-7081f36b742c,Operator Training - K-Tec ADT Scraper - Starting,400d-dbe2-f01d079d----af6e-af3d005280aa,Rhonda Evans,05/09/2024,17:14:14
Knowby Examples,06a9e213-fe93-43ae-b2f0-7081f36b742c,Operator Training - K-Tec ADT Scraper - Starting,4dd1-509e-67e290d9----bb68-afdb00c8af51,Cristian Gonzalez,15/07/2024,09:26:45
Knowby Examples,06a9e213-fe93-43ae-b2f0-7081f36b742c,Operator Training - K-Tec ADT Scraper - Starting,4dd1-509e-67e290d9----bb68-afdb00c8af51,Cristian Gonzalez,09/05/2025,09:06:43
Knowby Examples,06a9e213-fe93-43ae-b2f0-7081f36b742c,Operator Training - K-Tec ADT Scraper - Starting,4dd1-509e-67e290d9----bb68-afdb00c8af51,Cristian Gonzalez,13/09/2025,13:06:01
Knowby Examples,06a9e213-fe93-43ae-b2f0-7081f36b742c,Operator Training - K-Tec ADT Scraper - Starting,4dd1-509e-67e290d9----bb68-afdb00c8af51,Cristian Gonzalez,14/09/2024,08:11:25
Knowby Examples,06a9e213-fe93-43ae-b2f0-7081f36b742c,Operator Training - K-Tec ADT Scraper - Starting,4dd1-509e-67e290d9----bb68-afdb00c8af51,Cristian Gonzalez,14/09/2025,16:56:36
Knowby Examples,06a9e213-fe93-43ae-b2f0-7081f36b742c,Operator Training - K-Tec ADT Scraper - Starting,4dd1-509e-67e290d9----bb68-afdb00c8af51,Cristian Gonzalez,15/09/2025,17:46:27
Knowby Examples,06a9e213-fe93-43ae-b2f0-7081f36b742c,Operator Training - K-Tec ADT Scraper - Starting,4dd1-509e-67e290d9----bb68-afdb00c8af51,Cristian Gonzalez,15/09/2025,13:20:08
Knowby Examples,06a9e213-fe93-43ae-b2f0-7081f36b742c,Operator Training - K-Tec ADT Scraper - Starting,4dd1-509e-67e290d9----bb68-afdb00c8af51,Cristian Gonzalez,20/09/2024,12:28:36
Knowby Examples,06a9e213-fe93-43ae-b2f0-7081f36b742c,Operator Training - K-Tec ADT Scraper - Starting,4dd1-509e-67e290d9----bb68-afdb00c8af51,Cristian Gonzalez,22/09/2025,10:02:22
Knowby Examples,06a9e213-fe93-43ae-b2f0-7081f36b742c,Operator Training - K-Tec ADT Scraper - Starting,4dd1-509e-67e290d9----bb68-afdb00c8af51,Cristian Gonzalez,25/09/2025,16:06:54
Knowby Examples,06a9e213-fe93-43ae-b2f0-7081f36b742c,Operator Training - K-Tec ADT Scraper - Starting,4dd1-509e-67e290d9----bb68-afdb00c8af51,Cristian Gonzalez,28/09/2025,08:00:15
Knowby Examples,06a9e213-fe93-43ae-b2f0-7081f36b742c,Operator Training - K-Tec ADT Scraper - Starting,4dd1-509e-67e290d9----bb68-afdb00c8af51,Cristian Gonzalez,11/08/2025,12:38:45
Knowby Examples,06a9e213-fe93-43ae-b2f0-7081f36b742c,Operator Training - K-Tec ADT Scraper - Starting,4dd1-509e-67e290d9----bb68-afdb00c8af51,Cristian Gonzalez,14/11/2025,08:03:11
Knowby Examples,06a9e213-fe93-43ae-b2f0-7081f36b742c,Operator Training - K-Tec ADT Scraper - Starting,4dd1-509e-67e290d9----bb68-afdb00c8af51,Cristian Gonzalez,15/11/2025,11:35:49
Knowby Examples,06a9e213-fe93-43ae-b2f0-7081f36b742c,Operator Training - K-Tec ADT Scraper - Starting,4dd1-509e-67e290d9----bb68-afdb00c8af51,Cristian Gonzalez,15/11/2025,17:21:27
Knowby Examples,06a9e213-fe93-43ae-b2f0-7081f36b742c,Operator Training - K-Tec ADT Scraper - Starting,4dd1-509e-67e290d9----bb68-afdb00c8af51,Cristian Gonzalez,17/11/2025,10:52:56
Knowby Examples,06a9e213-fe93-43ae-b2f0-7081f36b742c,Operator Training - K-Tec ADT Scraper - Starting,4dd1-509e-67e290d9----bb68-afdb00c8af51,Cristian Gonzalez,17/11/2025,12:54:25
Knowby Examples,06a9e213-fe93-43ae-b2f0-7081f36b742c,Operator Training - K-Tec ADT Scraper - Starting,4dd1-509e-67e290d9----bb68-afdb00c8af51,Cristian Gonzalez,23/11/2024,08:26:06
Knowby Examples,06a9e213-fe93-43ae-b2f0-7081f36b742c,Operator Training - K-Tec ADT Scraper - Starting,4dd1-509e-67e290d9----bb68-afdb00c8af51,Cristian Gonzalez,23/11/2025,13:59:22
Knowby Examples,06a9e213-fe93-43ae-b2f0-7081f36b742c,Operator Training - K-Tec ADT Scraper - Starting,4dd1-509e-67e290d9----bb68-afdb00c8af51,Cristian Gonzalez,29/11/2025,13:48:44
Knowby Examples,06a9e213-fe93-43ae-b2f0-7081f36b742c,Operator Training - K-Tec ADT Scraper - Starting,4dd1-509e-67e290d9----bb68-afdb00c8af51,Cristian Gonzalez,12/01/2025,10:48:10
Knowby Examples,06a9e213-fe93-43ae-b2f0-7081f36b742c,Operator Training - K-Tec ADT Scraper - Starting,4dd1-509e-67e290d9----bb68-afdb00c8af51,Cristian Gonzalez,18/04/2025,15:09:04
Knowby Examples,06a9e213-fe93-43ae-b2f0-7081f36b742c,Operator Training - K-Tec ADT Scraper - Starting,4dd1-509e-67e290d9----bb68-afdb00c8af51,Cristian Gonzalez,18/04/2025,14:21:03
Knowby Examples,06a9e213-fe93-43ae-b2f0-7081f36b742c,Operator Training - K-Tec ADT Scraper - Starting,4dd1-509e-67e290d9----bb68-afdb00c8af51,Cristian Gonzalez,18/04/2025,12:27:20
Knowby Examples,06a9e213-fe93-43ae-b2f0-7081f36b742c,Operator Training - K-Tec ADT Scraper - Starting,4dd1-509e-67e290d9----bb68-afdb00c8af51,Cristian Gonzalez,18/04/2025,16:40:13
Knowby Examples,06a9e213-fe93-43ae-b2f0-7081f36b742c,Operator Training - K-Tec ADT Scraper - Starting,4dd1-509e-67e290d9----bb68-afdb00c8af51,Cristian Gonzalez,18/04/2025,09:54:44
Knowby Examples,06a9e213-fe93-43ae-b2f0-7081f36b742c,Operator Training - K-Tec ADT Scraper - Starting,4dd1-509e-67e290d9----bb68-afdb00c8af51,Cristian Gonzalez,18/04/2025,08:28:24
Knowby Examples,06a9e213-fe93-43ae-b2f0-7081f36b742c,Operator Training - K-Tec ADT Scraper - Starting,4dd1-509e-67e290d9----bb68-afdb00c8af51,Cristian Gonzalez,18/04/2024,08:53:35
Knowby Examples,06a9e213-fe93-43ae-b2f0-7081f36b742c,Operator Training - K-Tec ADT Scraper - Starting,4dd1-509e-67e290d9----bb68-afdb00c8af51,Cristian Gonzalez,05/09/2025,12:59:49
Knowby Examples,06a9e213-fe93-43ae-b2f0-7081f36b742c,Operator Training - K-Tec ADT Scraper - Starting,4dd1-509e-67e290d9----bb68-afdb00c8af51,Cristian Gonzalez,05/10/2025,11:20:23
Knowby Examples,06a9e213-fe93-43ae-b2f0-7081f36b742c,Operator Training - K-Tec ADT Scraper - Starting,4dd1-509e-67e290d9----bb68-afdb00c8af51,Cristian Gonzalez,28/06/2025,15:26:59
Knowby Examples,06a9e213-fe93-43ae-b2f0-7081f36b742c,Operator Training - K-Tec ADT Scraper - Starting,4dd1-509e-67e290d9----bb68-afdb00c8af51,Cristian Gonzalez,28/06/2025,12:18:34
Knowby Examples,06a9e213-fe93-43ae-b2f0-7081f36b742c,Operator Training - K-Tec ADT Scraper - Starting,4dd1-509e-67e290d9----bb68-afdb00c8af51,Cristian Gonzalez,07/01/2024,17:45:25
Knowby Examples,06a9e213-fe93-43ae-b2f0-7081f36b742c,Operator Training - K-Tec ADT Scraper - Starting,4dd1-509e-67e290d9----bb68-afdb00c8af51,Cristian Gonzalez,07/01/2025,16:39:47
Knowby Examples,06a9e213-fe93-43ae-b2f0-7081f36b742c,Operator Training - K-Tec ADT Scraper - Starting,4dd1-509e-67e290d9----bb68-afdb00c8af51,Cristian Gonzalez,07/01/2025,12:11:56
Knowby Examples,06a9e213-fe93-43ae-b2f0-7081f36b742c,Operator Training - K-Tec ADT Scraper - Starting,4dd1-509e-67e290d9----bb68-afdb00c8af51,Cristian Gonzalez,07/09/2025,08:20:04
Knowby Examples,06a9e213-fe93-43ae-b2f0-7081f36b742c,Operator Training - K-Tec ADT Scraper - Starting,4dd1-509e-67e290d9----bb68-afdb00c8af51,Cristian Gonzalez,07/10/2024,11:29:53
Knowby Examples,06a9e213-fe93-43ae-b2f0-7081f36b742c,Operator Training - K-Tec ADT Scraper - Starting,4dd1-509e-67e290d9----bb68-afdb00c8af51,Cristian Gonzalez,15/07/2025,16:37:27
Knowby Examples,06a9e213-fe93-43ae-b2f0-7081f36b742c,Operator Training - K-Tec ADT Scraper - Starting,4dd1-509e-67e290d9----bb68-afdb00c8af51,Cristian Gonzalez,15/07/2024,17:03:25
Knowby Examples,06a9e213-fe93-43ae-b2f0-7081f36b742c,Operator Training - K-Tec ADT Scraper - Starting,4dd1-509e-67e290d9----bb68-afdb00c8af51,Cristian Gonzalez,15/07/2025,16:14:09
Knowby Examples,06a9e213-fe93-43ae-b2f0-7081f36b742c,Operator Training - K-Tec ADT Scraper - Starting,4dd1-509e-67e290d9----bb68-afdb00c8af51,Cristian Gonzalez,15/07/2025,08:28:02
Knowby Examples,06a9e213-fe93-43ae-b2f0-7081f36b742c,Operator Training - K-Tec ADT Scraper - Starting,4dd1-509e-67e290d9----bb68-afdb00c8af51,Cristian Gonzalez,15/07/2025,14:20:17
Knowby Examples,06a9e213-fe93-43ae-b2f0-7081f36b742c,Operator Training - K-Tec ADT Scraper - Starting,4dd1-509e-67e290d9----bb68-afdb00c8af51,Cristian Gonzalez,16/07/2025,16:12:04
Knowby Examples,06a9e213-fe93-43ae-b2f0-7081f36b742c,Operator Training - K-Tec ADT Scraper - Starting,4dd1-509e-67e290d9----bb68-afdb00c8af51,Cristian Gonzalez,16/07/2025,17:37:46
Knowby Examples,06a9e213-fe93-43ae-b2f0-7081f36b742c,Operator Training - K-Tec ADT Scraper - Starting,4dd1-509e-67e290d9----bb68-afdb00c8af51,Cristian Gonzalez,16/07/2025,14:57:56
Knowby Examples,06a9e213-fe93-43ae-b2f0-7081f36b742c,Operator Training - K-Tec ADT Scraper - Starting,4dd1-509e-67e290d9----bb68-afdb00c8af51,Cristian Gonzalez,25/09/2025,10:32:10
Knowby Examples,06a9e213-fe93-43ae-b2f0-7081f36b742c,Operator Training - K-Tec ADT Scraper - Starting,4dd1-509e-67e290d9----bb68-afdb00c8af51,Cristian Gonzalez,25/10/2025,15:45:40
Knowby Examples,06a9e213-fe93-43ae-b2f0-7081f36b742c,Operator Training - K-Tec ADT Scraper - Starting,4dd1-509e-67e290d9----bb68-afdb00c8af51,Cristian Gonzalez,30/11/2024,14:56:45
Knowby Examples,06a9e213-fe93-43ae-b2f0-7081f36b742c,Operator Training - K-Tec ADT Scraper - Starting,4dd1-509e-67e290d9----bb68-afdb00c8af51,Cristian Gonzalez,30/11/2025,15:12:00
Knowby Examples,06a9e213-fe93-43ae-b2f0-7081f36b742c,Operator Training - K-Tec ADT Scraper - Starting,4d2c-583f-adfb71a0----947b-af0c00af8d6b,Adriana Sanders,14/08/2025,12:43:15
Knowby Examples,06a9e213-fe93-43ae-b2f0-7081f36b742c,Operator Training - K-Tec ADT Scraper - Starting,4ea3-2234-ee1de7e0----99b4-aefa00ae2eab,William Wilkinson,24/07/2025,13:17:54
Knowby Examples,06a9e213-fe93-43ae-b2f0-7081f36b742c,Operator Training - K-Tec ADT Scraper - Starting,4405-d6f6-e37511ad----906f-aefa00b1a961,Jeffrey Brown,20/09/2024,08:03:18
Knowby Examples,06a9e213-fe93-43ae-b2f0-7081f36b742c,Operator Training - K-Tec ADT Scraper - Starting,4405-d6f6-e37511ad----906f-aefa00b1a961,Jeffrey Brown,20/09/2025,16:24:27
Knowby Examples,06a9e213-fe93-43ae-b2f0-7081f36b742c,Operator Training - K-Tec ADT Scraper - Starting,4405-d6f6-e37511ad----906f-aefa00b1a961,Jeffrey Brown,20/09/2025,14:23:06
Knowby Examples,06a9e213-fe93-43ae-b2f0-7081f36b742c,Operator Training - K-Tec ADT Scraper - Starting,4405-d6f6-e37511ad----906f-aefa00b1a961,Jeffrey Brown,20/09/2024,08:12:24
Knowby Examples,06a9e213-fe93-43ae-b2f0-7081f36b742c,Operator Training - K-Tec ADT Scraper - Starting,4405-d6f6-e37511ad----906f-aefa00b1a961,Jeffrey Brown,20/09/2024,15:49:25
Knowby Examples,06a9e213-fe93-43ae-b2f0-7081f36b742c,Operator Training - K-Tec ADT Scraper - Starting,4405-d6f6-e37511ad----906f-aefa00b1a961,Jeffrey Brown,20/09/2025,13:05:38
Knowby Examples,06a9e213-fe93-43ae-b2f0-7081f36b742c,Operator Training - K-Tec ADT Scraper - Starting,4405-d6f6-e37511ad----906f-aefa00b1a961,Jeffrey Brown,20/09/2025,12:18:06
Knowby Examples,06a9e213-fe93-43ae-b2f0-7081f36b742c,Operator Training - K-Tec ADT Scraper - Starting,4405-d6f6-e37511ad----906f-aefa00b1a961,Jeffrey Brown,21/09/2025,15:30:11
Knowby Examples,06a9e213-fe93-43ae-b2f0-7081f36b742c,Operator Training - K-Tec ADT Scraper - Starting,4405-d6f6-e37511ad----906f-aefa00b1a961,Jeffrey Brown,21/09/2025,16:34:08
Knowby Examples,06a9e213-fe93-43ae-b2f0-7081f36b742c,Operator Training - K-Tec ADT Scraper - Starting,4405-d6f6-e37511ad----906f-aefa00b1a961,Jeffrey Brown,21/09/2025,16:59:37
Knowby Examples,06a9e213-fe93-43ae-b2f0-7081f36b742c,Operator Training - K-Tec ADT Scraper - Starting,4405-d6f6-e37511ad----906f-aefa00b1a961,Jeffrey Brown,21/09/2025,16:40:53
Knowby Examples,06a9e213-fe93-43ae-b2f0-7081f36b742c,Operator Training - K-Tec ADT Scraper - Starting,4405-d6f6-e37511ad----906f-aefa00b1a961,Jeffrey Brown,21/09/2024,15:55:21
Knowby Examples,06a9e213-fe93-43ae-b2f0-7081f36b742c,Operator Training - K-Tec ADT Scraper - Starting,4405-d6f6-e37511ad----906f-aefa00b1a961,Jeffrey Brown,21/09/2025,10:35:57
Knowby Examples,06a9e213-fe93-43ae-b2f0-7081f36b742c,Operator Training - K-Tec ADT Scraper - Starting,4405-d6f6-e37511ad----906f-aefa00b1a961,Jeffrey Brown,21/09/2025,14:43:46
Knowby Examples,06a9e213-fe93-43ae-b2f0-7081f36b742c,Operator Training - K-Tec ADT Scraper - Starting,4405-d6f6-e37511ad----906f-aefa00b1a961,Jeffrey Brown,21/09/2025,15:40:52
Knowby Examples,06a9e213-fe93-43ae-b2f0-7081f36b742c,Operator Training - K-Tec ADT Scraper - Starting,4405-d6f6-e37511ad----906f-aefa00b1a961,Jeffrey Brown,26/09/2024,16:49:15
Knowby Examples,06a9e213-fe93-43ae-b2f0-7081f36b742c,Operator Training - K-Tec ADT Scraper - Starting,4327-393b-53cbdfde----b9a4-aef900aa92ef,Kenneth Landry,19/09/2024,16:20:15
Knowby Examples,06a9e213-fe93-43ae-b2f0-7081f36b742c,Operator Training - K-Tec ADT Scraper - Starting,4327-393b-53cbdfde----b9a4-aef900aa92ef,Kenneth Landry,19/09/2025,14:58:18
Knowby Examples,06a9e213-fe93-43ae-b2f0-7081f36b742c,Operator Training - K-Tec ADT Scraper - Starting,4327-393b-53cbdfde----b9a4-aef900aa92ef,Kenneth Landry,19/09/2025,14:11:06
Knowby Examples,06a9e213-fe93-43ae-b2f0-7081f36b742c,Operator Training - K-Tec ADT Scraper - Starting,4327-393b-53cbdfde----b9a4-aef900aa92ef,Kenneth Landry,19/09/2025,10:06:26
Knowby Examples,06a9e213-fe93-43ae-b2f0-7081f36b742c,Operator Training - K-Tec ADT Scraper - Starting,4327-393b-53cbdfde----b9a4-aef900aa92ef,Kenneth Landry,20/09/2025,14:31:26
Knowby Examples,06a9e213-fe93-43ae-b2f0-7081f36b742c,Operator Training - K-Tec ADT Scraper - Starting,4327-393b-53cbdfde----b9a4-aef900aa92ef,Kenneth Landry,20/09/2024,11:02:17
Knowby Examples,06a9e213-fe93-43ae-b2f0-7081f36b742c,Operator Training - K-Tec ADT Scraper - Starting,4327-393b-53cbdfde----b9a4-aef900aa92ef,Kenneth Landry,20/09/2025,12:04:10
Knowby Examples,06a9e213-fe93-43ae-b2f0-7081f36b742c,Operator Training - K-Tec ADT Scraper - Starting,4327-393b-53cbdfde----b9a4-aef900aa92ef,Kenneth Landry,20/09/2025,11:10:05
Knowby Examples,06a9e213-fe93-43ae-b2f0-7081f36b742c,Operator Training - K-Tec ADT Scraper - Starting,4327-393b-53cbdfde----b9a4-aef900aa92ef,Kenneth Landry,20/09/2025,17:23:41
Knowby Examples,06a9e213-fe93-43ae-b2f0-7081f36b742c,Operator Training - K-Tec ADT Scraper - Starting,4327-393b-53cbdfde----b9a4-aef900aa92ef,Kenneth Landry,20/09/2025,08:36:13
Knowby Examples,06a9e213-fe93-43ae-b2f0-7081f36b742c,Operator Training - K-Tec ADT Scraper - Starting,4327-393b-53cbdfde----b9a4-aef900aa92ef,Kenneth Landry,20/09/2025,17:12:28
Knowby Examples,06a9e213-fe93-43ae-b2f0-7081f36b742c,Operator Training - K-Tec ADT Scraper - Starting,4327-393b-53cbdfde----b9a4-aef900aa92ef,Kenneth Landry,20/09/2024,13:58:11
Knowby Examples,06a9e213-fe93-43ae-b2f0-7081f36b742c,Operator Training - K-Tec ADT Scraper - Starting,4327-393b-53cbdfde----b9a4-aef900aa92ef,Kenneth Landry,20/09/2025,13:42:16
Knowby Examples,06a9e213-fe93-43ae-b2f0-7081f36b742c,Operator Training - K-Tec ADT Scraper - Starting,4327-393b-53cbdfde----b9a4-aef900aa92ef,Kenneth Landry,20/09/2025,13:23:05
Knowby Examples,06a9e213-fe93-43ae-b2f0-7081f36b742c,Operator Training - K-Tec ADT Scraper - Starting,4327-393b-53cbdfde----b9a4-aef900aa92ef,Kenneth Landry,20/09/2025,08:50:01
Knowby Examples,06a9e213-fe93-43ae-b2f0-7081f36b742c,Operator Training - K-Tec ADT Scraper - Starting,4327-393b-53cbdfde----b9a4-aef900aa92ef,Kenneth Landry,20/09/2025,08:56:05
Knowby Examples,06a9e213-fe93-43ae-b2f0-7081f36b742c,Operator Training - K-Tec ADT Scraper - Starting,4327-393b-53cbdfde----b9a4-aef900aa92ef,Kenneth Landry,20/09/2025,09:35:50
Knowby Examples,06a9e213-fe93-43ae-b2f0-7081f36b742c,Operator Training - K-Tec ADT Scraper - Starting,4327-393b-53cbdfde----b9a4-aef900aa92ef,Kenneth Landry,20/09/2024,09:36:42
Knowby Examples,06a9e213-fe93-43ae-b2f0-7081f36b742c,Operator Training - K-Tec ADT Scraper - Starting,4327-393b-53cbdfde----b9a4-aef900aa92ef,Kenneth Landry,20/09/2025,12:55:21
Knowby Examples,06a9e213-fe93-43ae-b2f0-7081f36b742c,Operator Training - K-Tec ADT Scraper - Starting,4327-393b-53cbdfde----b9a4-aef900aa92ef,Kenneth Landry,20/09/2025,12:58:49
Knowby Examples,06a9e213-fe93-43ae-b2f0-7081f36b742c,Operator Training - K-Tec ADT Scraper - Starting,4327-393b-53cbdfde----b9a4-aef900aa92ef,Kenneth Landry,20/09/2025,09:19:36
Knowby Examples,06a9e213-fe93-43ae-b2f0-7081f36b742c,Operator Training - K-Tec ADT Scraper - Starting,4327-393b-53cbdfde----b9a4-aef900aa92ef,Kenneth Landry,20/09/2025,09:38:39
Knowby Examples,06a9e213-fe93-43ae-b2f0-7081f36b742c,Operator Training - K-Tec ADT Scraper - Starting,4327-393b-53cbdfde----b9a4-aef900aa92ef,Kenneth Landry,20/09/2025,12:27:53
Knowby Examples,06a9e213-fe93-43ae-b2f0-7081f36b742c,Operator Training - K-Tec ADT Scraper - Starting,4327-393b-53cbdfde----b9a4-aef900aa92ef,Kenneth Landry,20/09/2025,12:18:16
Knowby Examples,06a9e213-fe93-43ae-b2f0-7081f36b742c,Operator Training - K-Tec ADT Scraper - Starting,4327-393b-53cbdfde----b9a4-aef900aa92ef,Kenneth Landry,20/09/2025,16:00:58
Knowby Examples,06a9e213-fe93-43ae-b2f0-7081f36b742c,Operator Training - K-Tec ADT Scraper - Starting,4327-393b-53cbdfde----b9a4-aef900aa92ef,Kenneth Landry,20/09/2025,12:40:37
Knowby Examples,06a9e213-fe93-43ae-b2f0-7081f36b742c,Operator Training - K-Tec ADT Scraper - Starting,4327-393b-53cbdfde----b9a4-aef900aa92ef,Kenneth Landry,20/09/2025,10:45:57
Knowby Examples,06a9e213-fe93-43ae-b2f0-7081f36b742c,Operator Training - K-Tec ADT Scraper - Starting,4327-393b-53cbdfde----b9a4-aef900aa92ef,Kenneth Landry,20/09/2025,12:09:13
Knowby Examples,06a9e213-fe93-43ae-b2f0-7081f36b742c,Operator Training - K-Tec ADT Scraper - Starting,4327-393b-53cbdfde----b9a4-aef900aa92ef,Kenneth Landry,20/09/2025,13:48:33
Knowby Examples,06a9e213-fe93-43ae-b2f0-7081f36b742c,Operator Training - K-Tec ADT Scraper - Starting,4327-393b-53cbdfde----b9a4-aef900aa92ef,Kenneth Landry,20/09/2025,11:33:10
Knowby Examples,06a9e213-fe93-43ae-b2f0-7081f36b742c,Operator Training - K-Tec ADT Scraper - Starting,4327-393b-53cbdfde----b9a4-aef900aa92ef,Kenneth Landry,21/09/2025,13:43:30
Knowby Examples,06a9e213-fe93-43ae-b2f0-7081f36b742c,Operator Training - K-Tec ADT Scraper - Starting,4327-393b-53cbdfde----b9a4-aef900aa92ef,Kenneth Landry,21/09/2025,09:20:50
Knowby Examples,06a9e213-fe93-43ae-b2f0-7081f36b742c,Operator Training - K-Tec ADT Scraper - Starting,4327-393b-53cbdfde----b9a4-aef900aa92ef,Kenneth Landry,21/09/2025,14:19:49
Knowby Examples,06a9e213-fe93-43ae-b2f0-7081f36b742c,Operator Training - K-Tec ADT Scraper - Starting,4327-393b-53cbdfde----b9a4-aef900aa92ef,Kenneth Landry,21/09/2025,09:45:08
Knowby Examples,06a9e213-fe93-43ae-b2f0-7081f36b742c,Operator Training - K-Tec ADT Scraper - Starting,44ed-a978-e8d990e2----8b3d-aef900a6bb99,Robert Perez,08/03/2025,14:20:06
Knowby Examples,06a9e213-fe93-43ae-b2f0-7081f36b742c,Operator Training - K-Tec ADT Scraper - Starting,44ed-a978-e8d990e2----8b3d-aef900a6bb99,Robert Perez,08/05/2025,08:07:34
Knowby Examples,06a9e213-fe93-43ae-b2f0-7081f36b742c,Operator Training - K-Tec ADT Scraper - Starting,44ed-a978-e8d990e2----8b3d-aef900a6bb99,Robert Perez,08/05/2025,10:16:03
Knowby Examples,06a9e213-fe93-43ae-b2f0-7081f36b742c,Operator Training - K-Tec ADT Scraper - Starting,44ed-a978-e8d990e2----8b3d-aef900a6bb99,Robert Perez,31/08/2025,13:09:57
Knowby Examples,06a9e213-fe93-43ae-b2f0-7081f36b742c,Operator Training - K-Tec ADT Scraper - Starting,44ed-a978-e8d990e2----8b3d-aef900a6bb99,Robert Perez,09/07/2025,13:02:14
Knowby Examples,06a9e213-fe93-43ae-b2f0-7081f36b742c,Operator Training - K-Tec ADT Scraper - Starting,44ed-a978-e8d990e2----8b3d-aef900a6bb99,Robert Perez,09/07/2025,09:38:18
Knowby Examples,06a9e213-fe93-43ae-b2f0-7081f36b742c,Operator Training - K-Tec ADT Scraper - Starting,44ed-a978-e8d990e2----8b3d-aef900a6bb99,Robert Perez,09/08/2025,12:51:53
Knowby Examples,06a9e213-fe93-43ae-b2f0-7081f36b742c,Operator Training - K-Tec ADT Scraper - Starting,44ed-a978-e8d990e2----8b3d-aef900a6bb99,Robert Perez,26/09/2025,12:26:16
Knowby Examples,06a9e213-fe93-43ae-b2f0-7081f36b742c,Operator Training - K-Tec ADT Scraper - Starting,44ed-a978-e8d990e2----8b3d-aef900a6bb99,Robert Perez,27/09/2025,14:55:16
Knowby Examples,06a9e213-fe93-43ae-b2f0-7081f36b742c,Operator Training - K-Tec ADT Scraper - Starting,44ed-a978-e8d990e2----8b3d-aef900a6bb99,Robert Perez,11/04/2025,13:11:02
Knowby Examples,06a9e213-fe93-43ae-b2f0-7081f36b742c,Operator Training - K-Tec ADT Scraper - Starting,44ed-a978-e8d990e2----8b3d-aef900a6bb99,Robert Perez,14/11/2025,16:06:59
Knowby Examples,06a9e213-fe93-43ae-b2f0-7081f36b742c,Operator Training - K-Tec ADT Scraper - Starting,44ed-a978-e8d990e2----8b3d-aef900a6bb99,Robert Perez,15/11/2025,17:36:46
Knowby Examples,06a9e213-fe93-43ae-b2f0-7081f36b742c,Operator Training - K-Tec ADT Scraper - Starting,44ed-a978-e8d990e2----8b3d-aef900a6bb99,Robert Perez,15/11/2025,17:17:50
Knowby Examples,06a9e213-fe93-43ae-b2f0-7081f36b742c,Operator Training - K-Tec ADT Scraper - Starting,44ed-a978-e8d990e2----8b3d-aef900a6bb99,Robert Perez,15/11/2025,17:37:02
Knowby Examples,06a9e213-fe93-43ae-b2f0-7081f36b742c,Operator Training - K-Tec ADT Scraper - Starting,44ed-a978-e8d990e2----8b3d-aef900a6bb99,Robert Perez,15/11/2025,09:45:01
Knowby Examples,06a9e213-fe93-43ae-b2f0-7081f36b742c,Operator Training - K-Tec ADT Scraper - Starting,44ed-a978-e8d990e2----8b3d-aef900a6bb99,Robert Perez,15/11/2025,15:40:47
Knowby Examples,06a9e213-fe93-43ae-b2f0-7081f36b742c,Operator Training - K-Tec ADT Scraper - Starting,44ed-a978-e8d990e2----8b3d-aef900a6bb99,Robert Perez,16/11/2024,14:12:53
Knowby Examples,06a9e213-fe93-43ae-b2f0-7081f36b742c,Operator Training - K-Tec ADT Scraper - Starting,44ed-a978-e8d990e2----8b3d-aef900a6bb99,Robert Perez,20/11/2024,15:46:44
Knowby Examples,06a9e213-fe93-43ae-b2f0-7081f36b742c,Operator Training - K-Tec ADT Scraper - Starting,44ed-a978-e8d990e2----8b3d-aef900a6bb99,Robert Perez,20/11/2025,08:31:07
Knowby Examples,06a9e213-fe93-43ae-b2f0-7081f36b742c,Operator Training - K-Tec ADT Scraper - Starting,44ed-a978-e8d990e2----8b3d-aef900a6bb99,Robert Perez,20/11/2025,10:31:16
Knowby Examples,06a9e213-fe93-43ae-b2f0-7081f36b742c,Operator Training - K-Tec ADT Scraper - Starting,44ed-a978-e8d990e2----8b3d-aef900a6bb99,Robert Perez,20/11/2025,17:26:10
Knowby Examples,06a9e213-fe93-43ae-b2f0-7081f36b742c,Operator Training - K-Tec ADT Scraper - Starting,44ed-a978-e8d990e2----8b3d-aef900a6bb99,Robert Perez,22/11/2025,11:22:13
Knowby Examples,06a9e213-fe93-43ae-b2f0-7081f36b742c,Operator Training - K-Tec ADT Scraper - Starting,44ed-a978-e8d990e2----8b3d-aef900a6bb99,Robert Perez,23/11/2024,13:30:08
Knowby Examples,06a9e213-fe93-43ae-b2f0-7081f36b742c,Operator Training - K-Tec ADT Scraper - Starting,44ed-a978-e8d990e2----8b3d-aef900a6bb99,Robert Perez,30/11/2024,11:32:43
Knowby Examples,06a9e213-fe93-43ae-b2f0-7081f36b742c,Operator Training - K-Tec ADT Scraper - Starting,44ed-a978-e8d990e2----8b3d-aef900a6bb99,Robert Perez,12/01/2025,10:48:28
Knowby Examples,06a9e213-fe93-43ae-b2f0-7081f36b742c,Operator Training - K-Tec ADT Scraper - Starting,44ed-a978-e8d990e2----8b3d-aef900a6bb99,Robert Perez,13/12/2025,16:24:50
Knowby Examples,06a9e213-fe93-43ae-b2f0-7081f36b742c,Operator Training - K-Tec ADT Scraper - Starting,44ed-a978-e8d990e2----8b3d-aef900a6bb99,Robert Perez,18/04/2025,11:37:00
Knowby Examples,06a9e213-fe93-43ae-b2f0-7081f36b742c,Operator Training - K-Tec ADT Scraper - Starting,44ed-a978-e8d990e2----8b3d-aef900a6bb99,Robert Perez,19/04/2025,12:39:25
Knowby Examples,06a9e213-fe93-43ae-b2f0-7081f36b742c,Operator Training - K-Tec ADT Scraper - Starting,44ed-a978-e8d990e2----8b3d-aef900a6bb99,Robert Perez,21/04/2025,12:25:33
Knowby Examples,06a9e213-fe93-43ae-b2f0-7081f36b742c,Operator Training - K-Tec ADT Scraper - Starting,44ed-a978-e8d990e2----8b3d-aef900a6bb99,Robert Perez,05/03/2025,11:25:55
Knowby Examples,06a9e213-fe93-43ae-b2f0-7081f36b742c,Operator Training - K-Tec ADT Scraper - Starting,44ed-a978-e8d990e2----8b3d-aef900a6bb99,Robert Perez,24/05/2025,10:56:00
Knowby Examples,06a9e213-fe93-43ae-b2f0-7081f36b742c,Operator Training - K-Tec ADT Scraper - Starting,44ed-a978-e8d990e2----8b3d-aef900a6bb99,Robert Perez,29/05/2025,12:04:48
Knowby Examples,06a9e213-fe93-43ae-b2f0-7081f36b742c,Operator Training - K-Tec ADT Scraper - Starting,44ed-a978-e8d990e2----8b3d-aef900a6bb99,Robert Perez,07/10/2025,09:33:13
Knowby Examples,06a9e213-fe93-43ae-b2f0-7081f36b742c,Operator Training - K-Tec ADT Scraper - Starting,44ed-a978-e8d990e2----8b3d-aef900a6bb99,Robert Perez,08/05/2024,12:06:24
Knowby Examples,06a9e213-fe93-43ae-b2f0-7081f36b742c,Operator Training - K-Tec ADT Scraper - Starting,43bc-e7ae-89d089c6----851d-5f6cf54a10ec,Christopher Cunningham,22/10/2025,11:16:07
Knowby Examples,06a9e213-fe93-43ae-b2f0-7081f36b742c,Operator Training - K-Tec ADT Scraper - Starting,4ed4-864f-db17168a----9128-a3c9ddb6e3ea,Carol Jones,17/04/2025,13:59:06
Knowby Examples,06a9e213-fe93-43ae-b2f0-7081f36b742c,Operator Training - K-Tec ADT Scraper - Starting,4ed4-864f-db17168a----9128-a3c9ddb6e3ea,Carol Jones,23/04/2025,14:20:22
Knowby Examples,06a9e213-fe93-43ae-b2f0-7081f36b742c,Operator Training - K-Tec ADT Scraper - Starting,4ed4-864f-db17168a----9128-a3c9ddb6e3ea,Carol Jones,07/08/2025,14:33:39
Knowby Examples,06a9e213-fe93-43ae-b2f0-7081f36b742c,Operator Training - K-Tec ADT Scraper - Starting,4ed4-864f-db17168a----9128-a3c9ddb6e3ea,Carol Jones,07/08/2025,17:29:42
Knowby Examples,06a9e213-fe93-43ae-b2f0-7081f36b742c,Operator Training - K-Tec ADT Scraper - Starting,4ed4-864f-db17168a----9128-a3c9ddb6e3ea,Carol Jones,07/08/2025,11:24:45
Knowby Examples,06a9e213-fe93-43ae-b2f0-7081f36b742c,Operator Training - K-Tec ADT Scraper - Starting,4ed4-864f-db17168a----9128-a3c9ddb6e3ea,Carol Jones,07/08/2025,17:21:50
Knowby Examples,06a9e213-fe93-43ae-b2f0-7081f36b742c,Operator Training - K-Tec ADT Scraper - Starting,4ed4-864f-db17168a----9128-a3c9ddb6e3ea,Carol Jones,07/08/2024,09:39:26
Knowby Examples,06a9e213-fe93-43ae-b2f0-7081f36b742c,Operator Training - K-Tec ADT Scraper - Starting,4ed4-864f-db17168a----9128-a3c9ddb6e3ea,Carol Jones,07/08/2024,09:44:15
Knowby Examples,06a9e213-fe93-43ae-b2f0-7081f36b742c,Operator Training - K-Tec ADT Scraper - Starting,4ed4-864f-db17168a----9128-a3c9ddb6e3ea,Carol Jones,07/09/2025,13:03:04
Knowby Examples,06a9e213-fe93-43ae-b2f0-7081f36b742c,Operator Training - K-Tec ADT Scraper - Starting,4ed4-864f-db17168a----9128-a3c9ddb6e3ea,Carol Jones,20/11/2025,10:17:43
Knowby Examples,06a9e213-fe93-43ae-b2f0-7081f36b742c,Operator Training - K-Tec ADT Scraper - Starting,4a03-290e-7ab16f5f----99f5-ecabe6f9e6bf,Jacqueline Reed,27/04/2024,17:25:21
Knowby Examples,06a9e213-fe93-43ae-b2f0-7081f36b742c,Operator Training - K-Tec ADT Scraper - Starting,4a03-290e-7ab16f5f----99f5-ecabe6f9e6bf,Jacqueline Reed,27/04/2024,14:36:31
Knowby Examples,06a9e213-fe93-43ae-b2f0-7081f36b742c,Operator Training - K-Tec ADT Scraper - Starting,4dd1-509e-67e290d9----bb68-afdb00c8af51,Cristian Gonzalez,19/03/2025,08:27:18
Knowby Examples,137f1b24-226c-4d17-87b3-4a596660136c,Unlocking the combination lock on your unit,4dd1-509e-67e290d9----bb68-afdb00c8af51,Cristian Gonzalez,05/07/2025,11:26:57
Knowby Examples,137f1b24-226c-4d17-87b3-4a596660136c,Unlocking the combination lock on your unit,4dd1-509e-67e290d9----bb68-afdb00c8af51,Cristian Gonzalez,05/07/2025,12:16:37
Knowby Examples,137f1b24-226c-4d17-87b3-4a596660136c,Unlocking the combination lock on your unit,4dd1-509e-67e290d9----bb68-afdb00c8af51,Cristian Gonzalez,05/07/2025,09:34:26
Knowby Examples,137f1b24-226c-4d17-87b3-4a596660136c,Unlocking the combination lock on your unit,4dd1-509e-67e290d9----bb68-afdb00c8af51,Cristian Gonzalez,05/09/2025,17:59:34
Knowby Examples,137f1b24-226c-4d17-87b3-4a596660136c,Unlocking the combination lock on your unit,4d2c-583f-adfb71a0----947b-af0c00af8d6b,Adriana Sanders,17/05/2025,10:51:12
Knowby Examples,137f1b24-226c-4d17-87b3-4a596660136c,Unlocking the combination lock on your unit,4ed1-affe-79057836----9ea2-adc551671be2,John Terrell,15/05/2025,09:44:44
Knowby Examples,137f1b24-226c-4d17-87b3-4a596660136c,Unlocking the combination lock on your unit,4e42-3ecf-a947652f----8d8f-1b0d973d1bbf,Robert Taylor,17/01/2025,14:45:49
Knowby Examples,686d7d16-03b7-4ca2-a897-2c1364d48826,Cook top use,400d-dbe2-f01d079d----af6e-af3d005280aa,Rhonda Evans,05/09/2025,08:01:03
Knowby Examples,686d7d16-03b7-4ca2-a897-2c1364d48826,Cook top use,4dd1-509e-67e290d9----bb68-afdb00c8af51,Cristian Gonzalez,25/08/2025,15:15:39
Knowby Examples,686d7d16-03b7-4ca2-a897-2c1364d48826,Cook top use,4dd1-509e-67e290d9----bb68-afdb00c8af51,Cristian Gonzalez,05/10/2025,13:35:32
Knowby Examples,686d7d16-03b7-4ca2-a897-2c1364d48826,Cook top use,4dd1-509e-67e290d9----bb68-afdb00c8af51,Cristian Gonzalez,05/10/2025,12:56:56
Knowby Examples,686d7d16-03b7-4ca2-a897-2c1364d48826,Cook top use,4d2c-583f-adfb71a0----947b-af0c00af8d6b,Adriana Sanders,14/08/2025,12:28:53
Knowby Examples,686d7d16-03b7-4ca2-a897-2c1364d48826,Cook top use,4327-393b-53cbdfde----b9a4-aef900aa92ef,Kenneth Landry,05/07/2025,16:28:21
Knowby Examples,686d7d16-03b7-4ca2-a897-2c1364d48826,Cook top use,44ed-a978-e8d990e2----8b3d-aef900a6bb99,Robert Perez,26/08/2025,15:29:23
Knowby Examples,686d7d16-03b7-4ca2-a897-2c1364d48826,Cook top use,44ed-a978-e8d990e2----8b3d-aef900a6bb99,Robert Perez,30/08/2025,15:13:11
Knowby Examples,686d7d16-03b7-4ca2-a897-2c1364d48826,Cook top use,44ed-a978-e8d990e2----8b3d-aef900a6bb99,Robert Perez,16/05/2025,11:33:23
Knowby Examples,686d7d16-03b7-4ca2-a897-2c1364d48826,Cook top use,44ed-a978-e8d990e2----8b3d-aef900a6bb99,Robert Perez,09/06/2025,10:46:29
Knowby Examples,db2b06e1-85db-4106-8abd-de3d406ac2a7,Post-Car Accident Actions: What to Know,4dd1-509e-67e290d9----bb68-afdb00c8af51,Cristian Gonzalez,11/02/2025,14:48:05
Knowby Examples,db2b06e1-85db-4106-8abd-de3d406ac2a7,Post-Car Accident Actions: What to Know,4dd1-509e-67e290d9----bb68-afdb00c8af51,Cristian Gonzalez,11/02/2025,09:09:52
Knowby Examples,db2b06e1-85db-4106-8abd-de3d406ac2a7,Post-Car Accident Actions: What to Know,4dd1-509e-67e290d9----bb68-afdb00c8af51,Cristian Gonzalez,05/10/2025,16:18:21
Knowby Examples,db2b06e1-85db-4106-8abd-de3d406ac2a7,Post-Car Accident Actions: What to Know,4dd1-509e-67e290d9----bb68-afdb00c8af51,Cristian Gonzalez,05/10/2025,15:26:53
Knowby Examples,db2b06e1-85db-4106-8abd-de3d406ac2a7,Post-Car Accident Actions: What to Know,4dd1-509e-67e290d9----bb68-afdb00c8af51,Cristian Gonzalez,06/06/2025,09:43:48
Knowby Examples,db2b06e1-85db-4106-8abd-de3d406ac2a7,Post-Car Accident Actions: What to Know,4d2c-583f-adfb71a0----947b-af0c00af8d6b,Adriana Sanders,19/11/2025,13:21:27
Knowby Examples,db2b06e1-85db-4106-8abd-de3d406ac2a7,Post-Car Accident Actions: What to Know,44ed-a978-e8d990e2----8b3d-aef900a6bb99,Robert Perez,27/11/2024,14:29:39
Knowby Examples,db2b06e1-85db-4106-8abd-de3d406ac2a7,Post-Car Accident Actions: What to Know,4f16-eda6-7db766e9----bc66-af8100c46bb3,Jared Foster,21/05/2025,17:25:08
Knowby Examples,fa613227-ddfd-4b51-a62d-d893f6732932,Returns Order Procedure,4dd1-509e-67e290d9----bb68-afdb00c8af51,Cristian Gonzalez,13/05/2024,09:47:08
Knowby Examples,fa613227-ddfd-4b51-a62d-d893f6732932,Returns Order Procedure,4ed4-864f-db17168a----9128-a3c9ddb6e3ea,Carol Jones,13/05/2025,13:49:57
Knowby Examples,bf36538b-ccf6-468a-9da6-4ef36f9742a3,Sales Order Process,4dd1-509e-67e290d9----bb68-afdb00c8af51,Cristian Gonzalez,13/05/2025,12:22:16
Knowby Examples,bf36538b-ccf6-468a-9da6-4ef36f9742a3,Sales Order Process,4dd1-509e-67e290d9----bb68-afdb00c8af51,Cristian Gonzalez,14/05/2025,14:57:52
Knowby Examples,bf36538b-ccf6-468a-9da6-4ef36f9742a3,Sales Order Process,4d2c-583f-adfb71a0----947b-af0c00af8d6b,Adriana Sanders,13/06/2025,17:03:11
Knowby Examples,bf36538b-ccf6-468a-9da6-4ef36f9742a3,Sales Order Process,4d2c-583f-adfb71a0----947b-af0c00af8d6b,Adriana Sanders,28/07/2025,12:11:45
Knowby Examples,bf36538b-ccf6-468a-9da6-4ef36f9742a3,Sales Order Process,4ed4-864f-db17168a----9128-a3c9ddb6e3ea,Carol Jones,13/05/2025,12:44:27
Knowby Examples,bf36538b-ccf6-468a-9da6-4ef36f9742a3,Sales Order Process,46c1-3356-6e368907----9cbd-7fef344c8555,Lindsey Ross,13/08/2025,14:52:17
Knowby Examples,64de9f41-4717-44b7-90e2-56d067bda57a,Installation Guide for Inward Open Tilt and Turn Windows,4dd1-509e-67e290d9----bb68-afdb00c8af51,Cristian Gonzalez,13/05/2025,17:06:19
Knowby Examples,64de9f41-4717-44b7-90e2-56d067bda57a,Installation Guide for Inward Open Tilt and Turn Windows,4dd1-509e-67e290d9----bb68-afdb00c8af51,Cristian Gonzalez,13/05/2024,10:16:57
Knowby Examples,64de9f41-4717-44b7-90e2-56d067bda57a,Installation Guide for Inward Open Tilt and Turn Windows,4dd1-509e-67e290d9----bb68-afdb00c8af51,Cristian Gonzalez,13/05/2025,15:36:05
Knowby Examples,64de9f41-4717-44b7-90e2-56d067bda57a,Installation Guide for Inward Open Tilt and Turn Windows,4dd1-509e-67e290d9----bb68-afdb00c8af51,Cristian Gonzalez,14/05/2025,14:40:26
Knowby Examples,64de9f41-4717-44b7-90e2-56d067bda57a,Installation Guide for Inward Open Tilt and Turn Windows,4dd1-509e-67e290d9----bb68-afdb00c8af51,Cristian Gonzalez,14/05/2025,11:48:08
Knowby Examples,64de9f41-4717-44b7-90e2-56d067bda57a,Installation Guide for Inward Open Tilt and Turn Windows,4dd1-509e-67e290d9----bb68-afdb00c8af51,Cristian Gonzalez,16/05/2025,15:03:49
Knowby Examples,64de9f41-4717-44b7-90e2-56d067bda57a,Installation Guide for Inward Open Tilt and Turn Windows,4d2c-583f-adfb71a0----947b-af0c00af8d6b,Adriana Sanders,06/09/2025,09:19:18
Knowby Examples,64de9f41-4717-44b7-90e2-56d067bda57a,Installation Guide for Inward Open Tilt and Turn Windows,4405-d6f6-e37511ad----906f-aefa00b1a961,Jeffrey Brown,23/05/2025,15:08:49
Knowby Examples,64de9f41-4717-44b7-90e2-56d067bda57a,Installation Guide for Inward Open Tilt and Turn Windows,44ed-a978-e8d990e2----8b3d-aef900a6bb99,Robert Perez,14/05/2025,09:15:24
Knowby Examples,64de9f41-4717-44b7-90e2-56d067bda57a,Installation Guide for Inward Open Tilt and Turn Windows,44ed-a978-e8d990e2----8b3d-aef900a6bb99,Robert Perez,16/05/2025,09:48:12
Knowby Examples,64de9f41-4717-44b7-90e2-56d067bda57a,Installation Guide for Inward Open Tilt and Turn Windows,44ed-a978-e8d990e2----8b3d-aef900a6bb99,Robert Perez,14/07/2025,09:47:24
Knowby Examples,64de9f41-4717-44b7-90e2-56d067bda57a,Installation Guide for Inward Open Tilt and Turn Windows,4ed4-864f-db17168a----9128-a3c9ddb6e3ea,Carol Jones,13/05/2025,14:18:40
Knowby Examples,64de9f41-4717-44b7-90e2-56d067bda57a,Installation Guide for Inward Open Tilt and Turn Windows,4ed4-864f-db17168a----9128-a3c9ddb6e3ea,Carol Jones,13/05/2025,11:54:12
Knowby Examples,64de9f41-4717-44b7-90e2-56d067bda57a,Installation Guide for Inward Open Tilt and Turn Windows,4ed4-864f-db17168a----9128-a3c9ddb6e3ea,Carol Jones,13/05/2025,14:51:22
Knowby Examples,64de9f41-4717-44b7-90e2-56d067bda57a,Installation Guide for Inward Open Tilt and Turn Windows,4ed4-864f-db17168a----9128-a3c9ddb6e3ea,Carol Jones,13/05/2025,12:39:17
Knowby Examples,64de9f41-4717-44b7-90e2-56d067bda57a,Installation Guide for Inward Open Tilt and Turn Windows,4ed4-864f-db17168a----9128-a3c9ddb6e3ea,Carol Jones,13/05/2025,14:24:54
Knowby Examples,64de9f41-4717-44b7-90e2-56d067bda57a,Installation Guide for Inward Open Tilt and Turn Windows,4ed4-864f-db17168a----9128-a3c9ddb6e3ea,Carol Jones,06/02/2025,15:13:49
Knowby Examples,64de9f41-4717-44b7-90e2-56d067bda57a,Installation Guide for Inward Open Tilt and Turn Windows,4ed4-864f-db17168a----9128-a3c9ddb6e3ea,Carol Jones,06/04/2025,08:25:16
Knowby Examples,64de9f41-4717-44b7-90e2-56d067bda57a,Installation Guide for Inward Open Tilt and Turn Windows,4ed4-864f-db17168a----9128-a3c9ddb6e3ea,Carol Jones,08/12/2025,17:58:39
Knowby Examples,b7429807-3674-4d02-88e3-449da91f7bc2,Using Wishlists on the Coastal Door & Window Hardware Site,4dd1-509e-67e290d9----bb68-afdb00c8af51,Cristian Gonzalez,13/05/2025,14:47:01
Knowby Examples,b7429807-3674-4d02-88e3-449da91f7bc2,Using Wishlists on the Coastal Door & Window Hardware Site,4dd1-509e-67e290d9----bb68-afdb00c8af51,Cristian Gonzalez,13/05/2025,08:45:33
Knowby Examples,b7429807-3674-4d02-88e3-449da91f7bc2,Using Wishlists on the Coastal Door & Window Hardware Site,4dd1-509e-67e290d9----bb68-afdb00c8af51,Cristian Gonzalez,13/05/2025,15:05:26
Knowby Examples,b7429807-3674-4d02-88e3-449da91f7bc2,Using Wishlists on the Coastal Door & Window Hardware Site,4dd1-509e-67e290d9----bb68-afdb00c8af51,Cristian Gonzalez,14/05/2025,10:59:36
Knowby Examples,b7429807-3674-4d02-88e3-449da91f7bc2,Using Wishlists on the Coastal Door & Window Hardware Site,4dd1-509e-67e290d9----bb68-afdb00c8af51,Cristian Gonzalez,14/05/2025,17:20:54
Knowby Examples,b7429807-3674-4d02-88e3-449da91f7bc2,Using Wishlists on the Coastal Door & Window Hardware Site,4dd1-509e-67e290d9----bb68-afdb00c8af51,Cristian Gonzalez,16/05/2024,13:23:40
Knowby Examples,b7429807-3674-4d02-88e3-449da91f7bc2,Using Wishlists on the Coastal Door & Window Hardware Site,4dd1-509e-67e290d9----bb68-afdb00c8af51,Cristian Gonzalez,16/05/2025,09:56:34
Knowby Examples,b7429807-3674-4d02-88e3-449da91f7bc2,Using Wishlists on the Coastal Door & Window Hardware Site,4ed4-864f-db17168a----9128-a3c9ddb6e3ea,Carol Jones,13/05/2025,12:27:42
Knowby Examples,b7429807-3674-4d02-88e3-449da91f7bc2,Using Wishlists on the Coastal Door & Window Hardware Site,4ed4-864f-db17168a----9128-a3c9ddb6e3ea,Carol Jones,13/05/2025,15:32:13
Knowby Examples,b7429807-3674-4d02-88e3-449da91f7bc2,Using Wishlists on the Coastal Door & Window Hardware Site,4ed4-864f-db17168a----9128-a3c9ddb6e3ea,Carol Jones,15/05/2025,10:09:39
Knowby Examples,053580fd-14cc-4cde-b454-8f7547aa616a,Fjfj,44ed-a978-e8d990e2----8b3d-aef900a6bb99,Robert Perez,15/05/2025,09:34:49
Knowby Examples,053580fd-14cc-4cde-b454-8f7547aa616a,Fjfj,44ed-a978-e8d990e2----8b3d-aef900a6bb99,Robert Perez,16/05/2025,17:58:37
Knowby Examples,053580fd-14cc-4cde-b454-8f7547aa616a,Fjfj,4ed4-864f-db17168a----9128-a3c9ddb6e3ea,Carol Jones,15/05/2025,15:00:58
Knowby Examples,053580fd-14cc-4cde-b454-8f7547aa616a,Fjfj,4ed4-864f-db17168a----9128-a3c9ddb6e3ea,Carol Jones,16/05/2025,12:00:19
Knowby Examples,053580fd-14cc-4cde-b454-8f7547aa616a,Fjfj,4ed1-affe-79057836----9ea2-adc551671be2,John Terrell,15/05/2025,11:28:02
Knowby Examples,bd1eee94-8601-498f-855c-bfd568c7c53c,Chuck - Head of Awesomeness,4cb2-65da-696d957b----9f0d-54f7230f93ca,Andrew Mueller,06/05/2024,13:30:38
Knowby Examples,bd1eee94-8601-498f-855c-bfd568c7c53c,Chuck - Head of Awesomeness,4cb2-65da-696d957b----9f0d-54f7230f93ca,Andrew Mueller,06/05/2025,15:24:14
Knowby Examples,bd1eee94-8601-498f-855c-bfd568c7c53c,Chuck - Head of Awesomeness,4dd1-509e-67e290d9----bb68-afdb00c8af51,Cristian Gonzalez,13/06/2025,17:56:03
Knowby Examples,bd1eee94-8601-498f-855c-bfd568c7c53c,Chuck - Head of Awesomeness,4dd1-509e-67e290d9----bb68-afdb00c8af51,Cristian Gonzalez,13/06/2025,09:28:37
Knowby Examples,bd1eee94-8601-498f-855c-bfd568c7c53c,Chuck - Head of Awesomeness,4dd1-509e-67e290d9----bb68-afdb00c8af51,Cristian Gonzalez,21/12/2025,17:46:11
Knowby Examples,bd1eee94-8601-498f-855c-bfd568c7c53c,Chuck - Head of Awesomeness,4d2c-583f-adfb71a0----947b-af0c00af8d6b,Adriana Sanders,06/09/2025,13:26:50
Knowby Examples,bd1eee94-8601-498f-855c-bfd568c7c53c,Chuck - Head of Awesomeness,4d2c-583f-adfb71a0----947b-af0c00af8d6b,Adriana Sanders,26/06/2024,13:04:37
Knowby Examples,bd1eee94-8601-498f-855c-bfd568c7c53c,Chuck - Head of Awesomeness,4d2c-583f-adfb71a0----947b-af0c00af8d6b,Adriana Sanders,07/07/2025,17:44:38
Knowby Examples,bd1eee94-8601-498f-855c-bfd568c7c53c,Chuck - Head of Awesomeness,4d2c-583f-adfb71a0----947b-af0c00af8d6b,Adriana Sanders,13/08/2024,10:05:51
Knowby Examples,bd1eee94-8601-498f-855c-bfd568c7c53c,Chuck - Head of Awesomeness,44ed-a978-e8d990e2----8b3d-aef900a6bb99,Robert Perez,18/06/2025,14:46:20
Knowby Examples,bd1eee94-8601-498f-855c-bfd568c7c53c,Chuck - Head of Awesomeness,4ed4-864f-db17168a----9128-a3c9ddb6e3ea,Carol Jones,06/09/2025,11:43:07
Knowby Examples,bd1eee94-8601-498f-855c-bfd568c7c53c,Chuck - Head of Awesomeness,4ed4-864f-db17168a----9128-a3c9ddb6e3ea,Carol Jones,06/09/2025,10:18:32
Knowby Examples,bd1eee94-8601-498f-855c-bfd568c7c53c,Chuck - Head of Awesomeness,4ed4-864f-db17168a----9128-a3c9ddb6e3ea,Carol Jones,06/09/2025,11:42:22
Knowby Examples,bd1eee94-8601-498f-855c-bfd568c7c53c,Chuck - Head of Awesomeness,4ed4-864f-db17168a----9128-a3c9ddb6e3ea,Carol Jones,06/09/2025,08:58:02
Knowby Examples,bd1eee94-8601-498f-855c-bfd568c7c53c,Chuck - Head of Awesomeness,4ed4-864f-db17168a----9128-a3c9ddb6e3ea,Carol Jones,25/11/2025,13:35:55
Knowby Examples,bd1eee94-8601-498f-855c-bfd568c7c53c,Chuck - Head of Awesomeness,4f9c-fa4d-494009ca----8e6c-afb6016df2ad,Steven Matthews,06/12/2025,15:27:02
Knowby Examples,bd1eee94-8601-498f-855c-bfd568c7c53c,Chuck - Head of Awesomeness,4f16-eda6-7db766e9----bc66-af8100c46bb3,Jared Foster,21/11/2024,14:58:26
Knowby Examples,bd1eee94-8601-498f-855c-bfd568c7c53c,Chuck - Head of Awesomeness,46c1-3356-6e368907----9cbd-7fef344c8555,Lindsey Ross,13/08/2025,16:49:14
Knowby Examples,e9c1713b-547f-4471-9933-50a4d4580cb7,Mine Rescue Robot Guide,4dd1-509e-67e290d9----bb68-afdb00c8af51,Cristian Gonzalez,19/06/2025,15:32:42
Knowby Examples,e9c1713b-547f-4471-9933-50a4d4580cb7,Mine Rescue Robot Guide,4d2c-583f-adfb71a0----947b-af0c00af8d6b,Adriana Sanders,23/06/2025,16:43:31
Knowby Examples,e9c1713b-547f-4471-9933-50a4d4580cb7,Mine Rescue Robot Guide,44ed-a978-e8d990e2----8b3d-aef900a6bb99,Robert Perez,14/07/2025,17:38:41
Knowby Examples,e9c1713b-547f-4471-9933-50a4d4580cb7,Mine Rescue Robot Guide,44ed-a978-e8d990e2----8b3d-aef900a6bb99,Robert Perez,08/05/2025,11:54:08
Knowby Examples,e9c1713b-547f-4471-9933-50a4d4580cb7,Mine Rescue Robot Guide,4ed4-864f-db17168a----9128-a3c9ddb6e3ea,Carol Jones,18/06/2025,16:34:23
Knowby Examples,e9c1713b-547f-4471-9933-50a4d4580cb7,Mine Rescue Robot Guide,4ed4-864f-db17168a----9128-a3c9ddb6e3ea,Carol Jones,18/06/2025,08:58:52
Knowby Examples,e9c1713b-547f-4471-9933-50a4d4580cb7,Mine Rescue Robot Guide,4ed4-864f-db17168a----9128-a3c9ddb6e3ea,Carol Jones,19/06/2025,17:48:22
Knowby Examples,e9c1713b-547f-4471-9933-50a4d4580cb7,Mine Rescue Robot Guide,4ed4-864f-db17168a----9128-a3c9ddb6e3ea,Carol Jones,07/04/2025,13:02:47
Knowby Examples,0c90f99a-57f4-4e07-80f2-19f8be3a74e8,Cat 797B: Complete Operator Guide,4dd1-509e-67e290d9----bb68-afdb00c8af51,Cristian Gonzalez,18/06/2025,13:17:55
Knowby Examples,0c90f99a-57f4-4e07-80f2-19f8be3a74e8,Cat 797B: Complete Operator Guide,4d2c-583f-adfb71a0----947b-af0c00af8d6b,Adriana Sanders,28/06/2025,11:39:53
Knowby Examples,0c90f99a-57f4-4e07-80f2-19f8be3a74e8,Cat 797B: Complete Operator Guide,4d2c-583f-adfb71a0----947b-af0c00af8d6b,Adriana Sanders,31/07/2025,11:30:22
Knowby Examples,0c90f99a-57f4-4e07-80f2-19f8be3a74e8,Cat 797B: Complete Operator Guide,44ed-a978-e8d990e2----8b3d-aef900a6bb99,Robert Perez,18/06/2025,09:35:54
Knowby Examples,0c90f99a-57f4-4e07-80f2-19f8be3a74e8,Cat 797B: Complete Operator Guide,44ed-a978-e8d990e2----8b3d-aef900a6bb99,Robert Perez,08/05/2025,14:58:12
Knowby Examples,0c90f99a-57f4-4e07-80f2-19f8be3a74e8,Cat 797B: Complete Operator Guide,461a-a7ab-cd6791bf----a425-ad2b7c56ee35,Rebecca Walker,28/10/2025,10:57:48
Knowby Examples,0c90f99a-57f4-4e07-80f2-19f8be3a74e8,Cat 797B: Complete Operator Guide,4ed4-864f-db17168a----9128-a3c9ddb6e3ea,Carol Jones,17/06/2025,10:15:29
Knowby Examples,0c90f99a-57f4-4e07-80f2-19f8be3a74e8,Cat 797B: Complete Operator Guide,4ed4-864f-db17168a----9128-a3c9ddb6e3ea,Carol Jones,17/06/2025,15:54:52
Knowby Examples,0c90f99a-57f4-4e07-80f2-19f8be3a74e8,Cat 797B: Complete Operator Guide,4ed4-864f-db17168a----9128-a3c9ddb6e3ea,Carol Jones,17/06/2025,14:31:18
Knowby Examples,0c90f99a-57f4-4e07-80f2-19f8be3a74e8,Cat 797B: Complete Operator Guide,4ed4-864f-db17168a----9128-a3c9ddb6e3ea,Carol Jones,17/06/2025,12:32:43
Knowby Examples,0c90f99a-57f4-4e07-80f2-19f8be3a74e8,Cat 797B: Complete Operator Guide,4ed4-864f-db17168a----9128-a3c9ddb6e3ea,Carol Jones,17/06/2025,16:05:53
Knowby Examples,0c90f99a-57f4-4e07-80f2-19f8be3a74e8,Cat 797B: Complete Operator Guide,4ed4-864f-db17168a----9128-a3c9ddb6e3ea,Carol Jones,18/06/2025,09:44:27
Knowby Examples,0c90f99a-57f4-4e07-80f2-19f8be3a74e8,Cat 797B: Complete Operator Guide,4ed4-864f-db17168a----9128-a3c9ddb6e3ea,Carol Jones,18/06/2025,16:45:18
Knowby Examples,1c0101b2-5c82-4aa3-ade7-bd5e871af9f1,MSHA Command Center Vehicle,4dd1-509e-67e290d9----bb68-afdb00c8af51,Cristian Gonzalez,19/06/2025,16:51:48
Knowby Examples,1c0101b2-5c82-4aa3-ade7-bd5e871af9f1,MSHA Command Center Vehicle,4ed4-864f-db17168a----9128-a3c9ddb6e3ea,Carol Jones,19/06/2025,16:21:11
Knowby Examples,04228978-00a0-48a9-b8b1-8f1304444c5e,Surface Mine Safety Guide,4dd1-509e-67e290d9----bb68-afdb00c8af51,Cristian Gonzalez,18/06/2025,16:00:53
Knowby Examples,04228978-00a0-48a9-b8b1-8f1304444c5e,Surface Mine Safety Guide,4dd1-509e-67e290d9----bb68-afdb00c8af51,Cristian Gonzalez,18/06/2024,11:56:58
Knowby Examples,04228978-00a0-48a9-b8b1-8f1304444c5e,Surface Mine Safety Guide,4dd1-509e-67e290d9----bb68-afdb00c8af51,Cristian Gonzalez,18/06/2024,10:16:10
Knowby Examples,04228978-00a0-48a9-b8b1-8f1304444c5e,Surface Mine Safety Guide,4dd1-509e-67e290d9----bb68-afdb00c8af51,Cristian Gonzalez,07/05/2025,14:13:23
Knowby Examples,04228978-00a0-48a9-b8b1-8f1304444c5e,Surface Mine Safety Guide,4d2c-583f-adfb71a0----947b-af0c00af8d6b,Adriana Sanders,14/08/2025,17:40:45
Knowby Examples,04228978-00a0-48a9-b8b1-8f1304444c5e,Surface Mine Safety Guide,44ed-a978-e8d990e2----8b3d-aef900a6bb99,Robert Perez,18/06/2025,08:22:47
Knowby Examples,04228978-00a0-48a9-b8b1-8f1304444c5e,Surface Mine Safety Guide,44ed-a978-e8d990e2----8b3d-aef900a6bb99,Robert Perez,18/06/2025,16:19:49
Knowby Examples,04228978-00a0-48a9-b8b1-8f1304444c5e,Surface Mine Safety Guide,44ed-a978-e8d990e2----8b3d-aef900a6bb99,Robert Perez,08/05/2025,13:31:21
Knowby Examples,04228978-00a0-48a9-b8b1-8f1304444c5e,Surface Mine Safety Guide,44ed-a978-e8d990e2----8b3d-aef900a6bb99,Robert Perez,09/05/2025,16:59:13
Knowby Examples,04228978-00a0-48a9-b8b1-8f1304444c5e,Surface Mine Safety Guide,4ed4-864f-db17168a----9128-a3c9ddb6e3ea,Carol Jones,17/06/2025,09:07:46
Knowby Examples,04228978-00a0-48a9-b8b1-8f1304444c5e,Surface Mine Safety Guide,4ed4-864f-db17168a----9128-a3c9ddb6e3ea,Carol Jones,17/06/2025,13:45:46
Knowby Examples,04228978-00a0-48a9-b8b1-8f1304444c5e,Surface Mine Safety Guide,4ed4-864f-db17168a----9128-a3c9ddb6e3ea,Carol Jones,18/06/2025,08:00:46
Knowby Examples,04228978-00a0-48a9-b8b1-8f1304444c5e,Surface Mine Safety Guide,4ed4-864f-db17168a----9128-a3c9ddb6e3ea,Carol Jones,18/06/2024,09:39:01
Knowby Examples,04228978-00a0-48a9-b8b1-8f1304444c5e,Surface Mine Safety Guide,4ed4-864f-db17168a----9128-a3c9ddb6e3ea,Carol Jones,18/06/2024,08:38:50
Knowby Examples,04228978-00a0-48a9-b8b1-8f1304444c5e,Surface Mine Safety Guide,4ed4-864f-db17168a----9128-a3c9ddb6e3ea,Carol Jones,18/06/2025,15:55:10
Knowby Examples,04228978-00a0-48a9-b8b1-8f1304444c5e,Surface Mine Safety Guide,4ed4-864f-db17168a----9128-a3c9ddb6e3ea,Carol Jones,19/06/2024,08:47:23
Knowby Examples,04228978-00a0-48a9-b8b1-8f1304444c5e,Surface Mine Safety Guide,4ed4-864f-db17168a----9128-a3c9ddb6e3ea,Carol Jones,19/06/2025,08:23:42
Knowby Examples,04228978-00a0-48a9-b8b1-8f1304444c5e,Surface Mine Safety Guide,4ed4-864f-db17168a----9128-a3c9ddb6e3ea,Carol Jones,19/06/2025,11:35:25
Knowby Examples,04228978-00a0-48a9-b8b1-8f1304444c5e,Surface Mine Safety Guide,4ed4-864f-db17168a----9128-a3c9ddb6e3ea,Carol Jones,07/04/2025,10:39:47
Knowby Examples,04228978-00a0-48a9-b8b1-8f1304444c5e,Surface Mine Safety Guide,4ed4-864f-db17168a----9128-a3c9ddb6e3ea,Carol Jones,07/06/2025,11:39:55
Knowby Examples,04228978-00a0-48a9-b8b1-8f1304444c5e,Surface Mine Safety Guide,4ed4-864f-db17168a----9128-a3c9ddb6e3ea,Carol Jones,07/10/2025,17:52:16
Knowby Examples,04228978-00a0-48a9-b8b1-8f1304444c5e,Surface Mine Safety Guide,4ed1-affe-79057836----9ea2-adc551671be2,John Terrell,25/07/2025,14:09:02
Knowby Examples,0a22186d-bc7c-42ac-bfd0-1090c9673e8c,Cat® Water System Operation Guide,4dd1-509e-67e290d9----bb68-afdb00c8af51,Cristian Gonzalez,18/06/2025,12:57:33
Knowby Examples,0a22186d-bc7c-42ac-bfd0-1090c9673e8c,Cat® Water System Operation Guide,4dd1-509e-67e290d9----bb68-afdb00c8af51,Cristian Gonzalez,19/06/2025,12:22:17
Knowby Examples,0a22186d-bc7c-42ac-bfd0-1090c9673e8c,Cat® Water System Operation Guide,4dd1-509e-67e290d9----bb68-afdb00c8af51,Cristian Gonzalez,15/08/2025,11:44:19
Knowby Examples,0a22186d-bc7c-42ac-bfd0-1090c9673e8c,Cat® Water System Operation Guide,411c-f567-2e4c7697----90d9-1cccc21596a3,Regina Evans,18/06/2025,09:00:04
Knowby Examples,0a22186d-bc7c-42ac-bfd0-1090c9673e8c,Cat® Water System Operation Guide,44ed-a978-e8d990e2----8b3d-aef900a6bb99,Robert Perez,18/06/2025,13:21:48
Knowby Examples,0a22186d-bc7c-42ac-bfd0-1090c9673e8c,Cat® Water System Operation Guide,44ed-a978-e8d990e2----8b3d-aef900a6bb99,Robert Perez,20/06/2025,11:25:09
Knowby Examples,0a22186d-bc7c-42ac-bfd0-1090c9673e8c,Cat® Water System Operation Guide,44ed-a978-e8d990e2----8b3d-aef900a6bb99,Robert Perez,07/03/2024,15:50:45
Knowby Examples,0a22186d-bc7c-42ac-bfd0-1090c9673e8c,Cat® Water System Operation Guide,44ed-a978-e8d990e2----8b3d-aef900a6bb99,Robert Perez,07/07/2025,09:15:13
Knowby Examples,0a22186d-bc7c-42ac-bfd0-1090c9673e8c,Cat® Water System Operation Guide,44ed-a978-e8d990e2----8b3d-aef900a6bb99,Robert Perez,07/12/2024,10:37:40
Knowby Examples,0a22186d-bc7c-42ac-bfd0-1090c9673e8c,Cat® Water System Operation Guide,44ed-a978-e8d990e2----8b3d-aef900a6bb99,Robert Perez,18/07/2025,11:06:01
Knowby Examples,0a22186d-bc7c-42ac-bfd0-1090c9673e8c,Cat® Water System Operation Guide,44ed-a978-e8d990e2----8b3d-aef900a6bb99,Robert Perez,18/07/2025,16:08:14
Knowby Examples,0a22186d-bc7c-42ac-bfd0-1090c9673e8c,Cat® Water System Operation Guide,44ed-a978-e8d990e2----8b3d-aef900a6bb99,Robert Perez,25/09/2025,15:51:05
Knowby Examples,0a22186d-bc7c-42ac-bfd0-1090c9673e8c,Cat® Water System Operation Guide,4ed4-864f-db17168a----9128-a3c9ddb6e3ea,Carol Jones,18/06/2025,17:39:53
Knowby Examples,0a22186d-bc7c-42ac-bfd0-1090c9673e8c,Cat® Water System Operation Guide,4ed4-864f-db17168a----9128-a3c9ddb6e3ea,Carol Jones,18/06/2024,17:27:58
Knowby Examples,0a22186d-bc7c-42ac-bfd0-1090c9673e8c,Cat® Water System Operation Guide,4ed4-864f-db17168a----9128-a3c9ddb6e3ea,Carol Jones,19/06/2025,15:42:17
Knowby Examples,0a22186d-bc7c-42ac-bfd0-1090c9673e8c,Cat® Water System Operation Guide,4ed4-864f-db17168a----9128-a3c9ddb6e3ea,Carol Jones,19/06/2025,09:28:17
Knowby Examples,0a22186d-bc7c-42ac-bfd0-1090c9673e8c,Cat® Water System Operation Guide,4ed4-864f-db17168a----9128-a3c9ddb6e3ea,Carol Jones,07/04/2025,08:31:46
Knowby Examples,0a22186d-bc7c-42ac-bfd0-1090c9673e8c,Cat® Water System Operation Guide,4ed4-864f-db17168a----9128-a3c9ddb6e3ea,Carol Jones,07/04/2025,17:19:24
Knowby Examples,0a22186d-bc7c-42ac-bfd0-1090c9673e8c,Cat® Water System Operation Guide,4ed4-864f-db17168a----9128-a3c9ddb6e3ea,Carol Jones,07/08/2025,17:34:21
Knowby Examples,0a22186d-bc7c-42ac-bfd0-1090c9673e8c,Cat® Water System Operation Guide,4ed4-864f-db17168a----9128-a3c9ddb6e3ea,Carol Jones,07/09/2024,12:44:23
Knowby Examples,0a22186d-bc7c-42ac-bfd0-1090c9673e8c,Cat® Water System Operation Guide,4ed4-864f-db17168a----9128-a3c9ddb6e3ea,Carol Jones,07/09/2025,12:18:27
Knowby Examples,0a22186d-bc7c-42ac-bfd0-1090c9673e8c,Cat® Water System Operation Guide,4ed4-864f-db17168a----9128-a3c9ddb6e3ea,Carol Jones,07/10/2025,08:27:23
Knowby Examples,0a22186d-bc7c-42ac-bfd0-1090c9673e8c,Cat® Water System Operation Guide,4ed4-864f-db17168a----9128-a3c9ddb6e3ea,Carol Jones,07/10/2025,13:29:23
Knowby Examples,0a22186d-bc7c-42ac-bfd0-1090c9673e8c,Cat® Water System Operation Guide,4ed4-864f-db17168a----9128-a3c9ddb6e3ea,Carol Jones,07/10/2025,12:30:34
Knowby Examples,0a22186d-bc7c-42ac-bfd0-1090c9673e8c,Cat® Water System Operation Guide,4ed4-864f-db17168a----9128-a3c9ddb6e3ea,Carol Jones,08/12/2025,13:47:03
Knowby Examples,0a22186d-bc7c-42ac-bfd0-1090c9673e8c,Cat® Water System Operation Guide,4ed4-864f-db17168a----9128-a3c9ddb6e3ea,Carol Jones,20/11/2025,12:00:53
Knowby Examples,0a22186d-bc7c-42ac-bfd0-1090c9673e8c,Cat® Water System Operation Guide,4ce8-8c89-f1a68cdd----9925-4c51c1d10ac1,Lisa Smith,07/06/2025,16:24:41
Knowby Examples,0a22186d-bc7c-42ac-bfd0-1090c9673e8c,Cat® Water System Operation Guide,4ce8-8c89-f1a68cdd----9925-4c51c1d10ac1,Lisa Smith,07/06/2025,13:08:54
Knowby Examples,0a22186d-bc7c-42ac-bfd0-1090c9673e8c,Cat® Water System Operation Guide,4ed4-864f-db17168a----9128-a3c9ddb6e3ea,Carol Jones,25/02/2025,12:18:53
Knowby Examples,84efe20a-1cf3-4359-9f58-c990a5adcd56,Surge Pile Safety Guide,4dd1-509e-67e290d9----bb68-afdb00c8af51,Cristian Gonzalez,18/06/2025,14:15:41
Knowby Examples,84efe20a-1cf3-4359-9f58-c990a5adcd56,Surge Pile Safety Guide,4dd1-509e-67e290d9----bb68-afdb00c8af51,Cristian Gonzalez,18/06/2025,15:30:29
Knowby Examples,84efe20a-1cf3-4359-9f58-c990a5adcd56,Surge Pile Safety Guide,4d2c-583f-adfb71a0----947b-af0c00af8d6b,Adriana Sanders,23/06/2024,17:29:44
Knowby Examples,84efe20a-1cf3-4359-9f58-c990a5adcd56,Surge Pile Safety Guide,44ed-a978-e8d990e2----8b3d-aef900a6bb99,Robert Perez,18/06/2025,15:08:59
Knowby Examples,84efe20a-1cf3-4359-9f58-c990a5adcd56,Surge Pile Safety Guide,4ed4-864f-db17168a----9128-a3c9ddb6e3ea,Carol Jones,18/06/2024,08:51:27
Knowby Examples,84efe20a-1cf3-4359-9f58-c990a5adcd56,Surge Pile Safety Guide,4ed4-864f-db17168a----9128-a3c9ddb6e3ea,Carol Jones,18/06/2024,09:56:34
Knowby Examples,84efe20a-1cf3-4359-9f58-c990a5adcd56,Surge Pile Safety Guide,4ed4-864f-db17168a----9128-a3c9ddb6e3ea,Carol Jones,18/06/2024,10:38:34
Knowby Examples,84efe20a-1cf3-4359-9f58-c990a5adcd56,Surge Pile Safety Guide,4ed4-864f-db17168a----9128-a3c9ddb6e3ea,Carol Jones,18/06/2025,13:02:53
Knowby Examples,84efe20a-1cf3-4359-9f58-c990a5adcd56,Surge Pile Safety Guide,4ed4-864f-db17168a----9128-a3c9ddb6e3ea,Carol Jones,19/06/2025,09:15:32
Knowby Examples,84efe20a-1cf3-4359-9f58-c990a5adcd56,Surge Pile Safety Guide,4ed4-864f-db17168a----9128-a3c9ddb6e3ea,Carol Jones,07/08/2025,17:46:14
Knowby Examples,84efe20a-1cf3-4359-9f58-c990a5adcd56,Surge Pile Safety Guide,4ed4-864f-db17168a----9128-a3c9ddb6e3ea,Carol Jones,07/08/2025,16:23:56
Knowby Examples,84efe20a-1cf3-4359-9f58-c990a5adcd56,Surge Pile Safety Guide,4ed4-864f-db17168a----9128-a3c9ddb6e3ea,Carol Jones,07/09/2025,08:18:46
Knowby Examples,e8daf6f3-ae86-44f0-870a-75ea5bdec457,Preventing Conveyor Accidents,4cb2-65da-696d957b----9f0d-54f7230f93ca,Andrew Mueller,16/09/2025,11:27:45
Knowby Examples,e8daf6f3-ae86-44f0-870a-75ea5bdec457,Preventing Conveyor Accidents,4dd1-509e-67e290d9----bb68-afdb00c8af51,Cristian Gonzalez,19/06/2025,16:59:02
Knowby Examples,e8daf6f3-ae86-44f0-870a-75ea5bdec457,Preventing Conveyor Accidents,4dd1-509e-67e290d9----bb68-afdb00c8af51,Cristian Gonzalez,07/08/2024,11:11:00
Knowby Examples,e8daf6f3-ae86-44f0-870a-75ea5bdec457,Preventing Conveyor Accidents,4dd1-509e-67e290d9----bb68-afdb00c8af51,Cristian Gonzalez,07/09/2025,17:53:56
Knowby Examples,e8daf6f3-ae86-44f0-870a-75ea5bdec457,Preventing Conveyor Accidents,411c-f567-2e4c7697----90d9-1cccc21596a3,Regina Evans,11/03/2025,08:08:57
Knowby Examples,e8daf6f3-ae86-44f0-870a-75ea5bdec457,Preventing Conveyor Accidents,44ed-a978-e8d990e2----8b3d-aef900a6bb99,Robert Perez,08/01/2025,16:32:30
Knowby Examples,e8daf6f3-ae86-44f0-870a-75ea5bdec457,Preventing Conveyor Accidents,4ed4-864f-db17168a----9128-a3c9ddb6e3ea,Carol Jones,19/06/2025,15:20:53
Knowby Examples,e8daf6f3-ae86-44f0-870a-75ea5bdec457,Preventing Conveyor Accidents,4ed4-864f-db17168a----9128-a3c9ddb6e3ea,Carol Jones,19/06/2025,14:50:59
Knowby Examples,e8daf6f3-ae86-44f0-870a-75ea5bdec457,Preventing Conveyor Accidents,4ed4-864f-db17168a----9128-a3c9ddb6e3ea,Carol Jones,07/09/2025,10:56:04
Knowby Examples,e8daf6f3-ae86-44f0-870a-75ea5bdec457,Preventing Conveyor Accidents,4ed4-864f-db17168a----9128-a3c9ddb6e3ea,Carol Jones,14/08/2025,17:10:54
Knowby Examples,e8daf6f3-ae86-44f0-870a-75ea5bdec457,Preventing Conveyor Accidents,4ed4-864f-db17168a----9128-a3c9ddb6e3ea,Carol Jones,14/08/2025,08:07:47
Knowby Examples,e8daf6f3-ae86-44f0-870a-75ea5bdec457,Preventing Conveyor Accidents,4ed1-affe-79057836----9ea2-adc551671be2,John Terrell,25/07/2025,14:30:19
Knowby Examples,a14b250e-9560-4444-af02-55648b39db77,Workplace Examinations in Mines,4dd1-509e-67e290d9----bb68-afdb00c8af51,Cristian Gonzalez,19/06/2025,16:48:51
Knowby Examples,a14b250e-9560-4444-af02-55648b39db77,Workplace Examinations in Mines,4d2c-583f-adfb71a0----947b-af0c00af8d6b,Adriana Sanders,23/06/2025,13:06:19
Knowby Examples,a14b250e-9560-4444-af02-55648b39db77,Workplace Examinations in Mines,411c-f567-2e4c7697----90d9-1cccc21596a3,Regina Evans,11/03/2025,13:04:30
Knowby Examples,a14b250e-9560-4444-af02-55648b39db77,Workplace Examinations in Mines,4ed4-864f-db17168a----9128-a3c9ddb6e3ea,Carol Jones,19/06/2025,12:30:22
Knowby Examples,a14b250e-9560-4444-af02-55648b39db77,Workplace Examinations in Mines,4ed4-864f-db17168a----9128-a3c9ddb6e3ea,Carol Jones,07/09/2025,08:55:21
Knowby Examples,a14b250e-9560-4444-af02-55648b39db77,Workplace Examinations in Mines,4ed4-864f-db17168a----9128-a3c9ddb6e3ea,Carol Jones,07/10/2025,10:40:55
Knowby Examples,a14b250e-9560-4444-af02-55648b39db77,Workplace Examinations in Mines,4ed4-864f-db17168a----9128-a3c9ddb6e3ea,Carol Jones,20/11/2025,10:37:15
Knowby Examples,cdd8f83f-f6c0-46b3-aa4d-3ad1ce48bced,Eight Tips for Efficient Komatsu Hydraulic Breakers,4dd1-509e-67e290d9----bb68-afdb00c8af51,Cristian Gonzalez,20/06/2024,12:33:14
Knowby Examples,cdd8f83f-f6c0-46b3-aa4d-3ad1ce48bced,Eight Tips for Efficient Komatsu Hydraulic Breakers,4dd1-509e-67e290d9----bb68-afdb00c8af51,Cristian Gonzalez,20/06/2024,09:37:42
Knowby Examples,cdd8f83f-f6c0-46b3-aa4d-3ad1ce48bced,Eight Tips for Efficient Komatsu Hydraulic Breakers,4dd1-509e-67e290d9----bb68-afdb00c8af51,Cristian Gonzalez,15/08/2025,10:00:20
Knowby Examples,cdd8f83f-f6c0-46b3-aa4d-3ad1ce48bced,Eight Tips for Efficient Komatsu Hydraulic Breakers,4d2c-583f-adfb71a0----947b-af0c00af8d6b,Adriana Sanders,23/06/2025,11:35:15
Knowby Examples,cdd8f83f-f6c0-46b3-aa4d-3ad1ce48bced,Eight Tips for Efficient Komatsu Hydraulic Breakers,44ed-a978-e8d990e2----8b3d-aef900a6bb99,Robert Perez,20/06/2025,11:59:08
Knowby Examples,cdd8f83f-f6c0-46b3-aa4d-3ad1ce48bced,Eight Tips for Efficient Komatsu Hydraulic Breakers,44ed-a978-e8d990e2----8b3d-aef900a6bb99,Robert Perez,21/06/2025,12:42:05
Knowby Examples,cdd8f83f-f6c0-46b3-aa4d-3ad1ce48bced,Eight Tips for Efficient Komatsu Hydraulic Breakers,44ed-a978-e8d990e2----8b3d-aef900a6bb99,Robert Perez,21/06/2025,08:04:51
Knowby Examples,cdd8f83f-f6c0-46b3-aa4d-3ad1ce48bced,Eight Tips for Efficient Komatsu Hydraulic Breakers,44ed-a978-e8d990e2----8b3d-aef900a6bb99,Robert Perez,29/06/2025,08:41:07
Knowby Examples,cdd8f83f-f6c0-46b3-aa4d-3ad1ce48bced,Eight Tips for Efficient Komatsu Hydraulic Breakers,4ed4-864f-db17168a----9128-a3c9ddb6e3ea,Carol Jones,19/06/2025,11:34:52
Knowby Examples,cdd8f83f-f6c0-46b3-aa4d-3ad1ce48bced,Eight Tips for Efficient Komatsu Hydraulic Breakers,4ed4-864f-db17168a----9128-a3c9ddb6e3ea,Carol Jones,19/06/2025,09:58:57
Knowby Examples,cdd8f83f-f6c0-46b3-aa4d-3ad1ce48bced,Eight Tips for Efficient Komatsu Hydraulic Breakers,4ed4-864f-db17168a----9128-a3c9ddb6e3ea,Carol Jones,23/10/2024,10:21:32
Knowby Examples,cdd8f83f-f6c0-46b3-aa4d-3ad1ce48bced,Eight Tips for Efficient Komatsu Hydraulic Breakers,4ed4-864f-db17168a----9128-a3c9ddb6e3ea,Carol Jones,20/11/2025,13:08:57
Knowby Examples,cdd8f83f-f6c0-46b3-aa4d-3ad1ce48bced,Eight Tips for Efficient Komatsu Hydraulic Breakers,4e42-3ecf-a947652f----8d8f-1b0d973d1bbf,Robert Taylor,02/11/2025,15:33:15
Knowby Examples,89a625af-8fd8-48b7-a280-6ccb5f6f887d,Komatsu HM300/400 Pre-Operation Guide,4cb2-65da-696d957b----9f0d-54f7230f93ca,Andrew Mueller,16/09/2025,14:10:11
Knowby Examples,89a625af-8fd8-48b7-a280-6ccb5f6f887d,Komatsu HM300/400 Pre-Operation Guide,4dd1-509e-67e290d9----bb68-afdb00c8af51,Cristian Gonzalez,20/06/2024,17:46:49
Knowby Examples,89a625af-8fd8-48b7-a280-6ccb5f6f887d,Komatsu HM300/400 Pre-Operation Guide,4dd1-509e-67e290d9----bb68-afdb00c8af51,Cristian Gonzalez,07/01/2025,09:38:15
Knowby Examples,89a625af-8fd8-48b7-a280-6ccb5f6f887d,Komatsu HM300/400 Pre-Operation Guide,4dd1-509e-67e290d9----bb68-afdb00c8af51,Cristian Gonzalez,15/08/2025,08:11:05
Knowby Examples,89a625af-8fd8-48b7-a280-6ccb5f6f887d,Komatsu HM300/400 Pre-Operation Guide,4dd1-509e-67e290d9----bb68-afdb00c8af51,Cristian Gonzalez,15/08/2025,13:37:26
Knowby Examples,89a625af-8fd8-48b7-a280-6ccb5f6f887d,Komatsu HM300/400 Pre-Operation Guide,4dd1-509e-67e290d9----bb68-afdb00c8af51,Cristian Gonzalez,15/08/2025,10:58:01
Knowby Examples,89a625af-8fd8-48b7-a280-6ccb5f6f887d,Komatsu HM300/400 Pre-Operation Guide,411c-f567-2e4c7697----90d9-1cccc21596a3,Regina Evans,24/06/2025,14:55:19
Knowby Examples,89a625af-8fd8-48b7-a280-6ccb5f6f887d,Komatsu HM300/400 Pre-Operation Guide,411c-f567-2e4c7697----90d9-1cccc21596a3,Regina Evans,24/06/2025,16:27:56
Knowby Examples,89a625af-8fd8-48b7-a280-6ccb5f6f887d,Komatsu HM300/400 Pre-Operation Guide,44ed-a978-e8d990e2----8b3d-aef900a6bb99,Robert Perez,20/06/2025,08:40:43
Knowby Examples,89a625af-8fd8-48b7-a280-6ccb5f6f887d,Komatsu HM300/400 Pre-Operation Guide,44ed-a978-e8d990e2----8b3d-aef900a6bb99,Robert Perez,20/06/2025,10:21:27
Knowby Examples,89a625af-8fd8-48b7-a280-6ccb5f6f887d,Komatsu HM300/400 Pre-Operation Guide,44ed-a978-e8d990e2----8b3d-aef900a6bb99,Robert Perez,21/06/2025,12:03:08
Knowby Examples,89a625af-8fd8-48b7-a280-6ccb5f6f887d,Komatsu HM300/400 Pre-Operation Guide,44ed-a978-e8d990e2----8b3d-aef900a6bb99,Robert Perez,25/06/2024,08:38:47
Knowby Examples,89a625af-8fd8-48b7-a280-6ccb5f6f887d,Komatsu HM300/400 Pre-Operation Guide,44ed-a978-e8d990e2----8b3d-aef900a6bb99,Robert Perez,29/06/2024,12:57:15
Knowby Examples,89a625af-8fd8-48b7-a280-6ccb5f6f887d,Komatsu HM300/400 Pre-Operation Guide,44ed-a978-e8d990e2----8b3d-aef900a6bb99,Robert Perez,07/07/2025,10:02:09
Knowby Examples,89a625af-8fd8-48b7-a280-6ccb5f6f887d,Komatsu HM300/400 Pre-Operation Guide,44ed-a978-e8d990e2----8b3d-aef900a6bb99,Robert Perez,07/12/2025,14:34:56
Knowby Examples,89a625af-8fd8-48b7-a280-6ccb5f6f887d,Komatsu HM300/400 Pre-Operation Guide,44ed-a978-e8d990e2----8b3d-aef900a6bb99,Robert Perez,17/07/2025,10:10:07
Knowby Examples,89a625af-8fd8-48b7-a280-6ccb5f6f887d,Komatsu HM300/400 Pre-Operation Guide,44ed-a978-e8d990e2----8b3d-aef900a6bb99,Robert Perez,14/08/2024,09:16:36
Knowby Examples,89a625af-8fd8-48b7-a280-6ccb5f6f887d,Komatsu HM300/400 Pre-Operation Guide,44ed-a978-e8d990e2----8b3d-aef900a6bb99,Robert Perez,19/08/2025,15:45:48
Knowby Examples,89a625af-8fd8-48b7-a280-6ccb5f6f887d,Komatsu HM300/400 Pre-Operation Guide,44ed-a978-e8d990e2----8b3d-aef900a6bb99,Robert Perez,09/05/2025,12:53:08
Knowby Examples,89a625af-8fd8-48b7-a280-6ccb5f6f887d,Komatsu HM300/400 Pre-Operation Guide,44ed-a978-e8d990e2----8b3d-aef900a6bb99,Robert Perez,25/09/2025,16:25:26
Knowby Examples,89a625af-8fd8-48b7-a280-6ccb5f6f887d,Komatsu HM300/400 Pre-Operation Guide,4ed4-864f-db17168a----9128-a3c9ddb6e3ea,Carol Jones,19/06/2025,17:01:01
Knowby Examples,89a625af-8fd8-48b7-a280-6ccb5f6f887d,Komatsu HM300/400 Pre-Operation Guide,4ed4-864f-db17168a----9128-a3c9ddb6e3ea,Carol Jones,23/10/2025,08:31:47
Knowby Examples,89a625af-8fd8-48b7-a280-6ccb5f6f887d,Komatsu HM300/400 Pre-Operation Guide,4ed4-864f-db17168a----9128-a3c9ddb6e3ea,Carol Jones,20/11/2024,13:59:44
Knowby Examples,89a625af-8fd8-48b7-a280-6ccb5f6f887d,Komatsu HM300/400 Pre-Operation Guide,4e42-3ecf-a947652f----8d8f-1b0d973d1bbf,Robert Taylor,17/01/2025,11:31:44
Knowby Examples,8e66f9a4-40f4-4f20-b019-786399f4fcce,NSW State Emergency - SOP Management Application,4dd1-509e-67e290d9----bb68-afdb00c8af51,Cristian Gonzalez,26/06/2025,08:14:57
Knowby Examples,8e66f9a4-40f4-4f20-b019-786399f4fcce,NSW State Emergency - SOP Management Application,4dd1-509e-67e290d9----bb68-afdb00c8af51,Cristian Gonzalez,26/06/2025,16:48:02
Knowby Examples,8e66f9a4-40f4-4f20-b019-786399f4fcce,NSW State Emergency - SOP Management Application,4dd1-509e-67e290d9----bb68-afdb00c8af51,Cristian Gonzalez,26/06/2025,12:08:26
Knowby Examples,8e66f9a4-40f4-4f20-b019-786399f4fcce,NSW State Emergency - SOP Management Application,4dd1-509e-67e290d9----bb68-afdb00c8af51,Cristian Gonzalez,26/06/2024,16:16:19
Knowby Examples,8e66f9a4-40f4-4f20-b019-786399f4fcce,NSW State Emergency - SOP Management Application,4dd1-509e-67e290d9----bb68-afdb00c8af51,Cristian Gonzalez,26/06/2025,15:53:46
Knowby Examples,8e66f9a4-40f4-4f20-b019-786399f4fcce,NSW State Emergency - SOP Management Application,4dd1-509e-67e290d9----bb68-afdb00c8af51,Cristian Gonzalez,27/06/2025,10:51:57
Knowby Examples,8e66f9a4-40f4-4f20-b019-786399f4fcce,NSW State Emergency - SOP Management Application,4dd1-509e-67e290d9----bb68-afdb00c8af51,Cristian Gonzalez,28/06/2025,10:58:43
Knowby Examples,8e66f9a4-40f4-4f20-b019-786399f4fcce,NSW State Emergency - SOP Management Application,4dd1-509e-67e290d9----bb68-afdb00c8af51,Cristian Gonzalez,28/06/2025,09:24:51
Knowby Examples,8e66f9a4-40f4-4f20-b019-786399f4fcce,NSW State Emergency - SOP Management Application,4dd1-509e-67e290d9----bb68-afdb00c8af51,Cristian Gonzalez,28/06/2024,08:27:54
Knowby Examples,8e66f9a4-40f4-4f20-b019-786399f4fcce,NSW State Emergency - SOP Management Application,4dd1-509e-67e290d9----bb68-afdb00c8af51,Cristian Gonzalez,28/06/2025,11:36:50
Knowby Examples,8e66f9a4-40f4-4f20-b019-786399f4fcce,NSW State Emergency - SOP Management Application,4dd1-509e-67e290d9----bb68-afdb00c8af51,Cristian Gonzalez,28/06/2025,14:52:30
Knowby Examples,8e66f9a4-40f4-4f20-b019-786399f4fcce,NSW State Emergency - SOP Management Application,4dd1-509e-67e290d9----bb68-afdb00c8af51,Cristian Gonzalez,28/06/2025,15:45:03
Knowby Examples,8e66f9a4-40f4-4f20-b019-786399f4fcce,NSW State Emergency - SOP Management Application,4dd1-509e-67e290d9----bb68-afdb00c8af51,Cristian Gonzalez,28/06/2025,09:54:49
Knowby Examples,8e66f9a4-40f4-4f20-b019-786399f4fcce,NSW State Emergency - SOP Management Application,4dd1-509e-67e290d9----bb68-afdb00c8af51,Cristian Gonzalez,28/06/2025,12:21:42
Knowby Examples,8e66f9a4-40f4-4f20-b019-786399f4fcce,NSW State Emergency - SOP Management Application,4dd1-509e-67e290d9----bb68-afdb00c8af51,Cristian Gonzalez,28/06/2025,17:16:36
Knowby Examples,8e66f9a4-40f4-4f20-b019-786399f4fcce,NSW State Emergency - SOP Management Application,4dd1-509e-67e290d9----bb68-afdb00c8af51,Cristian Gonzalez,28/06/2024,16:49:50
Knowby Examples,8e66f9a4-40f4-4f20-b019-786399f4fcce,NSW State Emergency - SOP Management Application,4dd1-509e-67e290d9----bb68-afdb00c8af51,Cristian Gonzalez,28/06/2025,12:09:24
Knowby Examples,8e66f9a4-40f4-4f20-b019-786399f4fcce,NSW State Emergency - SOP Management Application,4dd1-509e-67e290d9----bb68-afdb00c8af51,Cristian Gonzalez,28/06/2025,12:06:51
Knowby Examples,8e66f9a4-40f4-4f20-b019-786399f4fcce,NSW State Emergency - SOP Management Application,4dd1-509e-67e290d9----bb68-afdb00c8af51,Cristian Gonzalez,28/06/2025,13:46:08
Knowby Examples,8e66f9a4-40f4-4f20-b019-786399f4fcce,NSW State Emergency - SOP Management Application,4dd1-509e-67e290d9----bb68-afdb00c8af51,Cristian Gonzalez,28/06/2025,12:41:38
Knowby Examples,8e66f9a4-40f4-4f20-b019-786399f4fcce,NSW State Emergency - SOP Management Application,4dd1-509e-67e290d9----bb68-afdb00c8af51,Cristian Gonzalez,28/06/2024,11:14:39
Knowby Examples,8e66f9a4-40f4-4f20-b019-786399f4fcce,NSW State Emergency - SOP Management Application,4dd1-509e-67e290d9----bb68-afdb00c8af51,Cristian Gonzalez,28/06/2024,13:22:37
Knowby Examples,8e66f9a4-40f4-4f20-b019-786399f4fcce,NSW State Emergency - SOP Management Application,4dd1-509e-67e290d9----bb68-afdb00c8af51,Cristian Gonzalez,29/06/2025,16:35:31
Knowby Examples,8e66f9a4-40f4-4f20-b019-786399f4fcce,NSW State Emergency - SOP Management Application,4dd1-509e-67e290d9----bb68-afdb00c8af51,Cristian Gonzalez,07/01/2025,17:10:51
Knowby Examples,8e66f9a4-40f4-4f20-b019-786399f4fcce,NSW State Emergency - SOP Management Application,4dd1-509e-67e290d9----bb68-afdb00c8af51,Cristian Gonzalez,07/01/2025,17:42:45
Knowby Examples,8e66f9a4-40f4-4f20-b019-786399f4fcce,NSW State Emergency - SOP Management Application,4dd1-509e-67e290d9----bb68-afdb00c8af51,Cristian Gonzalez,07/01/2024,11:35:21
Knowby Examples,8e66f9a4-40f4-4f20-b019-786399f4fcce,NSW State Emergency - SOP Management Application,4dd1-509e-67e290d9----bb68-afdb00c8af51,Cristian Gonzalez,07/01/2024,13:54:08
Knowby Examples,8e66f9a4-40f4-4f20-b019-786399f4fcce,NSW State Emergency - SOP Management Application,4dd1-509e-67e290d9----bb68-afdb00c8af51,Cristian Gonzalez,07/01/2025,12:01:57
Knowby Examples,8e66f9a4-40f4-4f20-b019-786399f4fcce,NSW State Emergency - SOP Management Application,4dd1-509e-67e290d9----bb68-afdb00c8af51,Cristian Gonzalez,07/02/2025,11:16:06
Knowby Examples,8e66f9a4-40f4-4f20-b019-786399f4fcce,NSW State Emergency - SOP Management Application,4d2c-583f-adfb71a0----947b-af0c00af8d6b,Adriana Sanders,28/06/2025,12:49:21
Knowby Examples,8e66f9a4-40f4-4f20-b019-786399f4fcce,NSW State Emergency - SOP Management Application,4d2c-583f-adfb71a0----947b-af0c00af8d6b,Adriana Sanders,28/06/2025,09:14:17
Knowby Examples,8e66f9a4-40f4-4f20-b019-786399f4fcce,NSW State Emergency - SOP Management Application,4d2c-583f-adfb71a0----947b-af0c00af8d6b,Adriana Sanders,29/06/2025,16:21:14
Knowby Examples,8e66f9a4-40f4-4f20-b019-786399f4fcce,NSW State Emergency - SOP Management Application,4d2c-583f-adfb71a0----947b-af0c00af8d6b,Adriana Sanders,29/06/2025,08:32:20
Knowby Examples,8e66f9a4-40f4-4f20-b019-786399f4fcce,NSW State Emergency - SOP Management Application,4d2c-583f-adfb71a0----947b-af0c00af8d6b,Adriana Sanders,07/07/2025,12:14:55
Knowby Examples,8e66f9a4-40f4-4f20-b019-786399f4fcce,NSW State Emergency - SOP Management Application,44ed-a978-e8d990e2----8b3d-aef900a6bb99,Robert Perez,31/07/2025,13:06:35
Knowby Examples,a9f0b161-e1b0-4d47-8d54-c1c2782dbc7e,Here is a title,4dd1-509e-67e290d9----bb68-afdb00c8af51,Cristian Gonzalez,07/01/2025,10:04:53
Knowby Examples,771a2283-ed16-4e33-b4e0-ab2106347eb1,The Initiatives Group,4dd1-509e-67e290d9----bb68-afdb00c8af51,Cristian Gonzalez,07/08/2024,17:54:48
Knowby Examples,771a2283-ed16-4e33-b4e0-ab2106347eb1,The Initiatives Group,4dd1-509e-67e290d9----bb68-afdb00c8af51,Cristian Gonzalez,07/08/2025,10:20:10
Knowby Examples,771a2283-ed16-4e33-b4e0-ab2106347eb1,The Initiatives Group,4dd1-509e-67e290d9----bb68-afdb00c8af51,Cristian Gonzalez,07/08/2025,17:29:51
Knowby Examples,771a2283-ed16-4e33-b4e0-ab2106347eb1,The Initiatives Group,4dd1-509e-67e290d9----bb68-afdb00c8af51,Cristian Gonzalez,07/08/2025,09:43:39
Knowby Examples,771a2283-ed16-4e33-b4e0-ab2106347eb1,The Initiatives Group,4dd1-509e-67e290d9----bb68-afdb00c8af51,Cristian Gonzalez,07/09/2025,08:15:35
Knowby Examples,771a2283-ed16-4e33-b4e0-ab2106347eb1,The Initiatives Group,4dd1-509e-67e290d9----bb68-afdb00c8af51,Cristian Gonzalez,07/09/2025,14:14:59
Knowby Examples,771a2283-ed16-4e33-b4e0-ab2106347eb1,The Initiatives Group,4dd1-509e-67e290d9----bb68-afdb00c8af51,Cristian Gonzalez,07/09/2025,13:25:53
Knowby Examples,771a2283-ed16-4e33-b4e0-ab2106347eb1,The Initiatives Group,4dd1-509e-67e290d9----bb68-afdb00c8af51,Cristian Gonzalez,07/09/2025,16:58:59
Knowby Examples,771a2283-ed16-4e33-b4e0-ab2106347eb1,The Initiatives Group,4dd1-509e-67e290d9----bb68-afdb00c8af51,Cristian Gonzalez,07/10/2025,15:10:44
Knowby Examples,771a2283-ed16-4e33-b4e0-ab2106347eb1,The Initiatives Group,4dd1-509e-67e290d9----bb68-afdb00c8af51,Cristian Gonzalez,07/10/2025,14:55:19
Knowby Examples,771a2283-ed16-4e33-b4e0-ab2106347eb1,The Initiatives Group,4dd1-509e-67e290d9----bb68-afdb00c8af51,Cristian Gonzalez,07/10/2025,11:31:40
Knowby Examples,771a2283-ed16-4e33-b4e0-ab2106347eb1,The Initiatives Group,4dd1-509e-67e290d9----bb68-afdb00c8af51,Cristian Gonzalez,07/10/2025,10:33:47
Knowby Examples,771a2283-ed16-4e33-b4e0-ab2106347eb1,The Initiatives Group,4d2c-583f-adfb71a0----947b-af0c00af8d6b,Adriana Sanders,07/08/2025,10:16:42
Knowby Examples,771a2283-ed16-4e33-b4e0-ab2106347eb1,The Initiatives Group,4d2c-583f-adfb71a0----947b-af0c00af8d6b,Adriana Sanders,29/07/2025,10:24:52
Knowby Examples,771a2283-ed16-4e33-b4e0-ab2106347eb1,The Initiatives Group,44ed-a978-e8d990e2----8b3d-aef900a6bb99,Robert Perez,07/08/2025,16:40:55
Knowby Examples,771a2283-ed16-4e33-b4e0-ab2106347eb1,The Initiatives Group,44ed-a978-e8d990e2----8b3d-aef900a6bb99,Robert Perez,30/10/2025,13:56:02
Knowby Examples,771a2283-ed16-4e33-b4e0-ab2106347eb1,The Initiatives Group,461a-a7ab-cd6791bf----a425-ad2b7c56ee35,Rebecca Walker,28/10/2024,15:49:41
Knowby Examples,771a2283-ed16-4e33-b4e0-ab2106347eb1,The Initiatives Group,4ed4-864f-db17168a----9128-a3c9ddb6e3ea,Carol Jones,07/08/2025,09:50:14
Knowby Examples,771a2283-ed16-4e33-b4e0-ab2106347eb1,The Initiatives Group,4ed4-864f-db17168a----9128-a3c9ddb6e3ea,Carol Jones,07/08/2025,17:14:23
Knowby Examples,771a2283-ed16-4e33-b4e0-ab2106347eb1,The Initiatives Group,4ed4-864f-db17168a----9128-a3c9ddb6e3ea,Carol Jones,07/08/2025,12:41:35
Knowby Examples,771a2283-ed16-4e33-b4e0-ab2106347eb1,The Initiatives Group,4ed4-864f-db17168a----9128-a3c9ddb6e3ea,Carol Jones,07/09/2025,17:21:59
Knowby Examples,771a2283-ed16-4e33-b4e0-ab2106347eb1,The Initiatives Group,4ed4-864f-db17168a----9128-a3c9ddb6e3ea,Carol Jones,07/12/2024,13:15:36
Knowby Examples,771a2283-ed16-4e33-b4e0-ab2106347eb1,The Initiatives Group,4ed4-864f-db17168a----9128-a3c9ddb6e3ea,Carol Jones,23/10/2025,16:53:13
Knowby Examples,771a2283-ed16-4e33-b4e0-ab2106347eb1,The Initiatives Group,4e42-3ecf-a947652f----8d8f-1b0d973d1bbf,Robert Taylor,17/01/2025,17:53:59
Knowby Examples,d933a39b-de25-4639-878a-ab02469e6219,Here is a title,4dd1-509e-67e290d9----bb68-afdb00c8af51,Cristian Gonzalez,07/09/2025,10:30:43
Knowby Examples,d933a39b-de25-4639-878a-ab02469e6219,Here is a title,4dd1-509e-67e290d9----bb68-afdb00c8af51,Cristian Gonzalez,07/09/2025,15:13:07
Knowby Examples,756696e2-b335-4ea7-907c-bd895a88d3af,Dairy Shed Terminology,4dd1-509e-67e290d9----bb68-afdb00c8af51,Cristian Gonzalez,17/02/2025,13:56:01
Knowby Examples,756696e2-b335-4ea7-907c-bd895a88d3af,Dairy Shed Terminology,44ed-a978-e8d990e2----8b3d-aef900a6bb99,Robert Perez,07/11/2025,11:06:46
Knowby Examples,756696e2-b335-4ea7-907c-bd895a88d3af,Dairy Shed Terminology,44ed-a978-e8d990e2----8b3d-aef900a6bb99,Robert Perez,14/08/2024,16:27:10
Knowby Examples,756696e2-b335-4ea7-907c-bd895a88d3af,Dairy Shed Terminology,4ed4-864f-db17168a----9128-a3c9ddb6e3ea,Carol Jones,13/07/2025,14:52:53
Knowby Examples,756696e2-b335-4ea7-907c-bd895a88d3af,Dairy Shed Terminology,4ed4-864f-db17168a----9128-a3c9ddb6e3ea,Carol Jones,23/07/2025,09:03:23
Knowby Examples,756696e2-b335-4ea7-907c-bd895a88d3af,Dairy Shed Terminology,4dd1-509e-67e290d9----bb68-afdb00c8af51,Cristian Gonzalez,20/02/2025,08:28:25
Knowby Examples,756696e2-b335-4ea7-907c-bd895a88d3af,Dairy Shed Terminology,4dd1-509e-67e290d9----bb68-afdb00c8af51,Cristian Gonzalez,03/04/2025,12:09:54
Knowby Examples,756696e2-b335-4ea7-907c-bd895a88d3af,Dairy Shed Terminology,4dd1-509e-67e290d9----bb68-afdb00c8af51,Cristian Gonzalez,29/04/2025,15:01:26
Knowby Examples,db6d84af-d0dc-478b-8315-eb9ef8f88034,PRO SOS2 Palletisation Gripper Set Up ,4dd1-509e-67e290d9----bb68-afdb00c8af51,Cristian Gonzalez,12/01/2025,11:04:56
Knowby Examples,db6d84af-d0dc-478b-8315-eb9ef8f88034,PRO SOS2 Palletisation Gripper Set Up ,4dd1-509e-67e290d9----bb68-afdb00c8af51,Cristian Gonzalez,07/12/2025,11:08:43
Knowby Examples,db6d84af-d0dc-478b-8315-eb9ef8f88034,PRO SOS2 Palletisation Gripper Set Up ,4dd1-509e-67e290d9----bb68-afdb00c8af51,Cristian Gonzalez,16/07/2025,16:26:32
Knowby Examples,db6d84af-d0dc-478b-8315-eb9ef8f88034,PRO SOS2 Palletisation Gripper Set Up ,4d2c-583f-adfb71a0----947b-af0c00af8d6b,Adriana Sanders,12/02/2025,10:45:57
Knowby Examples,db6d84af-d0dc-478b-8315-eb9ef8f88034,PRO SOS2 Palletisation Gripper Set Up ,4d2c-583f-adfb71a0----947b-af0c00af8d6b,Adriana Sanders,12/02/2025,09:36:21
Knowby Examples,db6d84af-d0dc-478b-8315-eb9ef8f88034,PRO SOS2 Palletisation Gripper Set Up ,4d2c-583f-adfb71a0----947b-af0c00af8d6b,Adriana Sanders,12/03/2025,14:58:17
Knowby Examples,db6d84af-d0dc-478b-8315-eb9ef8f88034,PRO SOS2 Palletisation Gripper Set Up ,4405-d6f6-e37511ad----906f-aefa00b1a961,Jeffrey Brown,28/11/2025,13:57:24
Knowby Examples,db6d84af-d0dc-478b-8315-eb9ef8f88034,PRO SOS2 Palletisation Gripper Set Up ,4327-393b-53cbdfde----b9a4-aef900aa92ef,Kenneth Landry,08/08/2025,12:39:21
Knowby Examples,db6d84af-d0dc-478b-8315-eb9ef8f88034,PRO SOS2 Palletisation Gripper Set Up ,44ed-a978-e8d990e2----8b3d-aef900a6bb99,Robert Perez,18/04/2025,08:14:24
Knowby Examples,db6d84af-d0dc-478b-8315-eb9ef8f88034,PRO SOS2 Palletisation Gripper Set Up ,461a-a7ab-cd6791bf----a425-ad2b7c56ee35,Rebecca Walker,09/08/2025,13:52:04
Knowby Examples,db6d84af-d0dc-478b-8315-eb9ef8f88034,PRO SOS2 Palletisation Gripper Set Up ,4e42-3ecf-a947652f----8d8f-1b0d973d1bbf,Robert Taylor,17/01/2025,09:30:59
Knowby Examples,db6d84af-d0dc-478b-8315-eb9ef8f88034,PRO SOS2 Palletisation Gripper Set Up ,4e42-3ecf-a947652f----8d8f-1b0d973d1bbf,Robert Taylor,02/12/2024,16:06:55
Knowby Examples,db6d84af-d0dc-478b-8315-eb9ef8f88034,PRO SOS2 Palletisation Gripper Set Up ,4d1a-2d52-b574cc8e----b6c0-af3b0075112b,Melanie Wilson,14/12/2025,09:52:48
Knowby Examples,db6d84af-d0dc-478b-8315-eb9ef8f88034,PRO SOS2 Palletisation Gripper Set Up ,4dd1-509e-67e290d9----bb68-afdb00c8af51,Cristian Gonzalez,04/09/2025,13:38:44
Knowby Examples,db6d84af-d0dc-478b-8315-eb9ef8f88034,PRO SOS2 Palletisation Gripper Set Up ,4dd1-509e-67e290d9----bb68-afdb00c8af51,Cristian Gonzalez,29/04/2025,09:02:56
Knowby Examples,4103bbe2-aeeb-459a-89a9-b2a9fb0350da,Using the backing gate,44ed-a978-e8d990e2----8b3d-aef900a6bb99,Robert Perez,14/08/2025,08:49:23
Knowby Examples,4103bbe2-aeeb-459a-89a9-b2a9fb0350da,Using the backing gate,4e42-3ecf-a947652f----8d8f-1b0d973d1bbf,Robert Taylor,02/11/2024,17:03:14
Knowby Examples,c811b537-2108-4f34-acea-3677cac86dc1,This is a title ,4dd1-509e-67e290d9----bb68-afdb00c8af51,Cristian Gonzalez,16/07/2025,13:30:47
Knowby Examples,c811b537-2108-4f34-acea-3677cac86dc1,This is a title ,4dd1-509e-67e290d9----bb68-afdb00c8af51,Cristian Gonzalez,16/07/2025,15:20:52
Knowby Examples,c288d65b-c5cb-402e-9c90-0708c89f06cd,CNM Training - Part 3 - MFC Exchange,4dd1-509e-67e290d9----bb68-afdb00c8af51,Cristian Gonzalez,30/07/2025,15:56:29
Knowby Examples,c288d65b-c5cb-402e-9c90-0708c89f06cd,CNM Training - Part 3 - MFC Exchange,4dd1-509e-67e290d9----bb68-afdb00c8af51,Cristian Gonzalez,30/07/2025,10:45:35
Knowby Examples,c288d65b-c5cb-402e-9c90-0708c89f06cd,CNM Training - Part 3 - MFC Exchange,4dd1-509e-67e290d9----bb68-afdb00c8af51,Cristian Gonzalez,30/07/2024,13:48:13
Knowby Examples,c288d65b-c5cb-402e-9c90-0708c89f06cd,CNM Training - Part 3 - MFC Exchange,4dd1-509e-67e290d9----bb68-afdb00c8af51,Cristian Gonzalez,30/07/2025,17:47:13
Knowby Examples,c288d65b-c5cb-402e-9c90-0708c89f06cd,CNM Training - Part 3 - MFC Exchange,4dd1-509e-67e290d9----bb68-afdb00c8af51,Cristian Gonzalez,30/07/2025,11:54:40
Knowby Examples,c288d65b-c5cb-402e-9c90-0708c89f06cd,CNM Training - Part 3 - MFC Exchange,4dd1-509e-67e290d9----bb68-afdb00c8af51,Cristian Gonzalez,30/07/2025,16:24:35
Knowby Examples,c288d65b-c5cb-402e-9c90-0708c89f06cd,CNM Training - Part 3 - MFC Exchange,4dd1-509e-67e290d9----bb68-afdb00c8af51,Cristian Gonzalez,30/07/2024,11:53:49
Knowby Examples,c288d65b-c5cb-402e-9c90-0708c89f06cd,CNM Training - Part 3 - MFC Exchange,4dd1-509e-67e290d9----bb68-afdb00c8af51,Cristian Gonzalez,08/08/2025,13:45:20
Knowby Examples,c288d65b-c5cb-402e-9c90-0708c89f06cd,CNM Training - Part 3 - MFC Exchange,4d2c-583f-adfb71a0----947b-af0c00af8d6b,Adriana Sanders,14/08/2024,08:33:03
Knowby Examples,c288d65b-c5cb-402e-9c90-0708c89f06cd,CNM Training - Part 3 - MFC Exchange,4d2c-583f-adfb71a0----947b-af0c00af8d6b,Adriana Sanders,14/08/2025,09:52:43
Knowby Examples,c288d65b-c5cb-402e-9c90-0708c89f06cd,CNM Training - Part 3 - MFC Exchange,4d2c-583f-adfb71a0----947b-af0c00af8d6b,Adriana Sanders,26/01/2025,09:18:44
Knowby Examples,c288d65b-c5cb-402e-9c90-0708c89f06cd,CNM Training - Part 3 - MFC Exchange,44ed-a978-e8d990e2----8b3d-aef900a6bb99,Robert Perez,08/06/2025,14:20:51
Knowby Examples,c288d65b-c5cb-402e-9c90-0708c89f06cd,CNM Training - Part 3 - MFC Exchange,4ed4-864f-db17168a----9128-a3c9ddb6e3ea,Carol Jones,29/07/2025,09:15:16
Knowby Examples,c288d65b-c5cb-402e-9c90-0708c89f06cd,CNM Training - Part 3 - MFC Exchange,4ed4-864f-db17168a----9128-a3c9ddb6e3ea,Carol Jones,29/07/2025,17:50:29
Knowby Examples,c288d65b-c5cb-402e-9c90-0708c89f06cd,CNM Training - Part 3 - MFC Exchange,4ed4-864f-db17168a----9128-a3c9ddb6e3ea,Carol Jones,29/07/2025,16:04:54
Knowby Examples,c288d65b-c5cb-402e-9c90-0708c89f06cd,CNM Training - Part 3 - MFC Exchange,4ed4-864f-db17168a----9128-a3c9ddb6e3ea,Carol Jones,30/07/2024,13:21:13
Knowby Examples,c288d65b-c5cb-402e-9c90-0708c89f06cd,CNM Training - Part 3 - MFC Exchange,4dd1-509e-67e290d9----bb68-afdb00c8af51,Cristian Gonzalez,04/09/2025,16:38:14
Knowby Examples,3a630b36-1370-428a-854a-16c1c5d3eb3a,Hknklj,4dd1-509e-67e290d9----bb68-afdb00c8af51,Cristian Gonzalez,31/07/2025,13:46:58
Knowby Examples,3a630b36-1370-428a-854a-16c1c5d3eb3a,Hknklj,4dd1-509e-67e290d9----bb68-afdb00c8af51,Cristian Gonzalez,08/04/2025,10:49:59
Knowby Examples,3a630b36-1370-428a-854a-16c1c5d3eb3a,Hknklj,44ed-a978-e8d990e2----8b3d-aef900a6bb99,Robert Perez,08/12/2025,15:07:23
Knowby Examples,197cf7e0-85ea-471e-ac0e-4e46a211850d,Test ex,4dd1-509e-67e290d9----bb68-afdb00c8af51,Cristian Gonzalez,08/08/2025,15:12:22
Knowby Examples,197cf7e0-85ea-471e-ac0e-4e46a211850d,Test ex,44ed-a978-e8d990e2----8b3d-aef900a6bb99,Robert Perez,08/08/2025,08:59:35
Knowby Examples,197cf7e0-85ea-471e-ac0e-4e46a211850d,Test ex,44ed-a978-e8d990e2----8b3d-aef900a6bb99,Robert Perez,08/08/2025,16:02:14
Knowby Examples,197cf7e0-85ea-471e-ac0e-4e46a211850d,Test ex,4ed4-864f-db17168a----9128-a3c9ddb6e3ea,Carol Jones,08/08/2024,16:03:19
Knowby Examples,06227ac2-349d-4221-bf8c-35bbd3b98302,Here is a test,4dd1-509e-67e290d9----bb68-afdb00c8af51,Cristian Gonzalez,08/08/2025,10:04:04
Knowby Examples,9127ad9b-680a-4833-b257-f1b8991c920e,Here is a title,4dd1-509e-67e290d9----bb68-afdb00c8af51,Cristian Gonzalez,08/08/2025,08:54:58
Knowby Examples,fb2ea414-8093-4b48-9c3f-0de86ca88898,Scrolling capture with Shottr,4dd1-509e-67e290d9----bb68-afdb00c8af51,Cristian Gonzalez,26/06/2025,15:02:07
Knowby Examples,fb2ea414-8093-4b48-9c3f-0de86ca88898,Scrolling capture with Shottr,4dd1-509e-67e290d9----bb68-afdb00c8af51,Cristian Gonzalez,28/06/2025,12:11:31
Knowby Examples,fb2ea414-8093-4b48-9c3f-0de86ca88898,Scrolling capture with Shottr,4dd1-509e-67e290d9----bb68-afdb00c8af51,Cristian Gonzalez,28/06/2025,11:46:17
Knowby Examples,fb2ea414-8093-4b48-9c3f-0de86ca88898,Scrolling capture with Shottr,4dd1-509e-67e290d9----bb68-afdb00c8af51,Cristian Gonzalez,07/04/2024,14:46:06
Knowby Examples,fb2ea414-8093-4b48-9c3f-0de86ca88898,Scrolling capture with Shottr,4ea3-2234-ee1de7e0----99b4-aefa00ae2eab,William Wilkinson,13/08/2025,11:21:04
Knowby Examples,fb2ea414-8093-4b48-9c3f-0de86ca88898,Scrolling capture with Shottr,461a-a7ab-cd6791bf----a425-ad2b7c56ee35,Rebecca Walker,09/08/2025,11:22:39
Knowby Examples,fb2ea414-8093-4b48-9c3f-0de86ca88898,Scrolling capture with Shottr,4ed4-864f-db17168a----9128-a3c9ddb6e3ea,Carol Jones,18/06/2025,13:45:37
Knowby Examples,fb2ea414-8093-4b48-9c3f-0de86ca88898,Scrolling capture with Shottr,4ed4-864f-db17168a----9128-a3c9ddb6e3ea,Carol Jones,07/03/2025,09:59:22
Knowby Examples,afd6db22-a301-4f8a-ab75-0084205e34fd,Operating a Paper Roll Machine,4cb2-65da-696d957b----9f0d-54f7230f93ca,Andrew Mueller,16/09/2025,11:15:30
Knowby Examples,afd6db22-a301-4f8a-ab75-0084205e34fd,Operating a Paper Roll Machine,4cb2-65da-696d957b----9f0d-54f7230f93ca,Andrew Mueller,16/09/2025,17:40:13
Knowby Examples,afd6db22-a301-4f8a-ab75-0084205e34fd,Operating a Paper Roll Machine,4cb2-65da-696d957b----9f0d-54f7230f93ca,Andrew Mueller,16/09/2025,17:53:15
Knowby Examples,afd6db22-a301-4f8a-ab75-0084205e34fd,Operating a Paper Roll Machine,4cb2-65da-696d957b----9f0d-54f7230f93ca,Andrew Mueller,16/09/2025,12:38:18
Knowby Examples,afd6db22-a301-4f8a-ab75-0084205e34fd,Operating a Paper Roll Machine,4cb2-65da-696d957b----9f0d-54f7230f93ca,Andrew Mueller,16/09/2025,10:26:14
Knowby Examples,afd6db22-a301-4f8a-ab75-0084205e34fd,Operating a Paper Roll Machine,4cb2-65da-696d957b----9f0d-54f7230f93ca,Andrew Mueller,16/09/2025,15:44:45
Knowby Examples,afd6db22-a301-4f8a-ab75-0084205e34fd,Operating a Paper Roll Machine,4dd1-509e-67e290d9----bb68-afdb00c8af51,Cristian Gonzalez,09/10/2025,13:00:08
Knowby Examples,afd6db22-a301-4f8a-ab75-0084205e34fd,Operating a Paper Roll Machine,4dd1-509e-67e290d9----bb68-afdb00c8af51,Cristian Gonzalez,19/09/2025,10:20:44
Knowby Examples,afd6db22-a301-4f8a-ab75-0084205e34fd,Operating a Paper Roll Machine,4d2c-583f-adfb71a0----947b-af0c00af8d6b,Adriana Sanders,13/09/2025,09:54:40
Knowby Examples,afd6db22-a301-4f8a-ab75-0084205e34fd,Operating a Paper Roll Machine,44ed-a978-e8d990e2----8b3d-aef900a6bb99,Robert Perez,09/11/2025,09:59:41
Knowby Examples,afd6db22-a301-4f8a-ab75-0084205e34fd,Operating a Paper Roll Machine,44ed-a978-e8d990e2----8b3d-aef900a6bb99,Robert Perez,16/09/2025,10:56:36
Knowby Examples,afd6db22-a301-4f8a-ab75-0084205e34fd,Operating a Paper Roll Machine,4ed4-864f-db17168a----9128-a3c9ddb6e3ea,Carol Jones,09/10/2025,15:37:00
Knowby Examples,afd6db22-a301-4f8a-ab75-0084205e34fd,Operating a Paper Roll Machine,4ed4-864f-db17168a----9128-a3c9ddb6e3ea,Carol Jones,09/10/2025,16:18:50
Knowby Examples,afd6db22-a301-4f8a-ab75-0084205e34fd,Operating a Paper Roll Machine,4ed4-864f-db17168a----9128-a3c9ddb6e3ea,Carol Jones,09/11/2025,13:31:15
Knowby Examples,afd6db22-a301-4f8a-ab75-0084205e34fd,Operating a Paper Roll Machine,4ed4-864f-db17168a----9128-a3c9ddb6e3ea,Carol Jones,13/09/2025,16:51:23
Knowby Examples,afd6db22-a301-4f8a-ab75-0084205e34fd,Operating a Paper Roll Machine,4ed4-864f-db17168a----9128-a3c9ddb6e3ea,Carol Jones,16/09/2025,08:54:27
Knowby Examples,afd6db22-a301-4f8a-ab75-0084205e34fd,Operating a Paper Roll Machine,4ed4-864f-db17168a----9128-a3c9ddb6e3ea,Carol Jones,21/10/2025,17:22:15
Knowby Examples,afd6db22-a301-4f8a-ab75-0084205e34fd,Operating a Paper Roll Machine,4ed4-864f-db17168a----9128-a3c9ddb6e3ea,Carol Jones,26/11/2025,14:52:18
Knowby Examples,afd6db22-a301-4f8a-ab75-0084205e34fd,Operating a Paper Roll Machine,4ed4-864f-db17168a----9128-a3c9ddb6e3ea,Carol Jones,26/11/2025,15:47:11
Knowby Examples,afd6db22-a301-4f8a-ab75-0084205e34fd,Operating a Paper Roll Machine,4ed4-864f-db17168a----9128-a3c9ddb6e3ea,Carol Jones,16/02/2024,11:40:36
Knowby Examples,afd6db22-a301-4f8a-ab75-0084205e34fd,Operating a Paper Roll Machine,4ed1-affe-79057836----9ea2-adc551671be2,John Terrell,14/09/2025,11:41:56
Knowby Examples,be59c4c4-c485-45d2-8e2f-0ca033a9c33e,How to use sugar,4dd1-509e-67e290d9----bb68-afdb00c8af51,Cristian Gonzalez,21/09/2025,11:14:30
Knowby Examples,0502dacf-1541-4dab-9f84-c57fa68e0b1d,SAP Ariba Invoice Management Solution Demo,4dd1-509e-67e290d9----bb68-afdb00c8af51,Cristian Gonzalez,07/08/2025,15:53:13
Knowby Examples,0502dacf-1541-4dab-9f84-c57fa68e0b1d,SAP Ariba Invoice Management Solution Demo,4dd1-509e-67e290d9----bb68-afdb00c8af51,Cristian Gonzalez,07/08/2025,15:04:05
Knowby Examples,0502dacf-1541-4dab-9f84-c57fa68e0b1d,SAP Ariba Invoice Management Solution Demo,4dd1-509e-67e290d9----bb68-afdb00c8af51,Cristian Gonzalez,23/09/2024,10:50:10
Knowby Examples,0502dacf-1541-4dab-9f84-c57fa68e0b1d,SAP Ariba Invoice Management Solution Demo,4dd1-509e-67e290d9----bb68-afdb00c8af51,Cristian Gonzalez,30/10/2025,13:56:07
Knowby Examples,0502dacf-1541-4dab-9f84-c57fa68e0b1d,SAP Ariba Invoice Management Solution Demo,411c-f567-2e4c7697----90d9-1cccc21596a3,Regina Evans,13/08/2025,12:47:58
Knowby Examples,0502dacf-1541-4dab-9f84-c57fa68e0b1d,SAP Ariba Invoice Management Solution Demo,411c-f567-2e4c7697----90d9-1cccc21596a3,Regina Evans,13/08/2025,13:31:26
Knowby Examples,0502dacf-1541-4dab-9f84-c57fa68e0b1d,SAP Ariba Invoice Management Solution Demo,411c-f567-2e4c7697----90d9-1cccc21596a3,Regina Evans,14/08/2025,14:25:38
Knowby Examples,0502dacf-1541-4dab-9f84-c57fa68e0b1d,SAP Ariba Invoice Management Solution Demo,411c-f567-2e4c7697----90d9-1cccc21596a3,Regina Evans,15/08/2025,09:45:24
Knowby Examples,0502dacf-1541-4dab-9f84-c57fa68e0b1d,SAP Ariba Invoice Management Solution Demo,44ed-a978-e8d990e2----8b3d-aef900a6bb99,Robert Perez,07/08/2024,14:40:59
Knowby Examples,0502dacf-1541-4dab-9f84-c57fa68e0b1d,SAP Ariba Invoice Management Solution Demo,44ed-a978-e8d990e2----8b3d-aef900a6bb99,Robert Perez,14/07/2025,10:04:20
Knowby Examples,0502dacf-1541-4dab-9f84-c57fa68e0b1d,SAP Ariba Invoice Management Solution Demo,4ed4-864f-db17168a----9128-a3c9ddb6e3ea,Carol Jones,07/08/2025,16:31:31
Knowby Examples,0502dacf-1541-4dab-9f84-c57fa68e0b1d,SAP Ariba Invoice Management Solution Demo,4ed4-864f-db17168a----9128-a3c9ddb6e3ea,Carol Jones,07/08/2024,09:19:49
Knowby Examples,0502dacf-1541-4dab-9f84-c57fa68e0b1d,SAP Ariba Invoice Management Solution Demo,4ed4-864f-db17168a----9128-a3c9ddb6e3ea,Carol Jones,07/08/2025,16:45:22
Knowby Examples,0502dacf-1541-4dab-9f84-c57fa68e0b1d,SAP Ariba Invoice Management Solution Demo,409d-3bdc-4417dd91----8aea-d6ea712d295b,Lisa Reeves,05/01/2025,11:20:16
Knowby Examples,0502dacf-1541-4dab-9f84-c57fa68e0b1d,SAP Ariba Invoice Management Solution Demo,4ed4-864f-db17168a----9128-a3c9ddb6e3ea,Carol Jones,03/11/2025,15:01:05
Knowby Examples,ea3317d8-89d9-4ce2-b184-511134261e26,Getting started with Knowby Pro,4dd1-509e-67e290d9----bb68-afdb00c8af51,Cristian Gonzalez,16/08/2024,14:45:18
Knowby Examples,ea3317d8-89d9-4ce2-b184-511134261e26,Getting started with Knowby Pro,4dd1-509e-67e290d9----bb68-afdb00c8af51,Cristian Gonzalez,21/08/2025,09:23:27
Knowby Examples,ea3317d8-89d9-4ce2-b184-511134261e26,Getting started with Knowby Pro,4dd1-509e-67e290d9----bb68-afdb00c8af51,Cristian Gonzalez,21/08/2025,15:23:35
Knowby Examples,ea3317d8-89d9-4ce2-b184-511134261e26,Getting started with Knowby Pro,4dd1-509e-67e290d9----bb68-afdb00c8af51,Cristian Gonzalez,21/08/2025,16:13:11
Knowby Examples,ea3317d8-89d9-4ce2-b184-511134261e26,Getting started with Knowby Pro,4dd1-509e-67e290d9----bb68-afdb00c8af51,Cristian Gonzalez,26/08/2025,13:01:02
Knowby Examples,ea3317d8-89d9-4ce2-b184-511134261e26,Getting started with Knowby Pro,4dd1-509e-67e290d9----bb68-afdb00c8af51,Cristian Gonzalez,21/12/2025,17:43:07
Knowby Examples,ea3317d8-89d9-4ce2-b184-511134261e26,Getting started with Knowby Pro,411c-f567-2e4c7697----90d9-1cccc21596a3,Regina Evans,11/07/2024,11:59:23
Knowby Examples,ea3317d8-89d9-4ce2-b184-511134261e26,Getting started with Knowby Pro,411c-f567-2e4c7697----90d9-1cccc21596a3,Regina Evans,28/01/2025,17:57:44
Knowby Examples,ea3317d8-89d9-4ce2-b184-511134261e26,Getting started with Knowby Pro,44ed-a978-e8d990e2----8b3d-aef900a6bb99,Robert Perez,21/08/2024,10:29:20
Knowby Examples,ea3317d8-89d9-4ce2-b184-511134261e26,Getting started with Knowby Pro,44ed-a978-e8d990e2----8b3d-aef900a6bb99,Robert Perez,09/04/2025,13:39:15
Knowby Examples,ea3317d8-89d9-4ce2-b184-511134261e26,Getting started with Knowby Pro,44ed-a978-e8d990e2----8b3d-aef900a6bb99,Robert Perez,09/04/2025,13:23:43
Knowby Examples,ea3317d8-89d9-4ce2-b184-511134261e26,Getting started with Knowby Pro,44ed-a978-e8d990e2----8b3d-aef900a6bb99,Robert Perez,16/09/2025,11:00:15
Knowby Examples,ea3317d8-89d9-4ce2-b184-511134261e26,Getting started with Knowby Pro,44ed-a978-e8d990e2----8b3d-aef900a6bb99,Robert Perez,28/10/2024,08:24:50
Knowby Examples,ea3317d8-89d9-4ce2-b184-511134261e26,Getting started with Knowby Pro,44ed-a978-e8d990e2----8b3d-aef900a6bb99,Robert Perez,28/10/2025,08:56:50
Knowby Examples,ea3317d8-89d9-4ce2-b184-511134261e26,Getting started with Knowby Pro,44ed-a978-e8d990e2----8b3d-aef900a6bb99,Robert Perez,11/08/2025,17:35:15
Knowby Examples,ea3317d8-89d9-4ce2-b184-511134261e26,Getting started with Knowby Pro,4ed4-864f-db17168a----9128-a3c9ddb6e3ea,Carol Jones,09/01/2025,17:47:48
Knowby Examples,ea3317d8-89d9-4ce2-b184-511134261e26,Getting started with Knowby Pro,40d0-f75c-8245845a----a70f-2a0ac12b6503,Debra Cox DDS,17/09/2024,16:38:10
Knowby Examples,730bcd3e-084b-4db4-8a38-b28199f713f9,PRO Use of Air Skate for the Flex Machines,4dd1-509e-67e290d9----bb68-afdb00c8af51,Cristian Gonzalez,07/12/2025,12:53:34
Knowby Examples,730bcd3e-084b-4db4-8a38-b28199f713f9,PRO Use of Air Skate for the Flex Machines,4dd1-509e-67e290d9----bb68-afdb00c8af51,Cristian Gonzalez,19/09/2025,15:44:56
Knowby Examples,730bcd3e-084b-4db4-8a38-b28199f713f9,PRO Use of Air Skate for the Flex Machines,4dd1-509e-67e290d9----bb68-afdb00c8af51,Cristian Gonzalez,20/09/2025,11:01:46
Knowby Examples,730bcd3e-084b-4db4-8a38-b28199f713f9,PRO Use of Air Skate for the Flex Machines,4dd1-509e-67e290d9----bb68-afdb00c8af51,Cristian Gonzalez,25/09/2024,13:00:20
Knowby Examples,730bcd3e-084b-4db4-8a38-b28199f713f9,PRO Use of Air Skate for the Flex Machines,44ed-a978-e8d990e2----8b3d-aef900a6bb99,Robert Perez,23/11/2025,10:15:11
Knowby Examples,730bcd3e-084b-4db4-8a38-b28199f713f9,PRO Use of Air Skate for the Flex Machines,44ed-a978-e8d990e2----8b3d-aef900a6bb99,Robert Perez,23/11/2025,09:20:35
Knowby Examples,730bcd3e-084b-4db4-8a38-b28199f713f9,PRO Use of Air Skate for the Flex Machines,44ed-a978-e8d990e2----8b3d-aef900a6bb99,Robert Perez,23/11/2024,16:49:50
Knowby Examples,730bcd3e-084b-4db4-8a38-b28199f713f9,PRO Use of Air Skate for the Flex Machines,44ed-a978-e8d990e2----8b3d-aef900a6bb99,Robert Perez,20/09/2025,17:12:16
Knowby Examples,730bcd3e-084b-4db4-8a38-b28199f713f9,PRO Use of Air Skate for the Flex Machines,44ed-a978-e8d990e2----8b3d-aef900a6bb99,Robert Perez,25/09/2024,16:40:37
Knowby Examples,730bcd3e-084b-4db4-8a38-b28199f713f9,PRO Use of Air Skate for the Flex Machines,44ed-a978-e8d990e2----8b3d-aef900a6bb99,Robert Perez,28/10/2025,11:33:03
Knowby Examples,730bcd3e-084b-4db4-8a38-b28199f713f9,PRO Use of Air Skate for the Flex Machines,44ed-a978-e8d990e2----8b3d-aef900a6bb99,Robert Perez,28/10/2025,13:57:48
Knowby Examples,730bcd3e-084b-4db4-8a38-b28199f713f9,PRO Use of Air Skate for the Flex Machines,4ed4-864f-db17168a----9128-a3c9ddb6e3ea,Carol Jones,23/11/2025,10:14:58
Knowby Examples,730bcd3e-084b-4db4-8a38-b28199f713f9,PRO Use of Air Skate for the Flex Machines,40cf-6eb7-521cd9aa----b44e-b3bc2ae815ea,Robert Rodriguez,20/09/2025,15:56:20
Knowby Examples,730bcd3e-084b-4db4-8a38-b28199f713f9,PRO Use of Air Skate for the Flex Machines,4e42-3ecf-a947652f----8d8f-1b0d973d1bbf,Robert Taylor,02/12/2024,13:54:32
Knowby Examples,730bcd3e-084b-4db4-8a38-b28199f713f9,PRO Use of Air Skate for the Flex Machines,4dd1-509e-67e290d9----bb68-afdb00c8af51,Cristian Gonzalez,04/09/2025,10:52:38
Knowby Examples,730bcd3e-084b-4db4-8a38-b28199f713f9,PRO Use of Air Skate for the Flex Machines,4dd1-509e-67e290d9----bb68-afdb00c8af51,Cristian Gonzalez,29/04/2024,16:57:03
Knowby Examples,bccf467f-0434-432f-8844-adee682d01fe,Operate Your Cat® Articulated Truck,4dd1-509e-67e290d9----bb68-afdb00c8af51,Cristian Gonzalez,18/06/2025,15:36:48
Knowby Examples,bccf467f-0434-432f-8844-adee682d01fe,Operate Your Cat® Articulated Truck,4dd1-509e-67e290d9----bb68-afdb00c8af51,Cristian Gonzalez,18/06/2025,13:26:44
Knowby Examples,bccf467f-0434-432f-8844-adee682d01fe,Operate Your Cat® Articulated Truck,4dd1-509e-67e290d9----bb68-afdb00c8af51,Cristian Gonzalez,19/06/2025,09:38:37
Knowby Examples,bccf467f-0434-432f-8844-adee682d01fe,Operate Your Cat® Articulated Truck,4dd1-509e-67e290d9----bb68-afdb00c8af51,Cristian Gonzalez,19/06/2025,16:19:17
Knowby Examples,bccf467f-0434-432f-8844-adee682d01fe,Operate Your Cat® Articulated Truck,4dd1-509e-67e290d9----bb68-afdb00c8af51,Cristian Gonzalez,19/06/2025,13:32:10
Knowby Examples,bccf467f-0434-432f-8844-adee682d01fe,Operate Your Cat® Articulated Truck,4dd1-509e-67e290d9----bb68-afdb00c8af51,Cristian Gonzalez,19/06/2025,08:58:56
Knowby Examples,bccf467f-0434-432f-8844-adee682d01fe,Operate Your Cat® Articulated Truck,4dd1-509e-67e290d9----bb68-afdb00c8af51,Cristian Gonzalez,19/06/2025,10:30:34
Knowby Examples,bccf467f-0434-432f-8844-adee682d01fe,Operate Your Cat® Articulated Truck,4dd1-509e-67e290d9----bb68-afdb00c8af51,Cristian Gonzalez,19/06/2025,13:02:05
Knowby Examples,bccf467f-0434-432f-8844-adee682d01fe,Operate Your Cat® Articulated Truck,4dd1-509e-67e290d9----bb68-afdb00c8af51,Cristian Gonzalez,15/08/2025,17:54:20
Knowby Examples,bccf467f-0434-432f-8844-adee682d01fe,Operate Your Cat® Articulated Truck,4dd1-509e-67e290d9----bb68-afdb00c8af51,Cristian Gonzalez,15/08/2025,10:22:24
Knowby Examples,bccf467f-0434-432f-8844-adee682d01fe,Operate Your Cat® Articulated Truck,4dd1-509e-67e290d9----bb68-afdb00c8af51,Cristian Gonzalez,19/09/2025,16:45:30
Knowby Examples,bccf467f-0434-432f-8844-adee682d01fe,Operate Your Cat® Articulated Truck,4dd1-509e-67e290d9----bb68-afdb00c8af51,Cristian Gonzalez,25/09/2025,08:11:07
Knowby Examples,bccf467f-0434-432f-8844-adee682d01fe,Operate Your Cat® Articulated Truck,4dd1-509e-67e290d9----bb68-afdb00c8af51,Cristian Gonzalez,25/09/2025,09:12:42
Knowby Examples,bccf467f-0434-432f-8844-adee682d01fe,Operate Your Cat® Articulated Truck,4dd1-509e-67e290d9----bb68-afdb00c8af51,Cristian Gonzalez,25/09/2024,16:54:13
Knowby Examples,bccf467f-0434-432f-8844-adee682d01fe,Operate Your Cat® Articulated Truck,4dd1-509e-67e290d9----bb68-afdb00c8af51,Cristian Gonzalez,25/09/2025,13:21:20
Knowby Examples,bccf467f-0434-432f-8844-adee682d01fe,Operate Your Cat® Articulated Truck,4dd1-509e-67e290d9----bb68-afdb00c8af51,Cristian Gonzalez,26/09/2025,15:21:06
Knowby Examples,bccf467f-0434-432f-8844-adee682d01fe,Operate Your Cat® Articulated Truck,4dd1-509e-67e290d9----bb68-afdb00c8af51,Cristian Gonzalez,26/09/2024,14:43:46
Knowby Examples,bccf467f-0434-432f-8844-adee682d01fe,Operate Your Cat® Articulated Truck,4dd1-509e-67e290d9----bb68-afdb00c8af51,Cristian Gonzalez,26/09/2025,16:28:48
Knowby Examples,bccf467f-0434-432f-8844-adee682d01fe,Operate Your Cat® Articulated Truck,4dd1-509e-67e290d9----bb68-afdb00c8af51,Cristian Gonzalez,17/01/2025,11:23:49
Knowby Examples,bccf467f-0434-432f-8844-adee682d01fe,Operate Your Cat® Articulated Truck,4d2c-583f-adfb71a0----947b-af0c00af8d6b,Adriana Sanders,08/07/2025,09:51:31
Knowby Examples,bccf467f-0434-432f-8844-adee682d01fe,Operate Your Cat® Articulated Truck,411c-f567-2e4c7697----90d9-1cccc21596a3,Regina Evans,12/02/2025,16:07:37
Knowby Examples,bccf467f-0434-432f-8844-adee682d01fe,Operate Your Cat® Articulated Truck,44ed-a978-e8d990e2----8b3d-aef900a6bb99,Robert Perez,18/06/2025,17:30:44
Knowby Examples,bccf467f-0434-432f-8844-adee682d01fe,Operate Your Cat® Articulated Truck,44ed-a978-e8d990e2----8b3d-aef900a6bb99,Robert Perez,18/06/2024,08:24:58
Knowby Examples,bccf467f-0434-432f-8844-adee682d01fe,Operate Your Cat® Articulated Truck,44ed-a978-e8d990e2----8b3d-aef900a6bb99,Robert Perez,19/06/2025,08:26:44
Knowby Examples,bccf467f-0434-432f-8844-adee682d01fe,Operate Your Cat® Articulated Truck,44ed-a978-e8d990e2----8b3d-aef900a6bb99,Robert Perez,20/06/2025,12:08:50
Knowby Examples,bccf467f-0434-432f-8844-adee682d01fe,Operate Your Cat® Articulated Truck,44ed-a978-e8d990e2----8b3d-aef900a6bb99,Robert Perez,21/06/2025,11:23:48
Knowby Examples,bccf467f-0434-432f-8844-adee682d01fe,Operate Your Cat® Articulated Truck,44ed-a978-e8d990e2----8b3d-aef900a6bb99,Robert Perez,07/03/2025,13:55:36
Knowby Examples,bccf467f-0434-432f-8844-adee682d01fe,Operate Your Cat® Articulated Truck,44ed-a978-e8d990e2----8b3d-aef900a6bb99,Robert Perez,07/03/2025,17:19:15
Knowby Examples,bccf467f-0434-432f-8844-adee682d01fe,Operate Your Cat® Articulated Truck,44ed-a978-e8d990e2----8b3d-aef900a6bb99,Robert Perez,07/07/2025,16:58:27
Knowby Examples,bccf467f-0434-432f-8844-adee682d01fe,Operate Your Cat® Articulated Truck,44ed-a978-e8d990e2----8b3d-aef900a6bb99,Robert Perez,07/08/2025,15:07:11
Knowby Examples,bccf467f-0434-432f-8844-adee682d01fe,Operate Your Cat® Articulated Truck,44ed-a978-e8d990e2----8b3d-aef900a6bb99,Robert Perez,07/12/2025,14:03:14
Knowby Examples,bccf467f-0434-432f-8844-adee682d01fe,Operate Your Cat® Articulated Truck,44ed-a978-e8d990e2----8b3d-aef900a6bb99,Robert Perez,13/07/2024,10:45:12
Knowby Examples,bccf467f-0434-432f-8844-adee682d01fe,Operate Your Cat® Articulated Truck,44ed-a978-e8d990e2----8b3d-aef900a6bb99,Robert Perez,18/07/2025,14:16:57
Knowby Examples,bccf467f-0434-432f-8844-adee682d01fe,Operate Your Cat® Articulated Truck,44ed-a978-e8d990e2----8b3d-aef900a6bb99,Robert Perez,18/07/2024,09:18:23
Knowby Examples,bccf467f-0434-432f-8844-adee682d01fe,Operate Your Cat® Articulated Truck,44ed-a978-e8d990e2----8b3d-aef900a6bb99,Robert Perez,18/07/2025,10:01:05
Knowby Examples,bccf467f-0434-432f-8844-adee682d01fe,Operate Your Cat® Articulated Truck,44ed-a978-e8d990e2----8b3d-aef900a6bb99,Robert Perez,31/07/2025,09:47:20
Knowby Examples,bccf467f-0434-432f-8844-adee682d01fe,Operate Your Cat® Articulated Truck,44ed-a978-e8d990e2----8b3d-aef900a6bb99,Robert Perez,31/07/2024,09:36:02
Knowby Examples,bccf467f-0434-432f-8844-adee682d01fe,Operate Your Cat® Articulated Truck,44ed-a978-e8d990e2----8b3d-aef900a6bb99,Robert Perez,08/01/2024,10:18:02
Knowby Examples,bccf467f-0434-432f-8844-adee682d01fe,Operate Your Cat® Articulated Truck,44ed-a978-e8d990e2----8b3d-aef900a6bb99,Robert Perez,08/01/2025,15:04:26
Knowby Examples,bccf467f-0434-432f-8844-adee682d01fe,Operate Your Cat® Articulated Truck,44ed-a978-e8d990e2----8b3d-aef900a6bb99,Robert Perez,08/01/2025,10:46:09
Knowby Examples,bccf467f-0434-432f-8844-adee682d01fe,Operate Your Cat® Articulated Truck,44ed-a978-e8d990e2----8b3d-aef900a6bb99,Robert Perez,08/07/2025,09:42:35
Knowby Examples,bccf467f-0434-432f-8844-adee682d01fe,Operate Your Cat® Articulated Truck,44ed-a978-e8d990e2----8b3d-aef900a6bb99,Robert Perez,08/07/2025,14:50:17
Knowby Examples,bccf467f-0434-432f-8844-adee682d01fe,Operate Your Cat® Articulated Truck,44ed-a978-e8d990e2----8b3d-aef900a6bb99,Robert Perez,08/09/2025,12:44:37
Knowby Examples,bccf467f-0434-432f-8844-adee682d01fe,Operate Your Cat® Articulated Truck,44ed-a978-e8d990e2----8b3d-aef900a6bb99,Robert Perez,08/09/2025,08:19:00
Knowby Examples,bccf467f-0434-432f-8844-adee682d01fe,Operate Your Cat® Articulated Truck,44ed-a978-e8d990e2----8b3d-aef900a6bb99,Robert Perez,19/08/2025,11:57:10
Knowby Examples,bccf467f-0434-432f-8844-adee682d01fe,Operate Your Cat® Articulated Truck,44ed-a978-e8d990e2----8b3d-aef900a6bb99,Robert Perez,27/08/2025,16:14:36
Knowby Examples,bccf467f-0434-432f-8844-adee682d01fe,Operate Your Cat® Articulated Truck,44ed-a978-e8d990e2----8b3d-aef900a6bb99,Robert Perez,09/03/2025,17:43:16
Knowby Examples,bccf467f-0434-432f-8844-adee682d01fe,Operate Your Cat® Articulated Truck,44ed-a978-e8d990e2----8b3d-aef900a6bb99,Robert Perez,09/03/2025,15:56:28
Knowby Examples,bccf467f-0434-432f-8844-adee682d01fe,Operate Your Cat® Articulated Truck,44ed-a978-e8d990e2----8b3d-aef900a6bb99,Robert Perez,09/04/2025,08:27:07
Knowby Examples,bccf467f-0434-432f-8844-adee682d01fe,Operate Your Cat® Articulated Truck,44ed-a978-e8d990e2----8b3d-aef900a6bb99,Robert Perez,09/05/2025,08:40:23
Knowby Examples,bccf467f-0434-432f-8844-adee682d01fe,Operate Your Cat® Articulated Truck,44ed-a978-e8d990e2----8b3d-aef900a6bb99,Robert Perez,09/06/2025,14:23:29
Knowby Examples,bccf467f-0434-432f-8844-adee682d01fe,Operate Your Cat® Articulated Truck,44ed-a978-e8d990e2----8b3d-aef900a6bb99,Robert Perez,14/09/2024,15:13:57
Knowby Examples,bccf467f-0434-432f-8844-adee682d01fe,Operate Your Cat® Articulated Truck,44ed-a978-e8d990e2----8b3d-aef900a6bb99,Robert Perez,16/09/2024,17:13:18
Knowby Examples,bccf467f-0434-432f-8844-adee682d01fe,Operate Your Cat® Articulated Truck,44ed-a978-e8d990e2----8b3d-aef900a6bb99,Robert Perez,25/09/2025,09:47:37
Knowby Examples,bccf467f-0434-432f-8844-adee682d01fe,Operate Your Cat® Articulated Truck,44ed-a978-e8d990e2----8b3d-aef900a6bb99,Robert Perez,25/09/2025,16:34:23
Knowby Examples,bccf467f-0434-432f-8844-adee682d01fe,Operate Your Cat® Articulated Truck,44ed-a978-e8d990e2----8b3d-aef900a6bb99,Robert Perez,25/09/2025,12:51:56
Knowby Examples,bccf467f-0434-432f-8844-adee682d01fe,Operate Your Cat® Articulated Truck,44ed-a978-e8d990e2----8b3d-aef900a6bb99,Robert Perez,25/09/2025,15:35:36
Knowby Examples,bccf467f-0434-432f-8844-adee682d01fe,Operate Your Cat® Articulated Truck,44ed-a978-e8d990e2----8b3d-aef900a6bb99,Robert Perez,25/09/2024,12:58:24
Knowby Examples,bccf467f-0434-432f-8844-adee682d01fe,Operate Your Cat® Articulated Truck,44ed-a978-e8d990e2----8b3d-aef900a6bb99,Robert Perez,25/09/2024,17:09:23
Knowby Examples,bccf467f-0434-432f-8844-adee682d01fe,Operate Your Cat® Articulated Truck,44ed-a978-e8d990e2----8b3d-aef900a6bb99,Robert Perez,25/09/2025,14:35:27
Knowby Examples,bccf467f-0434-432f-8844-adee682d01fe,Operate Your Cat® Articulated Truck,44ed-a978-e8d990e2----8b3d-aef900a6bb99,Robert Perez,10/03/2025,09:56:21
Knowby Examples,bccf467f-0434-432f-8844-adee682d01fe,Operate Your Cat® Articulated Truck,44ed-a978-e8d990e2----8b3d-aef900a6bb99,Robert Perez,10/06/2025,13:56:49
Knowby Examples,bccf467f-0434-432f-8844-adee682d01fe,Operate Your Cat® Articulated Truck,44ed-a978-e8d990e2----8b3d-aef900a6bb99,Robert Perez,10/07/2025,14:16:28
Knowby Examples,bccf467f-0434-432f-8844-adee682d01fe,Operate Your Cat® Articulated Truck,44ed-a978-e8d990e2----8b3d-aef900a6bb99,Robert Perez,28/10/2025,09:07:08
Knowby Examples,bccf467f-0434-432f-8844-adee682d01fe,Operate Your Cat® Articulated Truck,44ed-a978-e8d990e2----8b3d-aef900a6bb99,Robert Perez,28/10/2025,17:07:50
Knowby Examples,bccf467f-0434-432f-8844-adee682d01fe,Operate Your Cat® Articulated Truck,44ed-a978-e8d990e2----8b3d-aef900a6bb99,Robert Perez,28/10/2025,13:14:46
Knowby Examples,bccf467f-0434-432f-8844-adee682d01fe,Operate Your Cat® Articulated Truck,44ed-a978-e8d990e2----8b3d-aef900a6bb99,Robert Perez,28/10/2025,16:57:23
Knowby Examples,bccf467f-0434-432f-8844-adee682d01fe,Operate Your Cat® Articulated Truck,44ed-a978-e8d990e2----8b3d-aef900a6bb99,Robert Perez,28/10/2025,16:26:37
Knowby Examples,bccf467f-0434-432f-8844-adee682d01fe,Operate Your Cat® Articulated Truck,44ed-a978-e8d990e2----8b3d-aef900a6bb99,Robert Perez,28/10/2025,15:04:26
Knowby Examples,bccf467f-0434-432f-8844-adee682d01fe,Operate Your Cat® Articulated Truck,44ed-a978-e8d990e2----8b3d-aef900a6bb99,Robert Perez,28/10/2025,10:06:47
Knowby Examples,bccf467f-0434-432f-8844-adee682d01fe,Operate Your Cat® Articulated Truck,44ed-a978-e8d990e2----8b3d-aef900a6bb99,Robert Perez,28/10/2025,09:41:45
Knowby Examples,bccf467f-0434-432f-8844-adee682d01fe,Operate Your Cat® Articulated Truck,44ed-a978-e8d990e2----8b3d-aef900a6bb99,Robert Perez,28/10/2025,13:47:44
Knowby Examples,bccf467f-0434-432f-8844-adee682d01fe,Operate Your Cat® Articulated Truck,44ed-a978-e8d990e2----8b3d-aef900a6bb99,Robert Perez,28/10/2025,13:42:42
Knowby Examples,bccf467f-0434-432f-8844-adee682d01fe,Operate Your Cat® Articulated Truck,44ed-a978-e8d990e2----8b3d-aef900a6bb99,Robert Perez,28/10/2025,14:59:54
Knowby Examples,bccf467f-0434-432f-8844-adee682d01fe,Operate Your Cat® Articulated Truck,44ed-a978-e8d990e2----8b3d-aef900a6bb99,Robert Perez,29/10/2025,15:52:08
Knowby Examples,bccf467f-0434-432f-8844-adee682d01fe,Operate Your Cat® Articulated Truck,44ed-a978-e8d990e2----8b3d-aef900a6bb99,Robert Perez,11/04/2025,10:57:40
Knowby Examples,bccf467f-0434-432f-8844-adee682d01fe,Operate Your Cat® Articulated Truck,44ed-a978-e8d990e2----8b3d-aef900a6bb99,Robert Perez,17/11/2025,11:47:08
Knowby Examples,bccf467f-0434-432f-8844-adee682d01fe,Operate Your Cat® Articulated Truck,44ed-a978-e8d990e2----8b3d-aef900a6bb99,Robert Perez,17/11/2024,08:24:06
Knowby Examples,bccf467f-0434-432f-8844-adee682d01fe,Operate Your Cat® Articulated Truck,44ed-a978-e8d990e2----8b3d-aef900a6bb99,Robert Perez,17/11/2025,12:31:50
Knowby Examples,bccf467f-0434-432f-8844-adee682d01fe,Operate Your Cat® Articulated Truck,44ed-a978-e8d990e2----8b3d-aef900a6bb99,Robert Perez,19/11/2025,09:32:55
Knowby Examples,bccf467f-0434-432f-8844-adee682d01fe,Operate Your Cat® Articulated Truck,44ed-a978-e8d990e2----8b3d-aef900a6bb99,Robert Perez,20/11/2025,10:18:58
Knowby Examples,bccf467f-0434-432f-8844-adee682d01fe,Operate Your Cat® Articulated Truck,44ed-a978-e8d990e2----8b3d-aef900a6bb99,Robert Perez,21/11/2024,11:26:21
Knowby Examples,bccf467f-0434-432f-8844-adee682d01fe,Operate Your Cat® Articulated Truck,44ed-a978-e8d990e2----8b3d-aef900a6bb99,Robert Perez,17/12/2025,17:50:15
Knowby Examples,bccf467f-0434-432f-8844-adee682d01fe,Operate Your Cat® Articulated Truck,44ed-a978-e8d990e2----8b3d-aef900a6bb99,Robert Perez,01/07/2025,10:28:19
Knowby Examples,bccf467f-0434-432f-8844-adee682d01fe,Operate Your Cat® Articulated Truck,44ed-a978-e8d990e2----8b3d-aef900a6bb99,Robert Perez,13/01/2025,15:09:03
Knowby Examples,bccf467f-0434-432f-8844-adee682d01fe,Operate Your Cat® Articulated Truck,44ed-a978-e8d990e2----8b3d-aef900a6bb99,Robert Perez,13/01/2025,11:38:19
Knowby Examples,bccf467f-0434-432f-8844-adee682d01fe,Operate Your Cat® Articulated Truck,44ed-a978-e8d990e2----8b3d-aef900a6bb99,Robert Perez,13/01/2025,15:57:19
Knowby Examples,bccf467f-0434-432f-8844-adee682d01fe,Operate Your Cat® Articulated Truck,44ed-a978-e8d990e2----8b3d-aef900a6bb99,Robert Perez,16/01/2024,12:52:50
Knowby Examples,bccf467f-0434-432f-8844-adee682d01fe,Operate Your Cat® Articulated Truck,44ed-a978-e8d990e2----8b3d-aef900a6bb99,Robert Perez,16/01/2024,10:48:51
Knowby Examples,bccf467f-0434-432f-8844-adee682d01fe,Operate Your Cat® Articulated Truck,44ed-a978-e8d990e2----8b3d-aef900a6bb99,Robert Perez,17/01/2025,17:25:48
Knowby Examples,bccf467f-0434-432f-8844-adee682d01fe,Operate Your Cat® Articulated Truck,44ed-a978-e8d990e2----8b3d-aef900a6bb99,Robert Perez,17/01/2025,10:14:43
Knowby Examples,bccf467f-0434-432f-8844-adee682d01fe,Operate Your Cat® Articulated Truck,44ed-a978-e8d990e2----8b3d-aef900a6bb99,Robert Perez,21/01/2025,08:10:12
Knowby Examples,bccf467f-0434-432f-8844-adee682d01fe,Operate Your Cat® Articulated Truck,44ed-a978-e8d990e2----8b3d-aef900a6bb99,Robert Perez,21/01/2025,16:19:45
Knowby Examples,bccf467f-0434-432f-8844-adee682d01fe,Operate Your Cat® Articulated Truck,44ed-a978-e8d990e2----8b3d-aef900a6bb99,Robert Perez,22/01/2025,11:51:27
Knowby Examples,bccf467f-0434-432f-8844-adee682d01fe,Operate Your Cat® Articulated Truck,44ed-a978-e8d990e2----8b3d-aef900a6bb99,Robert Perez,22/01/2024,14:59:28
Knowby Examples,bccf467f-0434-432f-8844-adee682d01fe,Operate Your Cat® Articulated Truck,44ed-a978-e8d990e2----8b3d-aef900a6bb99,Robert Perez,27/01/2025,14:50:18
Knowby Examples,bccf467f-0434-432f-8844-adee682d01fe,Operate Your Cat® Articulated Truck,44ed-a978-e8d990e2----8b3d-aef900a6bb99,Robert Perez,28/01/2024,17:04:13
Knowby Examples,bccf467f-0434-432f-8844-adee682d01fe,Operate Your Cat® Articulated Truck,44ed-a978-e8d990e2----8b3d-aef900a6bb99,Robert Perez,02/03/2025,08:47:04
Knowby Examples,bccf467f-0434-432f-8844-adee682d01fe,Operate Your Cat® Articulated Truck,44ed-a978-e8d990e2----8b3d-aef900a6bb99,Robert Perez,02/04/2025,17:34:09
Knowby Examples,bccf467f-0434-432f-8844-adee682d01fe,Operate Your Cat® Articulated Truck,44ed-a978-e8d990e2----8b3d-aef900a6bb99,Robert Perez,02/04/2024,17:08:02
Knowby Examples,bccf467f-0434-432f-8844-adee682d01fe,Operate Your Cat® Articulated Truck,44ed-a978-e8d990e2----8b3d-aef900a6bb99,Robert Perez,02/05/2025,12:15:33
Knowby Examples,bccf467f-0434-432f-8844-adee682d01fe,Operate Your Cat® Articulated Truck,44ed-a978-e8d990e2----8b3d-aef900a6bb99,Robert Perez,02/05/2025,13:16:48
Knowby Examples,bccf467f-0434-432f-8844-adee682d01fe,Operate Your Cat® Articulated Truck,44ed-a978-e8d990e2----8b3d-aef900a6bb99,Robert Perez,02/06/2025,14:32:29
Knowby Examples,bccf467f-0434-432f-8844-adee682d01fe,Operate Your Cat® Articulated Truck,44ed-a978-e8d990e2----8b3d-aef900a6bb99,Robert Perez,02/10/2025,17:27:25
Knowby Examples,bccf467f-0434-432f-8844-adee682d01fe,Operate Your Cat® Articulated Truck,44ed-a978-e8d990e2----8b3d-aef900a6bb99,Robert Perez,02/10/2025,13:15:36
Knowby Examples,bccf467f-0434-432f-8844-adee682d01fe,Operate Your Cat® Articulated Truck,44ed-a978-e8d990e2----8b3d-aef900a6bb99,Robert Perez,13/02/2025,09:17:30
Knowby Examples,bccf467f-0434-432f-8844-adee682d01fe,Operate Your Cat® Articulated Truck,44ed-a978-e8d990e2----8b3d-aef900a6bb99,Robert Perez,13/02/2025,14:22:58
Knowby Examples,bccf467f-0434-432f-8844-adee682d01fe,Operate Your Cat® Articulated Truck,44ed-a978-e8d990e2----8b3d-aef900a6bb99,Robert Perez,13/02/2025,08:24:26
Knowby Examples,bccf467f-0434-432f-8844-adee682d01fe,Operate Your Cat® Articulated Truck,44ed-a978-e8d990e2----8b3d-aef900a6bb99,Robert Perez,17/02/2025,13:52:41
Knowby Examples,bccf467f-0434-432f-8844-adee682d01fe,Operate Your Cat® Articulated Truck,44ed-a978-e8d990e2----8b3d-aef900a6bb99,Robert Perez,18/02/2025,11:34:02
Knowby Examples,bccf467f-0434-432f-8844-adee682d01fe,Operate Your Cat® Articulated Truck,44ed-a978-e8d990e2----8b3d-aef900a6bb99,Robert Perez,27/02/2025,10:08:00
Knowby Examples,bccf467f-0434-432f-8844-adee682d01fe,Operate Your Cat® Articulated Truck,44ed-a978-e8d990e2----8b3d-aef900a6bb99,Robert Perez,03/06/2025,12:24:05
Knowby Examples,bccf467f-0434-432f-8844-adee682d01fe,Operate Your Cat® Articulated Truck,44ed-a978-e8d990e2----8b3d-aef900a6bb99,Robert Perez,03/06/2025,11:47:56
Knowby Examples,bccf467f-0434-432f-8844-adee682d01fe,Operate Your Cat® Articulated Truck,44ed-a978-e8d990e2----8b3d-aef900a6bb99,Robert Perez,03/10/2025,17:21:09
Knowby Examples,bccf467f-0434-432f-8844-adee682d01fe,Operate Your Cat® Articulated Truck,44ed-a978-e8d990e2----8b3d-aef900a6bb99,Robert Perez,03/12/2025,11:29:01
Knowby Examples,bccf467f-0434-432f-8844-adee682d01fe,Operate Your Cat® Articulated Truck,44ed-a978-e8d990e2----8b3d-aef900a6bb99,Robert Perez,13/03/2025,15:59:29
Knowby Examples,bccf467f-0434-432f-8844-adee682d01fe,Operate Your Cat® Articulated Truck,44ed-a978-e8d990e2----8b3d-aef900a6bb99,Robert Perez,13/03/2025,12:07:31
Knowby Examples,bccf467f-0434-432f-8844-adee682d01fe,Operate Your Cat® Articulated Truck,44ed-a978-e8d990e2----8b3d-aef900a6bb99,Robert Perez,13/03/2025,16:36:58
Knowby Examples,bccf467f-0434-432f-8844-adee682d01fe,Operate Your Cat® Articulated Truck,44ed-a978-e8d990e2----8b3d-aef900a6bb99,Robert Perez,14/03/2025,16:37:52
Knowby Examples,bccf467f-0434-432f-8844-adee682d01fe,Operate Your Cat® Articulated Truck,44ed-a978-e8d990e2----8b3d-aef900a6bb99,Robert Perez,14/03/2024,17:10:52
Knowby Examples,bccf467f-0434-432f-8844-adee682d01fe,Operate Your Cat® Articulated Truck,44ed-a978-e8d990e2----8b3d-aef900a6bb99,Robert Perez,14/03/2025,15:40:12
Knowby Examples,bccf467f-0434-432f-8844-adee682d01fe,Operate Your Cat® Articulated Truck,44ed-a978-e8d990e2----8b3d-aef900a6bb99,Robert Perez,14/03/2024,15:41:08
Knowby Examples,bccf467f-0434-432f-8844-adee682d01fe,Operate Your Cat® Articulated Truck,44ed-a978-e8d990e2----8b3d-aef900a6bb99,Robert Perez,18/03/2025,10:20:18
Knowby Examples,bccf467f-0434-432f-8844-adee682d01fe,Operate Your Cat® Articulated Truck,44ed-a978-e8d990e2----8b3d-aef900a6bb99,Robert Perez,27/03/2025,12:57:00
Knowby Examples,bccf467f-0434-432f-8844-adee682d01fe,Operate Your Cat® Articulated Truck,44ed-a978-e8d990e2----8b3d-aef900a6bb99,Robert Perez,31/03/2024,09:35:19
Knowby Examples,bccf467f-0434-432f-8844-adee682d01fe,Operate Your Cat® Articulated Truck,44ed-a978-e8d990e2----8b3d-aef900a6bb99,Robert Perez,31/03/2024,16:03:06
Knowby Examples,bccf467f-0434-432f-8844-adee682d01fe,Operate Your Cat® Articulated Truck,44ed-a978-e8d990e2----8b3d-aef900a6bb99,Robert Perez,04/02/2024,16:15:50
Knowby Examples,bccf467f-0434-432f-8844-adee682d01fe,Operate Your Cat® Articulated Truck,44ed-a978-e8d990e2----8b3d-aef900a6bb99,Robert Perez,04/02/2024,17:18:55
Knowby Examples,bccf467f-0434-432f-8844-adee682d01fe,Operate Your Cat® Articulated Truck,44ed-a978-e8d990e2----8b3d-aef900a6bb99,Robert Perez,04/07/2025,15:30:23
Knowby Examples,bccf467f-0434-432f-8844-adee682d01fe,Operate Your Cat® Articulated Truck,44ed-a978-e8d990e2----8b3d-aef900a6bb99,Robert Perez,04/10/2025,10:27:37
Knowby Examples,bccf467f-0434-432f-8844-adee682d01fe,Operate Your Cat® Articulated Truck,44ed-a978-e8d990e2----8b3d-aef900a6bb99,Robert Perez,15/04/2025,17:57:25
Knowby Examples,bccf467f-0434-432f-8844-adee682d01fe,Operate Your Cat® Articulated Truck,44ed-a978-e8d990e2----8b3d-aef900a6bb99,Robert Perez,15/04/2025,15:32:57
Knowby Examples,bccf467f-0434-432f-8844-adee682d01fe,Operate Your Cat® Articulated Truck,44ed-a978-e8d990e2----8b3d-aef900a6bb99,Robert Perez,15/04/2025,15:42:48
Knowby Examples,bccf467f-0434-432f-8844-adee682d01fe,Operate Your Cat® Articulated Truck,44ed-a978-e8d990e2----8b3d-aef900a6bb99,Robert Perez,15/04/2024,10:44:41
Knowby Examples,bccf467f-0434-432f-8844-adee682d01fe,Operate Your Cat® Articulated Truck,44ed-a978-e8d990e2----8b3d-aef900a6bb99,Robert Perez,22/04/2025,12:54:53
Knowby Examples,bccf467f-0434-432f-8844-adee682d01fe,Operate Your Cat® Articulated Truck,44ed-a978-e8d990e2----8b3d-aef900a6bb99,Robert Perez,30/04/2024,13:10:46
Knowby Examples,bccf467f-0434-432f-8844-adee682d01fe,Operate Your Cat® Articulated Truck,44ed-a978-e8d990e2----8b3d-aef900a6bb99,Robert Perez,05/01/2025,10:47:14
Knowby Examples,bccf467f-0434-432f-8844-adee682d01fe,Operate Your Cat® Articulated Truck,44ed-a978-e8d990e2----8b3d-aef900a6bb99,Robert Perez,05/01/2025,08:49:22
Knowby Examples,bccf467f-0434-432f-8844-adee682d01fe,Operate Your Cat® Articulated Truck,44ed-a978-e8d990e2----8b3d-aef900a6bb99,Robert Perez,05/02/2025,10:24:10
Knowby Examples,bccf467f-0434-432f-8844-adee682d01fe,Operate Your Cat® Articulated Truck,44ed-a978-e8d990e2----8b3d-aef900a6bb99,Robert Perez,05/06/2025,11:57:34
Knowby Examples,bccf467f-0434-432f-8844-adee682d01fe,Operate Your Cat® Articulated Truck,4ed4-864f-db17168a----9128-a3c9ddb6e3ea,Carol Jones,18/06/2024,14:37:05
Knowby Examples,bccf467f-0434-432f-8844-adee682d01fe,Operate Your Cat® Articulated Truck,4ed4-864f-db17168a----9128-a3c9ddb6e3ea,Carol Jones,18/06/2025,15:12:45
Knowby Examples,bccf467f-0434-432f-8844-adee682d01fe,Operate Your Cat® Articulated Truck,4ed4-864f-db17168a----9128-a3c9ddb6e3ea,Carol Jones,18/06/2025,14:54:03
Knowby Examples,bccf467f-0434-432f-8844-adee682d01fe,Operate Your Cat® Articulated Truck,4ed4-864f-db17168a----9128-a3c9ddb6e3ea,Carol Jones,18/06/2025,14:31:48
Knowby Examples,bccf467f-0434-432f-8844-adee682d01fe,Operate Your Cat® Articulated Truck,4ed4-864f-db17168a----9128-a3c9ddb6e3ea,Carol Jones,18/06/2025,17:25:32
Knowby Examples,bccf467f-0434-432f-8844-adee682d01fe,Operate Your Cat® Articulated Truck,4ed4-864f-db17168a----9128-a3c9ddb6e3ea,Carol Jones,18/06/2025,09:38:32
Knowby Examples,bccf467f-0434-432f-8844-adee682d01fe,Operate Your Cat® Articulated Truck,4ed4-864f-db17168a----9128-a3c9ddb6e3ea,Carol Jones,18/06/2024,10:19:05
Knowby Examples,bccf467f-0434-432f-8844-adee682d01fe,Operate Your Cat® Articulated Truck,4ed4-864f-db17168a----9128-a3c9ddb6e3ea,Carol Jones,18/06/2025,16:56:02
Knowby Examples,bccf467f-0434-432f-8844-adee682d01fe,Operate Your Cat® Articulated Truck,4ed4-864f-db17168a----9128-a3c9ddb6e3ea,Carol Jones,18/06/2025,10:46:22
Knowby Examples,bccf467f-0434-432f-8844-adee682d01fe,Operate Your Cat® Articulated Truck,4ed4-864f-db17168a----9128-a3c9ddb6e3ea,Carol Jones,18/06/2024,09:04:16
Knowby Examples,bccf467f-0434-432f-8844-adee682d01fe,Operate Your Cat® Articulated Truck,4ed4-864f-db17168a----9128-a3c9ddb6e3ea,Carol Jones,19/06/2025,11:42:43
Knowby Examples,bccf467f-0434-432f-8844-adee682d01fe,Operate Your Cat® Articulated Truck,4ed4-864f-db17168a----9128-a3c9ddb6e3ea,Carol Jones,07/04/2025,11:24:52
Knowby Examples,bccf467f-0434-432f-8844-adee682d01fe,Operate Your Cat® Articulated Truck,4ed4-864f-db17168a----9128-a3c9ddb6e3ea,Carol Jones,20/09/2025,17:56:53
Knowby Examples,bccf467f-0434-432f-8844-adee682d01fe,Operate Your Cat® Articulated Truck,4ed4-864f-db17168a----9128-a3c9ddb6e3ea,Carol Jones,20/11/2025,17:13:22
Knowby Examples,bccf467f-0434-432f-8844-adee682d01fe,Operate Your Cat® Articulated Truck,4ed4-864f-db17168a----9128-a3c9ddb6e3ea,Carol Jones,21/11/2024,09:36:18
Knowby Examples,bccf467f-0434-432f-8844-adee682d01fe,Operate Your Cat® Articulated Truck,4ed4-864f-db17168a----9128-a3c9ddb6e3ea,Carol Jones,14/01/2025,10:52:20
Knowby Examples,bccf467f-0434-432f-8844-adee682d01fe,Operate Your Cat® Articulated Truck,4ed4-864f-db17168a----9128-a3c9ddb6e3ea,Carol Jones,14/01/2024,16:41:24
Knowby Examples,bccf467f-0434-432f-8844-adee682d01fe,Operate Your Cat® Articulated Truck,4e42-3ecf-a947652f----8d8f-1b0d973d1bbf,Robert Taylor,17/01/2025,11:43:33
Knowby Examples,bccf467f-0434-432f-8844-adee682d01fe,Operate Your Cat® Articulated Truck,4e42-3ecf-a947652f----8d8f-1b0d973d1bbf,Robert Taylor,17/01/2025,17:20:07
Knowby Examples,bccf467f-0434-432f-8844-adee682d01fe,Operate Your Cat® Articulated Truck,4e42-3ecf-a947652f----8d8f-1b0d973d1bbf,Robert Taylor,19/01/2025,13:40:08
Knowby Examples,bccf467f-0434-432f-8844-adee682d01fe,Operate Your Cat® Articulated Truck,409d-3bdc-4417dd91----8aea-d6ea712d295b,Lisa Reeves,14/04/2025,15:26:49
Knowby Examples,bccf467f-0434-432f-8844-adee682d01fe,Operate Your Cat® Articulated Truck,409d-3bdc-4417dd91----8aea-d6ea712d295b,Lisa Reeves,16/04/2025,12:20:29
Knowby Examples,bccf467f-0434-432f-8844-adee682d01fe,Operate Your Cat® Articulated Truck,409d-3bdc-4417dd91----8aea-d6ea712d295b,Lisa Reeves,16/04/2025,15:24:11
Knowby Examples,bccf467f-0434-432f-8844-adee682d01fe,Operate Your Cat® Articulated Truck,4dd1-509e-67e290d9----bb68-afdb00c8af51,Cristian Gonzalez,20/02/2025,16:32:30
Knowby Examples,bccf467f-0434-432f-8844-adee682d01fe,Operate Your Cat® Articulated Truck,4dd1-509e-67e290d9----bb68-afdb00c8af51,Cristian Gonzalez,03/03/2025,08:41:39
Knowby Examples,bccf467f-0434-432f-8844-adee682d01fe,Operate Your Cat® Articulated Truck,4dd1-509e-67e290d9----bb68-afdb00c8af51,Cristian Gonzalez,03/04/2025,15:19:33
Knowby Examples,bccf467f-0434-432f-8844-adee682d01fe,Operate Your Cat® Articulated Truck,4dd1-509e-67e290d9----bb68-afdb00c8af51,Cristian Gonzalez,03/04/2025,14:51:40
Knowby Examples,bccf467f-0434-432f-8844-adee682d01fe,Operate Your Cat® Articulated Truck,4dd1-509e-67e290d9----bb68-afdb00c8af51,Cristian Gonzalez,03/12/2025,10:57:13
Knowby Examples,bccf467f-0434-432f-8844-adee682d01fe,Operate Your Cat® Articulated Truck,4dd1-509e-67e290d9----bb68-afdb00c8af51,Cristian Gonzalez,03/12/2025,13:18:37
Knowby Examples,bccf467f-0434-432f-8844-adee682d01fe,Operate Your Cat® Articulated Truck,4dd1-509e-67e290d9----bb68-afdb00c8af51,Cristian Gonzalez,21/03/2025,08:11:19
Knowby Examples,bccf467f-0434-432f-8844-adee682d01fe,Operate Your Cat® Articulated Truck,4dd1-509e-67e290d9----bb68-afdb00c8af51,Cristian Gonzalez,21/03/2025,13:19:38
Knowby Examples,bccf467f-0434-432f-8844-adee682d01fe,Operate Your Cat® Articulated Truck,4dd1-509e-67e290d9----bb68-afdb00c8af51,Cristian Gonzalez,21/03/2025,16:14:57
Knowby Examples,bccf467f-0434-432f-8844-adee682d01fe,Operate Your Cat® Articulated Truck,4dd1-509e-67e290d9----bb68-afdb00c8af51,Cristian Gonzalez,21/03/2025,16:02:38
Knowby Examples,bccf467f-0434-432f-8844-adee682d01fe,Operate Your Cat® Articulated Truck,4dd1-509e-67e290d9----bb68-afdb00c8af51,Cristian Gonzalez,21/03/2025,11:16:11
Knowby Examples,bccf467f-0434-432f-8844-adee682d01fe,Operate Your Cat® Articulated Truck,4dd1-509e-67e290d9----bb68-afdb00c8af51,Cristian Gonzalez,21/03/2025,09:23:33
Knowby Examples,bccf467f-0434-432f-8844-adee682d01fe,Operate Your Cat® Articulated Truck,4dd1-509e-67e290d9----bb68-afdb00c8af51,Cristian Gonzalez,27/03/2024,16:22:21
Knowby Examples,bccf467f-0434-432f-8844-adee682d01fe,Operate Your Cat® Articulated Truck,4dd1-509e-67e290d9----bb68-afdb00c8af51,Cristian Gonzalez,04/10/2024,10:34:42
Knowby Examples,bccf467f-0434-432f-8844-adee682d01fe,Operate Your Cat® Articulated Truck,4dd1-509e-67e290d9----bb68-afdb00c8af51,Cristian Gonzalez,04/10/2024,16:37:02
Knowby Examples,bccf467f-0434-432f-8844-adee682d01fe,Operate Your Cat® Articulated Truck,4dd1-509e-67e290d9----bb68-afdb00c8af51,Cristian Gonzalez,04/10/2025,09:44:54
Knowby Examples,bccf467f-0434-432f-8844-adee682d01fe,Operate Your Cat® Articulated Truck,4dd1-509e-67e290d9----bb68-afdb00c8af51,Cristian Gonzalez,04/10/2025,08:30:08
Knowby Examples,bccf467f-0434-432f-8844-adee682d01fe,Operate Your Cat® Articulated Truck,4dd1-509e-67e290d9----bb68-afdb00c8af51,Cristian Gonzalez,22/04/2025,14:26:57
Knowby Examples,bccf467f-0434-432f-8844-adee682d01fe,Operate Your Cat® Articulated Truck,4dd1-509e-67e290d9----bb68-afdb00c8af51,Cristian Gonzalez,29/04/2025,11:22:56
Knowby Examples,bccf467f-0434-432f-8844-adee682d01fe,Operate Your Cat® Articulated Truck,4dd1-509e-67e290d9----bb68-afdb00c8af51,Cristian Gonzalez,29/04/2025,16:50:06
Knowby Examples,bccf467f-0434-432f-8844-adee682d01fe,Operate Your Cat® Articulated Truck,4dd1-509e-67e290d9----bb68-afdb00c8af51,Cristian Gonzalez,29/04/2025,08:46:48
Knowby Examples,bccf467f-0434-432f-8844-adee682d01fe,Operate Your Cat® Articulated Truck,4dd1-509e-67e290d9----bb68-afdb00c8af51,Cristian Gonzalez,05/06/2025,09:16:40
Knowby Examples,ae30d0e1-d478-42ea-aed5-f0fcefc802f2,okta - retrieving a list of admin roles,4dd1-509e-67e290d9----bb68-afdb00c8af51,Cristian Gonzalez,28/09/2024,15:55:44
Knowby Examples,ae30d0e1-d478-42ea-aed5-f0fcefc802f2,okta - retrieving a list of admin roles,4dd1-509e-67e290d9----bb68-afdb00c8af51,Cristian Gonzalez,26/09/2025,12:10:35
Knowby Examples,ae30d0e1-d478-42ea-aed5-f0fcefc802f2,okta - retrieving a list of admin roles,4d2c-583f-adfb71a0----947b-af0c00af8d6b,Adriana Sanders,12/08/2025,13:06:32
Knowby Examples,ae30d0e1-d478-42ea-aed5-f0fcefc802f2,okta - retrieving a list of admin roles,4d2c-583f-adfb71a0----947b-af0c00af8d6b,Adriana Sanders,16/08/2025,17:34:46
Knowby Examples,ae30d0e1-d478-42ea-aed5-f0fcefc802f2,okta - retrieving a list of admin roles,44ed-a978-e8d990e2----8b3d-aef900a6bb99,Robert Perez,09/07/2025,14:19:14
Knowby Examples,ae30d0e1-d478-42ea-aed5-f0fcefc802f2,okta - retrieving a list of admin roles,44ed-a978-e8d990e2----8b3d-aef900a6bb99,Robert Perez,09/09/2025,08:53:34
Knowby Examples,ae30d0e1-d478-42ea-aed5-f0fcefc802f2,okta - retrieving a list of admin roles,44ed-a978-e8d990e2----8b3d-aef900a6bb99,Robert Perez,09/09/2025,11:13:34
Knowby Examples,ae30d0e1-d478-42ea-aed5-f0fcefc802f2,okta - retrieving a list of admin roles,44ed-a978-e8d990e2----8b3d-aef900a6bb99,Robert Perez,15/09/2025,09:10:11
Knowby Examples,ae30d0e1-d478-42ea-aed5-f0fcefc802f2,okta - retrieving a list of admin roles,44ed-a978-e8d990e2----8b3d-aef900a6bb99,Robert Perez,15/09/2025,10:57:55
Knowby Examples,ae30d0e1-d478-42ea-aed5-f0fcefc802f2,okta - retrieving a list of admin roles,44ed-a978-e8d990e2----8b3d-aef900a6bb99,Robert Perez,27/09/2025,14:34:32
Knowby Examples,ae30d0e1-d478-42ea-aed5-f0fcefc802f2,okta - retrieving a list of admin roles,44ed-a978-e8d990e2----8b3d-aef900a6bb99,Robert Perez,27/09/2024,10:13:32
Knowby Examples,ae30d0e1-d478-42ea-aed5-f0fcefc802f2,okta - retrieving a list of admin roles,44ed-a978-e8d990e2----8b3d-aef900a6bb99,Robert Perez,08/01/2024,16:00:57
Knowby Examples,ae30d0e1-d478-42ea-aed5-f0fcefc802f2,okta - retrieving a list of admin roles,44ed-a978-e8d990e2----8b3d-aef900a6bb99,Robert Perez,08/01/2025,14:32:33
Knowby Examples,ae30d0e1-d478-42ea-aed5-f0fcefc802f2,okta - retrieving a list of admin roles,44ed-a978-e8d990e2----8b3d-aef900a6bb99,Robert Perez,08/01/2025,13:02:27
Knowby Examples,ae30d0e1-d478-42ea-aed5-f0fcefc802f2,okta - retrieving a list of admin roles,44ed-a978-e8d990e2----8b3d-aef900a6bb99,Robert Perez,08/07/2024,10:16:25
Knowby Examples,ae30d0e1-d478-42ea-aed5-f0fcefc802f2,okta - retrieving a list of admin roles,44ed-a978-e8d990e2----8b3d-aef900a6bb99,Robert Perez,28/10/2025,13:52:10
Knowby Examples,ae30d0e1-d478-42ea-aed5-f0fcefc802f2,okta - retrieving a list of admin roles,4ed4-864f-db17168a----9128-a3c9ddb6e3ea,Carol Jones,03/11/2025,08:18:58
Knowby Examples,45c285ad-46c0-45e4-b73b-2201e5720181,Surf Lifeguard Skills - Short tying a rescue tube,4cb2-65da-696d957b----9f0d-54f7230f93ca,Andrew Mueller,17/09/2025,16:27:44
Knowby Examples,45c285ad-46c0-45e4-b73b-2201e5720181,Surf Lifeguard Skills - Short tying a rescue tube,4dd1-509e-67e290d9----bb68-afdb00c8af51,Cristian Gonzalez,17/05/2025,09:15:21
Knowby Examples,45c285ad-46c0-45e4-b73b-2201e5720181,Surf Lifeguard Skills - Short tying a rescue tube,4dd1-509e-67e290d9----bb68-afdb00c8af51,Cristian Gonzalez,28/05/2025,13:38:57
Knowby Examples,45c285ad-46c0-45e4-b73b-2201e5720181,Surf Lifeguard Skills - Short tying a rescue tube,4dd1-509e-67e290d9----bb68-afdb00c8af51,Cristian Gonzalez,06/03/2025,17:54:59
Knowby Examples,45c285ad-46c0-45e4-b73b-2201e5720181,Surf Lifeguard Skills - Short tying a rescue tube,4dd1-509e-67e290d9----bb68-afdb00c8af51,Cristian Gonzalez,26/06/2025,10:31:50
Knowby Examples,45c285ad-46c0-45e4-b73b-2201e5720181,Surf Lifeguard Skills - Short tying a rescue tube,4dd1-509e-67e290d9----bb68-afdb00c8af51,Cristian Gonzalez,16/07/2025,08:14:12
Knowby Examples,45c285ad-46c0-45e4-b73b-2201e5720181,Surf Lifeguard Skills - Short tying a rescue tube,4dd1-509e-67e290d9----bb68-afdb00c8af51,Cristian Gonzalez,09/03/2025,09:15:50
Knowby Examples,45c285ad-46c0-45e4-b73b-2201e5720181,Surf Lifeguard Skills - Short tying a rescue tube,4dd1-509e-67e290d9----bb68-afdb00c8af51,Cristian Gonzalez,09/03/2025,11:31:38
Knowby Examples,45c285ad-46c0-45e4-b73b-2201e5720181,Surf Lifeguard Skills - Short tying a rescue tube,4d2c-583f-adfb71a0----947b-af0c00af8d6b,Adriana Sanders,19/05/2024,11:20:12
Knowby Examples,45c285ad-46c0-45e4-b73b-2201e5720181,Surf Lifeguard Skills - Short tying a rescue tube,4d2c-583f-adfb71a0----947b-af0c00af8d6b,Adriana Sanders,23/06/2025,12:48:52
Knowby Examples,45c285ad-46c0-45e4-b73b-2201e5720181,Surf Lifeguard Skills - Short tying a rescue tube,4d2c-583f-adfb71a0----947b-af0c00af8d6b,Adriana Sanders,13/09/2025,15:19:16
Knowby Examples,45c285ad-46c0-45e4-b73b-2201e5720181,Surf Lifeguard Skills - Short tying a rescue tube,4d2c-583f-adfb71a0----947b-af0c00af8d6b,Adriana Sanders,11/07/2025,09:41:10
Knowby Examples,45c285ad-46c0-45e4-b73b-2201e5720181,Surf Lifeguard Skills - Short tying a rescue tube,4ea3-2234-ee1de7e0----99b4-aefa00ae2eab,William Wilkinson,26/06/2025,11:54:05
Knowby Examples,45c285ad-46c0-45e4-b73b-2201e5720181,Surf Lifeguard Skills - Short tying a rescue tube,44ed-a978-e8d990e2----8b3d-aef900a6bb99,Robert Perez,29/05/2025,15:59:17
Knowby Examples,45c285ad-46c0-45e4-b73b-2201e5720181,Surf Lifeguard Skills - Short tying a rescue tube,44ed-a978-e8d990e2----8b3d-aef900a6bb99,Robert Perez,29/07/2025,13:32:43
Knowby Examples,45c285ad-46c0-45e4-b73b-2201e5720181,Surf Lifeguard Skills - Short tying a rescue tube,44ed-a978-e8d990e2----8b3d-aef900a6bb99,Robert Perez,19/09/2025,08:14:40
Knowby Examples,45c285ad-46c0-45e4-b73b-2201e5720181,Surf Lifeguard Skills - Short tying a rescue tube,44ed-a978-e8d990e2----8b3d-aef900a6bb99,Robert Perez,24/09/2025,11:54:13
Knowby Examples,45c285ad-46c0-45e4-b73b-2201e5720181,Surf Lifeguard Skills - Short tying a rescue tube,44ed-a978-e8d990e2----8b3d-aef900a6bb99,Robert Perez,10/07/2025,08:57:31
Knowby Examples,45c285ad-46c0-45e4-b73b-2201e5720181,Surf Lifeguard Skills - Short tying a rescue tube,44ed-a978-e8d990e2----8b3d-aef900a6bb99,Robert Perez,17/01/2025,16:17:20
Knowby Examples,45c285ad-46c0-45e4-b73b-2201e5720181,Surf Lifeguard Skills - Short tying a rescue tube,4ed4-864f-db17168a----9128-a3c9ddb6e3ea,Carol Jones,17/05/2025,16:53:38
Knowby Examples,45c285ad-46c0-45e4-b73b-2201e5720181,Surf Lifeguard Skills - Short tying a rescue tube,4ed4-864f-db17168a----9128-a3c9ddb6e3ea,Carol Jones,21/05/2025,12:48:58
Knowby Examples,45c285ad-46c0-45e4-b73b-2201e5720181,Surf Lifeguard Skills - Short tying a rescue tube,4ed4-864f-db17168a----9128-a3c9ddb6e3ea,Carol Jones,29/05/2025,15:37:29
Knowby Examples,45c285ad-46c0-45e4-b73b-2201e5720181,Surf Lifeguard Skills - Short tying a rescue tube,4ed4-864f-db17168a----9128-a3c9ddb6e3ea,Carol Jones,29/05/2025,17:37:44
Knowby Examples,45c285ad-46c0-45e4-b73b-2201e5720181,Surf Lifeguard Skills - Short tying a rescue tube,4ed4-864f-db17168a----9128-a3c9ddb6e3ea,Carol Jones,06/04/2024,09:04:50
Knowby Examples,45c285ad-46c0-45e4-b73b-2201e5720181,Surf Lifeguard Skills - Short tying a rescue tube,4ed4-864f-db17168a----9128-a3c9ddb6e3ea,Carol Jones,09/03/2024,11:55:46
Knowby Examples,45c285ad-46c0-45e4-b73b-2201e5720181,Surf Lifeguard Skills - Short tying a rescue tube,4ed4-864f-db17168a----9128-a3c9ddb6e3ea,Carol Jones,09/03/2025,08:23:53
Knowby Examples,45c285ad-46c0-45e4-b73b-2201e5720181,Surf Lifeguard Skills - Short tying a rescue tube,4ed4-864f-db17168a----9128-a3c9ddb6e3ea,Carol Jones,09/03/2025,11:16:40
Knowby Examples,45c285ad-46c0-45e4-b73b-2201e5720181,Surf Lifeguard Skills - Short tying a rescue tube,4ed4-864f-db17168a----9128-a3c9ddb6e3ea,Carol Jones,09/03/2025,09:57:59
Knowby Examples,45c285ad-46c0-45e4-b73b-2201e5720181,Surf Lifeguard Skills - Short tying a rescue tube,4ed4-864f-db17168a----9128-a3c9ddb6e3ea,Carol Jones,09/03/2024,11:17:02
Knowby Examples,45c285ad-46c0-45e4-b73b-2201e5720181,Surf Lifeguard Skills - Short tying a rescue tube,4ed4-864f-db17168a----9128-a3c9ddb6e3ea,Carol Jones,09/03/2025,08:09:41
Knowby Examples,45c285ad-46c0-45e4-b73b-2201e5720181,Surf Lifeguard Skills - Short tying a rescue tube,4ed4-864f-db17168a----9128-a3c9ddb6e3ea,Carol Jones,09/03/2025,16:15:07
Knowby Examples,45c285ad-46c0-45e4-b73b-2201e5720181,Surf Lifeguard Skills - Short tying a rescue tube,4ed4-864f-db17168a----9128-a3c9ddb6e3ea,Carol Jones,09/03/2025,17:15:34
Knowby Examples,45c285ad-46c0-45e4-b73b-2201e5720181,Surf Lifeguard Skills - Short tying a rescue tube,4ed4-864f-db17168a----9128-a3c9ddb6e3ea,Carol Jones,20/11/2025,14:58:52
Knowby Examples,45c285ad-46c0-45e4-b73b-2201e5720181,Surf Lifeguard Skills - Short tying a rescue tube,4ed4-864f-db17168a----9128-a3c9ddb6e3ea,Carol Jones,20/11/2025,12:37:10
Knowby Examples,45c285ad-46c0-45e4-b73b-2201e5720181,Surf Lifeguard Skills - Short tying a rescue tube,4ed4-864f-db17168a----9128-a3c9ddb6e3ea,Carol Jones,20/11/2025,14:11:52
Knowby Examples,45c285ad-46c0-45e4-b73b-2201e5720181,Surf Lifeguard Skills - Short tying a rescue tube,4ed4-864f-db17168a----9128-a3c9ddb6e3ea,Carol Jones,20/11/2025,17:07:13
Knowby Examples,45c285ad-46c0-45e4-b73b-2201e5720181,Surf Lifeguard Skills - Short tying a rescue tube,4ed4-864f-db17168a----9128-a3c9ddb6e3ea,Carol Jones,20/11/2025,08:45:39
Knowby Examples,45c285ad-46c0-45e4-b73b-2201e5720181,Surf Lifeguard Skills - Short tying a rescue tube,4ed4-864f-db17168a----9128-a3c9ddb6e3ea,Carol Jones,20/11/2025,10:34:28
Knowby Examples,45c285ad-46c0-45e4-b73b-2201e5720181,Surf Lifeguard Skills - Short tying a rescue tube,4ed4-864f-db17168a----9128-a3c9ddb6e3ea,Carol Jones,21/11/2025,13:54:54
Knowby Examples,45c285ad-46c0-45e4-b73b-2201e5720181,Surf Lifeguard Skills - Short tying a rescue tube,4ed4-864f-db17168a----9128-a3c9ddb6e3ea,Carol Jones,21/11/2025,09:06:35
Knowby Examples,45c285ad-46c0-45e4-b73b-2201e5720181,Surf Lifeguard Skills - Short tying a rescue tube,4ed4-864f-db17168a----9128-a3c9ddb6e3ea,Carol Jones,17/02/2025,17:26:21
Knowby Examples,45c285ad-46c0-45e4-b73b-2201e5720181,Surf Lifeguard Skills - Short tying a rescue tube,40cf-6eb7-521cd9aa----b44e-b3bc2ae815ea,Robert Rodriguez,09/03/2025,12:17:41
Knowby Examples,45c285ad-46c0-45e4-b73b-2201e5720181,Surf Lifeguard Skills - Short tying a rescue tube,4f16-eda6-7db766e9----bc66-af8100c46bb3,Jared Foster,21/05/2025,13:20:57
Knowby Examples,45c285ad-46c0-45e4-b73b-2201e5720181,Surf Lifeguard Skills - Short tying a rescue tube,4f16-eda6-7db766e9----bc66-af8100c46bb3,Jared Foster,21/05/2025,14:15:47
Knowby Examples,45c285ad-46c0-45e4-b73b-2201e5720181,Surf Lifeguard Skills - Short tying a rescue tube,4f16-eda6-7db766e9----bc66-af8100c46bb3,Jared Foster,21/05/2025,15:42:49
Knowby Examples,45c285ad-46c0-45e4-b73b-2201e5720181,Surf Lifeguard Skills - Short tying a rescue tube,4f16-eda6-7db766e9----bc66-af8100c46bb3,Jared Foster,21/05/2025,09:39:55
Knowby Examples,45c285ad-46c0-45e4-b73b-2201e5720181,Surf Lifeguard Skills - Short tying a rescue tube,4f16-eda6-7db766e9----bc66-af8100c46bb3,Jared Foster,21/05/2024,09:23:13
Knowby Examples,45c285ad-46c0-45e4-b73b-2201e5720181,Surf Lifeguard Skills - Short tying a rescue tube,4f16-eda6-7db766e9----bc66-af8100c46bb3,Jared Foster,22/05/2025,10:40:07
Knowby Examples,45c285ad-46c0-45e4-b73b-2201e5720181,Surf Lifeguard Skills - Short tying a rescue tube,4f16-eda6-7db766e9----bc66-af8100c46bb3,Jared Foster,22/05/2025,12:50:10
Knowby Examples,45c285ad-46c0-45e4-b73b-2201e5720181,Surf Lifeguard Skills - Short tying a rescue tube,4f16-eda6-7db766e9----bc66-af8100c46bb3,Jared Foster,22/05/2024,10:08:19
Knowby Examples,45c285ad-46c0-45e4-b73b-2201e5720181,Surf Lifeguard Skills - Short tying a rescue tube,4f16-eda6-7db766e9----bc66-af8100c46bb3,Jared Foster,21/11/2025,12:11:06
Knowby Examples,45c285ad-46c0-45e4-b73b-2201e5720181,Surf Lifeguard Skills - Short tying a rescue tube,4a03-290e-7ab16f5f----99f5-ecabe6f9e6bf,Jacqueline Reed,19/05/2025,13:12:30
Knowby Examples,45c285ad-46c0-45e4-b73b-2201e5720181,Surf Lifeguard Skills - Short tying a rescue tube,4a03-290e-7ab16f5f----99f5-ecabe6f9e6bf,Jacqueline Reed,19/05/2025,09:21:45
Knowby Examples,45c285ad-46c0-45e4-b73b-2201e5720181,Surf Lifeguard Skills - Short tying a rescue tube,4a03-290e-7ab16f5f----99f5-ecabe6f9e6bf,Jacqueline Reed,19/05/2025,08:52:55
Knowby Examples,45c285ad-46c0-45e4-b73b-2201e5720181,Surf Lifeguard Skills - Short tying a rescue tube,4d1a-2d52-b574cc8e----b6c0-af3b0075112b,Melanie Wilson,09/08/2025,10:30:57
Knowby Examples,45c285ad-46c0-45e4-b73b-2201e5720181,Surf Lifeguard Skills - Short tying a rescue tube,4d1a-2d52-b574cc8e----b6c0-af3b0075112b,Melanie Wilson,14/11/2025,15:29:07
Knowby Examples,45c285ad-46c0-45e4-b73b-2201e5720181,Surf Lifeguard Skills - Short tying a rescue tube,4ed4-864f-db17168a----9128-a3c9ddb6e3ea,Carol Jones,27/02/2024,10:15:22
Knowby Examples,45c285ad-46c0-45e4-b73b-2201e5720181,Surf Lifeguard Skills - Short tying a rescue tube,4ed4-864f-db17168a----9128-a3c9ddb6e3ea,Carol Jones,20/03/2024,17:41:30
Knowby Examples,ff514792-66b4-4a14-86be-2613b8b2a1ec,How to cure a hangover,4dd1-509e-67e290d9----bb68-afdb00c8af51,Cristian Gonzalez,23/09/2024,17:14:45
Knowby Examples,ff514792-66b4-4a14-86be-2613b8b2a1ec,How to cure a hangover,4dd1-509e-67e290d9----bb68-afdb00c8af51,Cristian Gonzalez,23/09/2025,17:05:28
Knowby Examples,ff514792-66b4-4a14-86be-2613b8b2a1ec,How to cure a hangover,4dd1-509e-67e290d9----bb68-afdb00c8af51,Cristian Gonzalez,24/09/2025,17:52:24
Knowby Examples,ff514792-66b4-4a14-86be-2613b8b2a1ec,How to cure a hangover,4dd1-509e-67e290d9----bb68-afdb00c8af51,Cristian Gonzalez,24/09/2024,15:23:02
Knowby Examples,ff514792-66b4-4a14-86be-2613b8b2a1ec,How to cure a hangover,4dd1-509e-67e290d9----bb68-afdb00c8af51,Cristian Gonzalez,24/09/2025,15:27:33
Knowby Examples,ff514792-66b4-4a14-86be-2613b8b2a1ec,How to cure a hangover,4d2c-583f-adfb71a0----947b-af0c00af8d6b,Adriana Sanders,10/08/2025,16:59:09
Knowby Examples,ff514792-66b4-4a14-86be-2613b8b2a1ec,How to cure a hangover,4d2c-583f-adfb71a0----947b-af0c00af8d6b,Adriana Sanders,10/10/2025,11:40:32
Knowby Examples,ff514792-66b4-4a14-86be-2613b8b2a1ec,How to cure a hangover,4d2c-583f-adfb71a0----947b-af0c00af8d6b,Adriana Sanders,10/11/2025,10:01:25
Knowby Examples,ff514792-66b4-4a14-86be-2613b8b2a1ec,How to cure a hangover,44ed-a978-e8d990e2----8b3d-aef900a6bb99,Robert Perez,23/09/2025,13:06:44
Knowby Examples,ff514792-66b4-4a14-86be-2613b8b2a1ec,How to cure a hangover,44ed-a978-e8d990e2----8b3d-aef900a6bb99,Robert Perez,23/09/2024,10:24:44
Knowby Examples,ff514792-66b4-4a14-86be-2613b8b2a1ec,How to cure a hangover,44ed-a978-e8d990e2----8b3d-aef900a6bb99,Robert Perez,05/02/2025,10:12:26
Knowby Examples,ff514792-66b4-4a14-86be-2613b8b2a1ec,How to cure a hangover,461a-a7ab-cd6791bf----a425-ad2b7c56ee35,Rebecca Walker,28/10/2025,16:13:06
Knowby Examples,ff514792-66b4-4a14-86be-2613b8b2a1ec,How to cure a hangover,4ed4-864f-db17168a----9128-a3c9ddb6e3ea,Carol Jones,30/09/2025,16:22:54
Knowby Examples,ff514792-66b4-4a14-86be-2613b8b2a1ec,How to cure a hangover,4e42-3ecf-a947652f----8d8f-1b0d973d1bbf,Robert Taylor,17/01/2025,14:12:10
Knowby Examples,85b6337b-f0e5-4a79-a7ea-d2f926b56d3a,How to Remove a Tattoo at HRTech Las Vegas,4dd1-509e-67e290d9----bb68-afdb00c8af51,Cristian Gonzalez,23/09/2024,17:59:49
Knowby Examples,85b6337b-f0e5-4a79-a7ea-d2f926b56d3a,How to Remove a Tattoo at HRTech Las Vegas,4dd1-509e-67e290d9----bb68-afdb00c8af51,Cristian Gonzalez,24/09/2025,15:26:59
Knowby Examples,85b6337b-f0e5-4a79-a7ea-d2f926b56d3a,How to Remove a Tattoo at HRTech Las Vegas,4dd1-509e-67e290d9----bb68-afdb00c8af51,Cristian Gonzalez,24/09/2025,08:02:31
Knowby Examples,85b6337b-f0e5-4a79-a7ea-d2f926b56d3a,How to Remove a Tattoo at HRTech Las Vegas,4dd1-509e-67e290d9----bb68-afdb00c8af51,Cristian Gonzalez,24/09/2025,08:27:51
Knowby Examples,85b6337b-f0e5-4a79-a7ea-d2f926b56d3a,How to Remove a Tattoo at HRTech Las Vegas,4d2c-583f-adfb71a0----947b-af0c00af8d6b,Adriana Sanders,11/07/2025,15:05:40
Knowby Examples,85b6337b-f0e5-4a79-a7ea-d2f926b56d3a,How to Remove a Tattoo at HRTech Las Vegas,4d2c-583f-adfb71a0----947b-af0c00af8d6b,Adriana Sanders,03/11/2025,08:39:21
Knowby Examples,85b6337b-f0e5-4a79-a7ea-d2f926b56d3a,How to Remove a Tattoo at HRTech Las Vegas,44ed-a978-e8d990e2----8b3d-aef900a6bb99,Robert Perez,23/09/2025,10:18:05
Knowby Examples,85b6337b-f0e5-4a79-a7ea-d2f926b56d3a,How to Remove a Tattoo at HRTech Las Vegas,44ed-a978-e8d990e2----8b3d-aef900a6bb99,Robert Perez,24/09/2025,13:19:36
Knowby Examples,85b6337b-f0e5-4a79-a7ea-d2f926b56d3a,How to Remove a Tattoo at HRTech Las Vegas,461a-a7ab-cd6791bf----a425-ad2b7c56ee35,Rebecca Walker,28/10/2025,12:29:14
Knowby Examples,85b6337b-f0e5-4a79-a7ea-d2f926b56d3a,How to Remove a Tattoo at HRTech Las Vegas,4ed4-864f-db17168a----9128-a3c9ddb6e3ea,Carol Jones,23/09/2024,08:55:14
Knowby Examples,85b6337b-f0e5-4a79-a7ea-d2f926b56d3a,How to Remove a Tattoo at HRTech Las Vegas,4ed4-864f-db17168a----9128-a3c9ddb6e3ea,Carol Jones,23/09/2025,13:54:04
Knowby Examples,85b6337b-f0e5-4a79-a7ea-d2f926b56d3a,How to Remove a Tattoo at HRTech Las Vegas,4ed4-864f-db17168a----9128-a3c9ddb6e3ea,Carol Jones,24/09/2025,16:52:50
Knowby Examples,cb22c66a-6ed7-493c-aa9d-85c34408bbbb,Perfecting Margaritas - a quick guide.,4dd1-509e-67e290d9----bb68-afdb00c8af51,Cristian Gonzalez,09/04/2025,16:04:12
Knowby Examples,cb22c66a-6ed7-493c-aa9d-85c34408bbbb,Perfecting Margaritas - a quick guide.,4dd1-509e-67e290d9----bb68-afdb00c8af51,Cristian Gonzalez,24/09/2025,14:29:33
Knowby Examples,cb22c66a-6ed7-493c-aa9d-85c34408bbbb,Perfecting Margaritas - a quick guide.,4dd1-509e-67e290d9----bb68-afdb00c8af51,Cristian Gonzalez,24/09/2025,11:07:29
Knowby Examples,cb22c66a-6ed7-493c-aa9d-85c34408bbbb,Perfecting Margaritas - a quick guide.,4dd1-509e-67e290d9----bb68-afdb00c8af51,Cristian Gonzalez,24/09/2024,08:09:19
Knowby Examples,cb22c66a-6ed7-493c-aa9d-85c34408bbbb,Perfecting Margaritas - a quick guide.,4dd1-509e-67e290d9----bb68-afdb00c8af51,Cristian Gonzalez,24/09/2025,16:58:23
Knowby Examples,cb22c66a-6ed7-493c-aa9d-85c34408bbbb,Perfecting Margaritas - a quick guide.,4dd1-509e-67e290d9----bb68-afdb00c8af51,Cristian Gonzalez,24/09/2025,08:24:19
Knowby Examples,cb22c66a-6ed7-493c-aa9d-85c34408bbbb,Perfecting Margaritas - a quick guide.,4d2c-583f-adfb71a0----947b-af0c00af8d6b,Adriana Sanders,10/02/2025,17:20:08
Knowby Examples,cb22c66a-6ed7-493c-aa9d-85c34408bbbb,Perfecting Margaritas - a quick guide.,411c-f567-2e4c7697----90d9-1cccc21596a3,Regina Evans,27/01/2025,16:43:09
Knowby Examples,cb22c66a-6ed7-493c-aa9d-85c34408bbbb,Perfecting Margaritas - a quick guide.,44ed-a978-e8d990e2----8b3d-aef900a6bb99,Robert Perez,07/05/2025,10:43:51
Knowby Examples,cb22c66a-6ed7-493c-aa9d-85c34408bbbb,Perfecting Margaritas - a quick guide.,44ed-a978-e8d990e2----8b3d-aef900a6bb99,Robert Perez,09/03/2025,09:45:45
Knowby Examples,cb22c66a-6ed7-493c-aa9d-85c34408bbbb,Perfecting Margaritas - a quick guide.,44ed-a978-e8d990e2----8b3d-aef900a6bb99,Robert Perez,24/09/2025,10:54:16
Knowby Examples,cb22c66a-6ed7-493c-aa9d-85c34408bbbb,Perfecting Margaritas - a quick guide.,44ed-a978-e8d990e2----8b3d-aef900a6bb99,Robert Perez,24/09/2025,12:29:21
Knowby Examples,cb22c66a-6ed7-493c-aa9d-85c34408bbbb,Perfecting Margaritas - a quick guide.,44ed-a978-e8d990e2----8b3d-aef900a6bb99,Robert Perez,10/02/2025,15:37:19
Knowby Examples,cb22c66a-6ed7-493c-aa9d-85c34408bbbb,Perfecting Margaritas - a quick guide.,44ed-a978-e8d990e2----8b3d-aef900a6bb99,Robert Perez,10/07/2025,14:40:55
Knowby Examples,cb22c66a-6ed7-493c-aa9d-85c34408bbbb,Perfecting Margaritas - a quick guide.,44ed-a978-e8d990e2----8b3d-aef900a6bb99,Robert Perez,10/07/2025,12:51:17
Knowby Examples,cb22c66a-6ed7-493c-aa9d-85c34408bbbb,Perfecting Margaritas - a quick guide.,44ed-a978-e8d990e2----8b3d-aef900a6bb99,Robert Perez,22/10/2025,15:26:59
Knowby Examples,cb22c66a-6ed7-493c-aa9d-85c34408bbbb,Perfecting Margaritas - a quick guide.,44ed-a978-e8d990e2----8b3d-aef900a6bb99,Robert Perez,24/10/2025,10:17:58
Knowby Examples,cb22c66a-6ed7-493c-aa9d-85c34408bbbb,Perfecting Margaritas - a quick guide.,44ed-a978-e8d990e2----8b3d-aef900a6bb99,Robert Perez,20/11/2025,12:10:01
Knowby Examples,cb22c66a-6ed7-493c-aa9d-85c34408bbbb,Perfecting Margaritas - a quick guide.,44ed-a978-e8d990e2----8b3d-aef900a6bb99,Robert Perez,05/02/2025,10:28:39
Knowby Examples,cb22c66a-6ed7-493c-aa9d-85c34408bbbb,Perfecting Margaritas - a quick guide.,4ed4-864f-db17168a----9128-a3c9ddb6e3ea,Carol Jones,08/08/2024,14:46:45
Knowby Examples,cb22c66a-6ed7-493c-aa9d-85c34408bbbb,Perfecting Margaritas - a quick guide.,4ed4-864f-db17168a----9128-a3c9ddb6e3ea,Carol Jones,23/10/2025,09:56:38
Knowby Examples,cb22c66a-6ed7-493c-aa9d-85c34408bbbb,Perfecting Margaritas - a quick guide.,4ed4-864f-db17168a----9128-a3c9ddb6e3ea,Carol Jones,19/12/2025,10:12:17
Knowby Examples,cb22c66a-6ed7-493c-aa9d-85c34408bbbb,Perfecting Margaritas - a quick guide.,40cf-6eb7-521cd9aa----b44e-b3bc2ae815ea,Robert Rodriguez,20/11/2024,17:47:34
Knowby Examples,cb22c66a-6ed7-493c-aa9d-85c34408bbbb,Perfecting Margaritas - a quick guide.,4e42-3ecf-a947652f----8d8f-1b0d973d1bbf,Robert Taylor,17/01/2024,09:26:27
Knowby Examples,cb22c66a-6ed7-493c-aa9d-85c34408bbbb,Perfecting Margaritas - a quick guide.,4e42-3ecf-a947652f----8d8f-1b0d973d1bbf,Robert Taylor,02/12/2025,13:22:10
Knowby Examples,85d8da55-74c4-44e2-b921-ae418c0f9a3d,Dhdhfh,4dd1-509e-67e290d9----bb68-afdb00c8af51,Cristian Gonzalez,25/09/2024,14:19:54
Knowby Examples,3fe647fa-391c-47a3-b0e0-35564c870b57,The only thing way to I can could be t,4dd1-509e-67e290d9----bb68-afdb00c8af51,Cristian Gonzalez,26/09/2025,11:30:59
Knowby Examples,3fe647fa-391c-47a3-b0e0-35564c870b57,The only thing way to I can could be t,4d2c-583f-adfb71a0----947b-af0c00af8d6b,Adriana Sanders,29/09/2025,13:58:49
Knowby Examples,3fe647fa-391c-47a3-b0e0-35564c870b57,The only thing way to I can could be t,4ed4-864f-db17168a----9128-a3c9ddb6e3ea,Carol Jones,30/09/2025,08:07:33
Knowby Examples,20fcefa2-8f22-4418-b6fd-eac39718fa69,Here’s a quick summary,4dd1-509e-67e290d9----bb68-afdb00c8af51,Cristian Gonzalez,25/09/2025,15:41:10
Knowby Examples,db1c4344-b520-4152-b040-285bc9b9a2a6,Joe,4dd1-509e-67e290d9----bb68-afdb00c8af51,Cristian Gonzalez,25/09/2024,10:34:32
Knowby Examples,db1c4344-b520-4152-b040-285bc9b9a2a6,Joe,4dd1-509e-67e290d9----bb68-afdb00c8af51,Cristian Gonzalez,25/09/2025,11:37:39
Knowby Examples,db1c4344-b520-4152-b040-285bc9b9a2a6,Joe,4f16-eda6-7db766e9----bc66-af8100c46bb3,Jared Foster,25/09/2025,12:44:24
Knowby Examples,db1c4344-b520-4152-b040-285bc9b9a2a6,Joe,4f16-eda6-7db766e9----bc66-af8100c46bb3,Jared Foster,25/09/2025,11:43:44
Knowby Examples,5cab8e8e-f6be-4ef2-9c22-6a2bea4d506e,Title,4dd1-509e-67e290d9----bb68-afdb00c8af51,Cristian Gonzalez,25/09/2025,17:34:26
Knowby Examples,5cab8e8e-f6be-4ef2-9c22-6a2bea4d506e,Title,4dd1-509e-67e290d9----bb68-afdb00c8af51,Cristian Gonzalez,25/09/2025,17:36:05
Knowby Examples,5cab8e8e-f6be-4ef2-9c22-6a2bea4d506e,Title,4f16-eda6-7db766e9----bc66-af8100c46bb3,Jared Foster,25/09/2025,15:45:53
Knowby Examples,5cab8e8e-f6be-4ef2-9c22-6a2bea4d506e,Title,4e42-3ecf-a947652f----8d8f-1b0d973d1bbf,Robert Taylor,17/01/2025,10:25:38
Knowby Examples,849a5a7a-f3ba-47b1-aef2-d529787f9387,Duplicate: TMT 1000/1270 Full Assembly,4dd1-509e-67e290d9----bb68-afdb00c8af51,Cristian Gonzalez,12/03/2025,16:20:00
Knowby Examples,849a5a7a-f3ba-47b1-aef2-d529787f9387,Duplicate: TMT 1000/1270 Full Assembly,44ed-a978-e8d990e2----8b3d-aef900a6bb99,Robert Perez,30/04/2025,10:08:56
Knowby Examples,8e19a8c6-8735-410a-91a6-94fed7eca367,Cleaning Procedure V2.0 for Leica Airborne Sensors,4dd1-509e-67e290d9----bb68-afdb00c8af51,Cristian Gonzalez,30/07/2025,17:43:04
Knowby Examples,8e19a8c6-8735-410a-91a6-94fed7eca367,Cleaning Procedure V2.0 for Leica Airborne Sensors,4dd1-509e-67e290d9----bb68-afdb00c8af51,Cristian Gonzalez,30/07/2025,09:56:58
Knowby Examples,8e19a8c6-8735-410a-91a6-94fed7eca367,Cleaning Procedure V2.0 for Leica Airborne Sensors,4dd1-509e-67e290d9----bb68-afdb00c8af51,Cristian Gonzalez,30/07/2025,13:33:52
Knowby Examples,8e19a8c6-8735-410a-91a6-94fed7eca367,Cleaning Procedure V2.0 for Leica Airborne Sensors,4dd1-509e-67e290d9----bb68-afdb00c8af51,Cristian Gonzalez,30/07/2025,13:54:27
Knowby Examples,8e19a8c6-8735-410a-91a6-94fed7eca367,Cleaning Procedure V2.0 for Leica Airborne Sensors,4dd1-509e-67e290d9----bb68-afdb00c8af51,Cristian Gonzalez,30/07/2025,17:27:22
Knowby Examples,8e19a8c6-8735-410a-91a6-94fed7eca367,Cleaning Procedure V2.0 for Leica Airborne Sensors,4dd1-509e-67e290d9----bb68-afdb00c8af51,Cristian Gonzalez,31/07/2024,17:07:07
Knowby Examples,8e19a8c6-8735-410a-91a6-94fed7eca367,Cleaning Procedure V2.0 for Leica Airborne Sensors,4dd1-509e-67e290d9----bb68-afdb00c8af51,Cristian Gonzalez,31/07/2025,17:52:55
Knowby Examples,8e19a8c6-8735-410a-91a6-94fed7eca367,Cleaning Procedure V2.0 for Leica Airborne Sensors,4dd1-509e-67e290d9----bb68-afdb00c8af51,Cristian Gonzalez,31/07/2025,11:24:41
Knowby Examples,8e19a8c6-8735-410a-91a6-94fed7eca367,Cleaning Procedure V2.0 for Leica Airborne Sensors,4dd1-509e-67e290d9----bb68-afdb00c8af51,Cristian Gonzalez,31/07/2025,16:10:43
Knowby Examples,8e19a8c6-8735-410a-91a6-94fed7eca367,Cleaning Procedure V2.0 for Leica Airborne Sensors,4dd1-509e-67e290d9----bb68-afdb00c8af51,Cristian Gonzalez,31/07/2025,08:49:59
Knowby Examples,8e19a8c6-8735-410a-91a6-94fed7eca367,Cleaning Procedure V2.0 for Leica Airborne Sensors,4dd1-509e-67e290d9----bb68-afdb00c8af51,Cristian Gonzalez,31/07/2024,13:06:18
Knowby Examples,8e19a8c6-8735-410a-91a6-94fed7eca367,Cleaning Procedure V2.0 for Leica Airborne Sensors,4dd1-509e-67e290d9----bb68-afdb00c8af51,Cristian Gonzalez,31/07/2025,11:21:39
Knowby Examples,8e19a8c6-8735-410a-91a6-94fed7eca367,Cleaning Procedure V2.0 for Leica Airborne Sensors,4dd1-509e-67e290d9----bb68-afdb00c8af51,Cristian Gonzalez,31/07/2025,14:37:31
Knowby Examples,8e19a8c6-8735-410a-91a6-94fed7eca367,Cleaning Procedure V2.0 for Leica Airborne Sensors,4dd1-509e-67e290d9----bb68-afdb00c8af51,Cristian Gonzalez,31/07/2024,16:06:36
Knowby Examples,8e19a8c6-8735-410a-91a6-94fed7eca367,Cleaning Procedure V2.0 for Leica Airborne Sensors,4dd1-509e-67e290d9----bb68-afdb00c8af51,Cristian Gonzalez,08/08/2025,08:33:42
Knowby Examples,8e19a8c6-8735-410a-91a6-94fed7eca367,Cleaning Procedure V2.0 for Leica Airborne Sensors,4dd1-509e-67e290d9----bb68-afdb00c8af51,Cristian Gonzalez,15/08/2025,12:39:41
Knowby Examples,8e19a8c6-8735-410a-91a6-94fed7eca367,Cleaning Procedure V2.0 for Leica Airborne Sensors,4dd1-509e-67e290d9----bb68-afdb00c8af51,Cristian Gonzalez,25/09/2025,12:24:51
Knowby Examples,8e19a8c6-8735-410a-91a6-94fed7eca367,Cleaning Procedure V2.0 for Leica Airborne Sensors,4dd1-509e-67e290d9----bb68-afdb00c8af51,Cristian Gonzalez,25/09/2025,11:31:35
Knowby Examples,8e19a8c6-8735-410a-91a6-94fed7eca367,Cleaning Procedure V2.0 for Leica Airborne Sensors,4dd1-509e-67e290d9----bb68-afdb00c8af51,Cristian Gonzalez,25/09/2025,14:46:58
Knowby Examples,8e19a8c6-8735-410a-91a6-94fed7eca367,Cleaning Procedure V2.0 for Leica Airborne Sensors,4dd1-509e-67e290d9----bb68-afdb00c8af51,Cristian Gonzalez,25/09/2025,10:28:49
Knowby Examples,8e19a8c6-8735-410a-91a6-94fed7eca367,Cleaning Procedure V2.0 for Leica Airborne Sensors,4dd1-509e-67e290d9----bb68-afdb00c8af51,Cristian Gonzalez,26/09/2025,12:41:40
Knowby Examples,8e19a8c6-8735-410a-91a6-94fed7eca367,Cleaning Procedure V2.0 for Leica Airborne Sensors,4dd1-509e-67e290d9----bb68-afdb00c8af51,Cristian Gonzalez,10/08/2025,10:19:47
Knowby Examples,8e19a8c6-8735-410a-91a6-94fed7eca367,Cleaning Procedure V2.0 for Leica Airborne Sensors,4dd1-509e-67e290d9----bb68-afdb00c8af51,Cristian Gonzalez,24/10/2025,12:51:05
Knowby Examples,8e19a8c6-8735-410a-91a6-94fed7eca367,Cleaning Procedure V2.0 for Leica Airborne Sensors,4dd1-509e-67e290d9----bb68-afdb00c8af51,Cristian Gonzalez,24/10/2024,14:09:51
Knowby Examples,8e19a8c6-8735-410a-91a6-94fed7eca367,Cleaning Procedure V2.0 for Leica Airborne Sensors,4dd1-509e-67e290d9----bb68-afdb00c8af51,Cristian Gonzalez,24/10/2025,11:20:28
Knowby Examples,8e19a8c6-8735-410a-91a6-94fed7eca367,Cleaning Procedure V2.0 for Leica Airborne Sensors,4dd1-509e-67e290d9----bb68-afdb00c8af51,Cristian Gonzalez,24/10/2025,10:42:53
Knowby Examples,8e19a8c6-8735-410a-91a6-94fed7eca367,Cleaning Procedure V2.0 for Leica Airborne Sensors,4dd1-509e-67e290d9----bb68-afdb00c8af51,Cristian Gonzalez,24/10/2025,09:29:29
Knowby Examples,8e19a8c6-8735-410a-91a6-94fed7eca367,Cleaning Procedure V2.0 for Leica Airborne Sensors,4dd1-509e-67e290d9----bb68-afdb00c8af51,Cristian Gonzalez,11/05/2025,10:33:34
Knowby Examples,8e19a8c6-8735-410a-91a6-94fed7eca367,Cleaning Procedure V2.0 for Leica Airborne Sensors,4dd1-509e-67e290d9----bb68-afdb00c8af51,Cristian Gonzalez,17/01/2024,11:37:39
Knowby Examples,8e19a8c6-8735-410a-91a6-94fed7eca367,Cleaning Procedure V2.0 for Leica Airborne Sensors,4d2c-583f-adfb71a0----947b-af0c00af8d6b,Adriana Sanders,31/07/2025,08:45:42
Knowby Examples,8e19a8c6-8735-410a-91a6-94fed7eca367,Cleaning Procedure V2.0 for Leica Airborne Sensors,4d2c-583f-adfb71a0----947b-af0c00af8d6b,Adriana Sanders,31/07/2025,09:40:23
Knowby Examples,8e19a8c6-8735-410a-91a6-94fed7eca367,Cleaning Procedure V2.0 for Leica Airborne Sensors,4d2c-583f-adfb71a0----947b-af0c00af8d6b,Adriana Sanders,14/08/2024,11:09:22
Knowby Examples,8e19a8c6-8735-410a-91a6-94fed7eca367,Cleaning Procedure V2.0 for Leica Airborne Sensors,4d2c-583f-adfb71a0----947b-af0c00af8d6b,Adriana Sanders,15/08/2025,16:12:19
Knowby Examples,8e19a8c6-8735-410a-91a6-94fed7eca367,Cleaning Procedure V2.0 for Leica Airborne Sensors,4d2c-583f-adfb71a0----947b-af0c00af8d6b,Adriana Sanders,25/11/2025,11:53:07
Knowby Examples,8e19a8c6-8735-410a-91a6-94fed7eca367,Cleaning Procedure V2.0 for Leica Airborne Sensors,411c-f567-2e4c7697----90d9-1cccc21596a3,Regina Evans,11/07/2025,17:41:31
Knowby Examples,8e19a8c6-8735-410a-91a6-94fed7eca367,Cleaning Procedure V2.0 for Leica Airborne Sensors,44ed-a978-e8d990e2----8b3d-aef900a6bb99,Robert Perez,18/11/2025,08:35:17
Knowby Examples,8e19a8c6-8735-410a-91a6-94fed7eca367,Cleaning Procedure V2.0 for Leica Airborne Sensors,4ed4-864f-db17168a----9128-a3c9ddb6e3ea,Carol Jones,30/07/2025,11:39:16
Knowby Examples,8e19a8c6-8735-410a-91a6-94fed7eca367,Cleaning Procedure V2.0 for Leica Airborne Sensors,4ed4-864f-db17168a----9128-a3c9ddb6e3ea,Carol Jones,30/07/2025,08:39:07
Knowby Examples,8e19a8c6-8735-410a-91a6-94fed7eca367,Cleaning Procedure V2.0 for Leica Airborne Sensors,4ed4-864f-db17168a----9128-a3c9ddb6e3ea,Carol Jones,23/10/2025,13:17:26
Knowby Examples,8e19a8c6-8735-410a-91a6-94fed7eca367,Cleaning Procedure V2.0 for Leica Airborne Sensors,4e42-3ecf-a947652f----8d8f-1b0d973d1bbf,Robert Taylor,17/01/2025,10:55:03
Knowby Examples,8e19a8c6-8735-410a-91a6-94fed7eca367,Cleaning Procedure V2.0 for Leica Airborne Sensors,4dd1-509e-67e290d9----bb68-afdb00c8af51,Cristian Gonzalez,03/03/2025,09:13:23
Knowby Examples,8e19a8c6-8735-410a-91a6-94fed7eca367,Cleaning Procedure V2.0 for Leica Airborne Sensors,4dd1-509e-67e290d9----bb68-afdb00c8af51,Cristian Gonzalez,03/12/2025,09:57:20
Knowby Examples,8e19a8c6-8735-410a-91a6-94fed7eca367,Cleaning Procedure V2.0 for Leica Airborne Sensors,4dd1-509e-67e290d9----bb68-afdb00c8af51,Cristian Gonzalez,16/04/2025,12:41:08
Knowby Examples,8e19a8c6-8735-410a-91a6-94fed7eca367,Cleaning Procedure V2.0 for Leica Airborne Sensors,4ed4-864f-db17168a----9128-a3c9ddb6e3ea,Carol Jones,03/11/2025,16:00:29
Knowby Examples,7f75d3c7-b4de-452a-9689-8f0ea5ead92a,How to set a Dinner Table,400d-dbe2-f01d079d----af6e-af3d005280aa,Rhonda Evans,05/07/2025,12:16:37
Knowby Examples,7f75d3c7-b4de-452a-9689-8f0ea5ead92a,How to set a Dinner Table,4dd1-509e-67e290d9----bb68-afdb00c8af51,Cristian Gonzalez,24/08/2024,14:08:03
Knowby Examples,7f75d3c7-b4de-452a-9689-8f0ea5ead92a,How to set a Dinner Table,4dd1-509e-67e290d9----bb68-afdb00c8af51,Cristian Gonzalez,25/08/2025,16:55:02
Knowby Examples,7f75d3c7-b4de-452a-9689-8f0ea5ead92a,How to set a Dinner Table,4dd1-509e-67e290d9----bb68-afdb00c8af51,Cristian Gonzalez,25/08/2025,17:38:55
Knowby Examples,7f75d3c7-b4de-452a-9689-8f0ea5ead92a,How to set a Dinner Table,4dd1-509e-67e290d9----bb68-afdb00c8af51,Cristian Gonzalez,23/10/2025,15:03:25
Knowby Examples,7f75d3c7-b4de-452a-9689-8f0ea5ead92a,How to set a Dinner Table,4dd1-509e-67e290d9----bb68-afdb00c8af51,Cristian Gonzalez,23/10/2025,12:21:17
Knowby Examples,7f75d3c7-b4de-452a-9689-8f0ea5ead92a,How to set a Dinner Table,4dd1-509e-67e290d9----bb68-afdb00c8af51,Cristian Gonzalez,23/10/2025,11:09:07
Knowby Examples,7f75d3c7-b4de-452a-9689-8f0ea5ead92a,How to set a Dinner Table,4dd1-509e-67e290d9----bb68-afdb00c8af51,Cristian Gonzalez,23/10/2025,16:34:17
Knowby Examples,7f75d3c7-b4de-452a-9689-8f0ea5ead92a,How to set a Dinner Table,4dd1-509e-67e290d9----bb68-afdb00c8af51,Cristian Gonzalez,25/10/2025,08:38:54
Knowby Examples,7f75d3c7-b4de-452a-9689-8f0ea5ead92a,How to set a Dinner Table,4dd1-509e-67e290d9----bb68-afdb00c8af51,Cristian Gonzalez,25/10/2025,15:09:56
Knowby Examples,7f75d3c7-b4de-452a-9689-8f0ea5ead92a,How to set a Dinner Table,4ea3-2234-ee1de7e0----99b4-aefa00ae2eab,William Wilkinson,23/10/2025,16:40:38
Knowby Examples,7f75d3c7-b4de-452a-9689-8f0ea5ead92a,How to set a Dinner Table,44ed-a978-e8d990e2----8b3d-aef900a6bb99,Robert Perez,24/08/2025,16:27:03
Knowby Examples,7f75d3c7-b4de-452a-9689-8f0ea5ead92a,How to set a Dinner Table,44ed-a978-e8d990e2----8b3d-aef900a6bb99,Robert Perez,11/12/2025,09:28:27
Knowby Examples,7f75d3c7-b4de-452a-9689-8f0ea5ead92a,How to set a Dinner Table,43bc-e7ae-89d089c6----851d-5f6cf54a10ec,Christopher Cunningham,23/10/2025,16:25:01
Knowby Examples,7f75d3c7-b4de-452a-9689-8f0ea5ead92a,How to set a Dinner Table,4ed4-864f-db17168a----9128-a3c9ddb6e3ea,Carol Jones,22/08/2025,12:36:15
Knowby Examples,7f75d3c7-b4de-452a-9689-8f0ea5ead92a,How to set a Dinner Table,4ed4-864f-db17168a----9128-a3c9ddb6e3ea,Carol Jones,22/08/2025,16:17:29
Knowby Examples,7f75d3c7-b4de-452a-9689-8f0ea5ead92a,How to set a Dinner Table,4ed4-864f-db17168a----9128-a3c9ddb6e3ea,Carol Jones,22/08/2025,08:04:45
Knowby Examples,7f75d3c7-b4de-452a-9689-8f0ea5ead92a,How to set a Dinner Table,4ed4-864f-db17168a----9128-a3c9ddb6e3ea,Carol Jones,22/08/2025,16:47:23
Knowby Examples,7f75d3c7-b4de-452a-9689-8f0ea5ead92a,How to set a Dinner Table,4ed4-864f-db17168a----9128-a3c9ddb6e3ea,Carol Jones,22/08/2025,13:40:10
Knowby Examples,7f75d3c7-b4de-452a-9689-8f0ea5ead92a,How to set a Dinner Table,4ed4-864f-db17168a----9128-a3c9ddb6e3ea,Carol Jones,23/08/2025,16:57:36
Knowby Examples,7f75d3c7-b4de-452a-9689-8f0ea5ead92a,How to set a Dinner Table,4ed4-864f-db17168a----9128-a3c9ddb6e3ea,Carol Jones,23/08/2024,16:54:19
Knowby Examples,7f75d3c7-b4de-452a-9689-8f0ea5ead92a,How to set a Dinner Table,4ed4-864f-db17168a----9128-a3c9ddb6e3ea,Carol Jones,23/08/2025,13:03:36
Knowby Examples,7f75d3c7-b4de-452a-9689-8f0ea5ead92a,How to set a Dinner Table,4ed4-864f-db17168a----9128-a3c9ddb6e3ea,Carol Jones,23/08/2025,15:26:20
Knowby Examples,7f75d3c7-b4de-452a-9689-8f0ea5ead92a,How to set a Dinner Table,4ed4-864f-db17168a----9128-a3c9ddb6e3ea,Carol Jones,23/08/2025,16:50:12
Knowby Examples,7f75d3c7-b4de-452a-9689-8f0ea5ead92a,How to set a Dinner Table,4ed4-864f-db17168a----9128-a3c9ddb6e3ea,Carol Jones,23/08/2025,16:41:59
Knowby Examples,7f75d3c7-b4de-452a-9689-8f0ea5ead92a,How to set a Dinner Table,4ed4-864f-db17168a----9128-a3c9ddb6e3ea,Carol Jones,23/08/2025,08:00:44
Knowby Examples,7f75d3c7-b4de-452a-9689-8f0ea5ead92a,How to set a Dinner Table,4ed4-864f-db17168a----9128-a3c9ddb6e3ea,Carol Jones,23/08/2024,13:30:49
Knowby Examples,7f75d3c7-b4de-452a-9689-8f0ea5ead92a,How to set a Dinner Table,4ed4-864f-db17168a----9128-a3c9ddb6e3ea,Carol Jones,23/08/2025,11:22:44
Knowby Examples,7f75d3c7-b4de-452a-9689-8f0ea5ead92a,How to set a Dinner Table,4ed4-864f-db17168a----9128-a3c9ddb6e3ea,Carol Jones,23/08/2025,10:07:25
Knowby Examples,7f75d3c7-b4de-452a-9689-8f0ea5ead92a,How to set a Dinner Table,4ed4-864f-db17168a----9128-a3c9ddb6e3ea,Carol Jones,24/08/2025,09:22:29
Knowby Examples,7f75d3c7-b4de-452a-9689-8f0ea5ead92a,How to set a Dinner Table,4ed4-864f-db17168a----9128-a3c9ddb6e3ea,Carol Jones,25/08/2025,15:21:10
Knowby Examples,7f75d3c7-b4de-452a-9689-8f0ea5ead92a,How to set a Dinner Table,4ed4-864f-db17168a----9128-a3c9ddb6e3ea,Carol Jones,25/08/2025,09:51:19
Knowby Examples,7f75d3c7-b4de-452a-9689-8f0ea5ead92a,How to set a Dinner Table,4ed4-864f-db17168a----9128-a3c9ddb6e3ea,Carol Jones,25/08/2025,16:49:56
Knowby Examples,7f75d3c7-b4de-452a-9689-8f0ea5ead92a,How to set a Dinner Table,4ed4-864f-db17168a----9128-a3c9ddb6e3ea,Carol Jones,13/09/2025,12:10:47
Knowby Examples,7f75d3c7-b4de-452a-9689-8f0ea5ead92a,How to set a Dinner Table,4ed4-864f-db17168a----9128-a3c9ddb6e3ea,Carol Jones,13/09/2024,10:17:53
Knowby Examples,7f75d3c7-b4de-452a-9689-8f0ea5ead92a,How to set a Dinner Table,4ed4-864f-db17168a----9128-a3c9ddb6e3ea,Carol Jones,25/10/2025,11:49:38
Knowby Examples,7f75d3c7-b4de-452a-9689-8f0ea5ead92a,How to set a Dinner Table,4ed4-864f-db17168a----9128-a3c9ddb6e3ea,Carol Jones,11/12/2025,10:16:48
Knowby Examples,2bbd3282-0b45-4bd4-8c3f-ea19e33a7df8,How to Clean Carpets,400d-dbe2-f01d079d----af6e-af3d005280aa,Rhonda Evans,21/09/2025,14:23:54
Knowby Examples,2bbd3282-0b45-4bd4-8c3f-ea19e33a7df8,How to Clean Carpets,4dd1-509e-67e290d9----bb68-afdb00c8af51,Cristian Gonzalez,24/08/2025,12:32:02
Knowby Examples,2bbd3282-0b45-4bd4-8c3f-ea19e33a7df8,How to Clean Carpets,4dd1-509e-67e290d9----bb68-afdb00c8af51,Cristian Gonzalez,25/08/2025,14:02:15
Knowby Examples,2bbd3282-0b45-4bd4-8c3f-ea19e33a7df8,How to Clean Carpets,4dd1-509e-67e290d9----bb68-afdb00c8af51,Cristian Gonzalez,28/08/2025,15:40:15
Knowby Examples,2bbd3282-0b45-4bd4-8c3f-ea19e33a7df8,How to Clean Carpets,4dd1-509e-67e290d9----bb68-afdb00c8af51,Cristian Gonzalez,09/05/2024,13:50:53
Knowby Examples,2bbd3282-0b45-4bd4-8c3f-ea19e33a7df8,How to Clean Carpets,4dd1-509e-67e290d9----bb68-afdb00c8af51,Cristian Gonzalez,25/10/2025,12:41:23
Knowby Examples,2bbd3282-0b45-4bd4-8c3f-ea19e33a7df8,How to Clean Carpets,4dd1-509e-67e290d9----bb68-afdb00c8af51,Cristian Gonzalez,25/10/2025,15:41:50
Knowby Examples,2bbd3282-0b45-4bd4-8c3f-ea19e33a7df8,How to Clean Carpets,4dd1-509e-67e290d9----bb68-afdb00c8af51,Cristian Gonzalez,25/10/2025,15:18:20
Knowby Examples,2bbd3282-0b45-4bd4-8c3f-ea19e33a7df8,How to Clean Carpets,4dd1-509e-67e290d9----bb68-afdb00c8af51,Cristian Gonzalez,25/10/2025,13:59:08
Knowby Examples,2bbd3282-0b45-4bd4-8c3f-ea19e33a7df8,How to Clean Carpets,4dd1-509e-67e290d9----bb68-afdb00c8af51,Cristian Gonzalez,25/10/2025,12:53:13
Knowby Examples,2bbd3282-0b45-4bd4-8c3f-ea19e33a7df8,How to Clean Carpets,4dd1-509e-67e290d9----bb68-afdb00c8af51,Cristian Gonzalez,25/10/2024,09:58:57
Knowby Examples,2bbd3282-0b45-4bd4-8c3f-ea19e33a7df8,How to Clean Carpets,4ea3-2234-ee1de7e0----99b4-aefa00ae2eab,William Wilkinson,09/03/2025,11:20:13
Knowby Examples,2bbd3282-0b45-4bd4-8c3f-ea19e33a7df8,How to Clean Carpets,4ea3-2234-ee1de7e0----99b4-aefa00ae2eab,William Wilkinson,09/03/2025,09:31:53
Knowby Examples,2bbd3282-0b45-4bd4-8c3f-ea19e33a7df8,How to Clean Carpets,4405-d6f6-e37511ad----906f-aefa00b1a961,Jeffrey Brown,09/07/2025,10:48:42
Knowby Examples,2bbd3282-0b45-4bd4-8c3f-ea19e33a7df8,How to Clean Carpets,4405-d6f6-e37511ad----906f-aefa00b1a961,Jeffrey Brown,19/09/2025,16:03:22
Knowby Examples,2bbd3282-0b45-4bd4-8c3f-ea19e33a7df8,How to Clean Carpets,4405-d6f6-e37511ad----906f-aefa00b1a961,Jeffrey Brown,20/09/2025,10:18:15
Knowby Examples,2bbd3282-0b45-4bd4-8c3f-ea19e33a7df8,How to Clean Carpets,4327-393b-53cbdfde----b9a4-aef900aa92ef,Kenneth Landry,09/01/2025,14:00:57
Knowby Examples,2bbd3282-0b45-4bd4-8c3f-ea19e33a7df8,How to Clean Carpets,44ed-a978-e8d990e2----8b3d-aef900a6bb99,Robert Perez,26/08/2025,17:28:58
Knowby Examples,2bbd3282-0b45-4bd4-8c3f-ea19e33a7df8,How to Clean Carpets,44ed-a978-e8d990e2----8b3d-aef900a6bb99,Robert Perez,29/08/2025,15:11:24
Knowby Examples,2bbd3282-0b45-4bd4-8c3f-ea19e33a7df8,How to Clean Carpets,44ed-a978-e8d990e2----8b3d-aef900a6bb99,Robert Perez,31/08/2025,17:10:04
Knowby Examples,2bbd3282-0b45-4bd4-8c3f-ea19e33a7df8,How to Clean Carpets,44ed-a978-e8d990e2----8b3d-aef900a6bb99,Robert Perez,09/01/2025,17:24:52
Knowby Examples,2bbd3282-0b45-4bd4-8c3f-ea19e33a7df8,How to Clean Carpets,44ed-a978-e8d990e2----8b3d-aef900a6bb99,Robert Perez,09/01/2025,08:21:30
Knowby Examples,2bbd3282-0b45-4bd4-8c3f-ea19e33a7df8,How to Clean Carpets,44ed-a978-e8d990e2----8b3d-aef900a6bb99,Robert Perez,09/03/2024,14:59:07
Knowby Examples,2bbd3282-0b45-4bd4-8c3f-ea19e33a7df8,How to Clean Carpets,44ed-a978-e8d990e2----8b3d-aef900a6bb99,Robert Perez,09/03/2025,14:43:54
Knowby Examples,2bbd3282-0b45-4bd4-8c3f-ea19e33a7df8,How to Clean Carpets,44ed-a978-e8d990e2----8b3d-aef900a6bb99,Robert Perez,28/10/2025,16:44:55
Knowby Examples,2bbd3282-0b45-4bd4-8c3f-ea19e33a7df8,How to Clean Carpets,43bc-e7ae-89d089c6----851d-5f6cf54a10ec,Christopher Cunningham,11/01/2024,17:17:05
Knowby Examples,2bbd3282-0b45-4bd4-8c3f-ea19e33a7df8,How to Clean Carpets,43bc-e7ae-89d089c6----851d-5f6cf54a10ec,Christopher Cunningham,11/01/2025,17:38:40
Knowby Examples,2bbd3282-0b45-4bd4-8c3f-ea19e33a7df8,How to Clean Carpets,4ed4-864f-db17168a----9128-a3c9ddb6e3ea,Carol Jones,23/08/2025,15:44:33
Knowby Examples,2bbd3282-0b45-4bd4-8c3f-ea19e33a7df8,How to Clean Carpets,4ed4-864f-db17168a----9128-a3c9ddb6e3ea,Carol Jones,23/08/2025,14:09:58
Knowby Examples,2bbd3282-0b45-4bd4-8c3f-ea19e33a7df8,How to Clean Carpets,4ed4-864f-db17168a----9128-a3c9ddb6e3ea,Carol Jones,24/08/2025,10:08:20
Knowby Examples,2bbd3282-0b45-4bd4-8c3f-ea19e33a7df8,How to Clean Carpets,4ed4-864f-db17168a----9128-a3c9ddb6e3ea,Carol Jones,25/08/2025,15:49:44
Knowby Examples,2bbd3282-0b45-4bd4-8c3f-ea19e33a7df8,How to Clean Carpets,4ed4-864f-db17168a----9128-a3c9ddb6e3ea,Carol Jones,25/08/2025,13:12:31
Knowby Examples,2bbd3282-0b45-4bd4-8c3f-ea19e33a7df8,How to Clean Carpets,4ed4-864f-db17168a----9128-a3c9ddb6e3ea,Carol Jones,25/08/2025,12:24:26
Knowby Examples,2bbd3282-0b45-4bd4-8c3f-ea19e33a7df8,How to Clean Carpets,4ed4-864f-db17168a----9128-a3c9ddb6e3ea,Carol Jones,25/08/2025,08:47:21
Knowby Examples,2bbd3282-0b45-4bd4-8c3f-ea19e33a7df8,How to Clean Carpets,4ed4-864f-db17168a----9128-a3c9ddb6e3ea,Carol Jones,25/08/2025,17:10:52
Knowby Examples,2bbd3282-0b45-4bd4-8c3f-ea19e33a7df8,How to Clean Carpets,4ed4-864f-db17168a----9128-a3c9ddb6e3ea,Carol Jones,25/08/2025,10:03:50
Knowby Examples,2bbd3282-0b45-4bd4-8c3f-ea19e33a7df8,How to Clean Carpets,4ed4-864f-db17168a----9128-a3c9ddb6e3ea,Carol Jones,25/08/2025,12:55:49
Knowby Examples,2bbd3282-0b45-4bd4-8c3f-ea19e33a7df8,How to Clean Carpets,4ed4-864f-db17168a----9128-a3c9ddb6e3ea,Carol Jones,25/08/2025,16:57:58
Knowby Examples,2bbd3282-0b45-4bd4-8c3f-ea19e33a7df8,How to Clean Carpets,4ed4-864f-db17168a----9128-a3c9ddb6e3ea,Carol Jones,25/08/2025,12:56:42
Knowby Examples,2bbd3282-0b45-4bd4-8c3f-ea19e33a7df8,How to Clean Carpets,4ed4-864f-db17168a----9128-a3c9ddb6e3ea,Carol Jones,28/08/2025,17:30:43
Knowby Examples,2bbd3282-0b45-4bd4-8c3f-ea19e33a7df8,How to Clean Carpets,4ed4-864f-db17168a----9128-a3c9ddb6e3ea,Carol Jones,25/10/2025,13:34:04
Knowby Examples,2bbd3282-0b45-4bd4-8c3f-ea19e33a7df8,How to Clean Carpets,4ed4-864f-db17168a----9128-a3c9ddb6e3ea,Carol Jones,27/10/2025,12:21:50
Knowby Examples,2bbd3282-0b45-4bd4-8c3f-ea19e33a7df8,How to Clean Carpets,4ed4-864f-db17168a----9128-a3c9ddb6e3ea,Carol Jones,27/10/2025,08:24:49
Knowby Examples,2bbd3282-0b45-4bd4-8c3f-ea19e33a7df8,How to Clean Carpets,4ed4-864f-db17168a----9128-a3c9ddb6e3ea,Carol Jones,31/10/2025,16:17:56
Knowby Examples,2bbd3282-0b45-4bd4-8c3f-ea19e33a7df8,How to Clean Carpets,4ed4-864f-db17168a----9128-a3c9ddb6e3ea,Carol Jones,20/11/2025,13:07:56
Knowby Examples,2bbd3282-0b45-4bd4-8c3f-ea19e33a7df8,How to Clean Carpets,4ed4-864f-db17168a----9128-a3c9ddb6e3ea,Carol Jones,19/12/2024,10:58:07
Knowby Examples,2bbd3282-0b45-4bd4-8c3f-ea19e33a7df8,How to Clean Carpets,4e42-3ecf-a947652f----8d8f-1b0d973d1bbf,Robert Taylor,17/01/2024,11:50:11
Knowby Examples,2bbd3282-0b45-4bd4-8c3f-ea19e33a7df8,How to Clean Carpets,4e42-3ecf-a947652f----8d8f-1b0d973d1bbf,Robert Taylor,13/02/2025,14:18:21
Knowby Examples,beaa8fb6-6c43-4067-adee-8db8212b613c,Tom’s knowby,400d-dbe2-f01d079d----af6e-af3d005280aa,Rhonda Evans,11/05/2025,08:20:31
Knowby Examples,beaa8fb6-6c43-4067-adee-8db8212b613c,Tom’s knowby,4dd1-509e-67e290d9----bb68-afdb00c8af51,Cristian Gonzalez,11/05/2025,10:50:59
Knowby Examples,beaa8fb6-6c43-4067-adee-8db8212b613c,Tom’s knowby,4dd1-509e-67e290d9----bb68-afdb00c8af51,Cristian Gonzalez,11/05/2025,09:33:35
Knowby Examples,beaa8fb6-6c43-4067-adee-8db8212b613c,Tom’s knowby,4dd1-509e-67e290d9----bb68-afdb00c8af51,Cristian Gonzalez,11/05/2025,10:47:45
Knowby Examples,beaa8fb6-6c43-4067-adee-8db8212b613c,Tom’s knowby,4dd1-509e-67e290d9----bb68-afdb00c8af51,Cristian Gonzalez,11/05/2024,08:32:49
Knowby Examples,beaa8fb6-6c43-4067-adee-8db8212b613c,Tom’s knowby,4dd1-509e-67e290d9----bb68-afdb00c8af51,Cristian Gonzalez,11/05/2025,17:48:36
Knowby Examples,beaa8fb6-6c43-4067-adee-8db8212b613c,Tom’s knowby,4dd1-509e-67e290d9----bb68-afdb00c8af51,Cristian Gonzalez,11/05/2025,15:23:59
Knowby Examples,beaa8fb6-6c43-4067-adee-8db8212b613c,Tom’s knowby,4ed4-864f-db17168a----9128-a3c9ddb6e3ea,Carol Jones,11/05/2025,12:39:38
Knowby Examples,beaa8fb6-6c43-4067-adee-8db8212b613c,Tom’s knowby,4ed4-864f-db17168a----9128-a3c9ddb6e3ea,Carol Jones,11/05/2025,12:17:23
Knowby Examples,beaa8fb6-6c43-4067-adee-8db8212b613c,Tom’s knowby,4e42-3ecf-a947652f----8d8f-1b0d973d1bbf,Robert Taylor,17/01/2025,16:20:34
Knowby Examples,30984909-9f3d-4240-8c0f-6215941c471f,Roasted Aubergine (Eggplant) with Curried Yoghurt,4dd1-509e-67e290d9----bb68-afdb00c8af51,Cristian Gonzalez,27/11/2025,11:22:58
Knowby Examples,30984909-9f3d-4240-8c0f-6215941c471f,Roasted Aubergine (Eggplant) with Curried Yoghurt,4d2c-583f-adfb71a0----947b-af0c00af8d6b,Adriana Sanders,12/07/2025,17:09:16
Knowby Examples,30984909-9f3d-4240-8c0f-6215941c471f,Roasted Aubergine (Eggplant) with Curried Yoghurt,44ed-a978-e8d990e2----8b3d-aef900a6bb99,Robert Perez,05/02/2025,09:52:09
Knowby Examples,30984909-9f3d-4240-8c0f-6215941c471f,Roasted Aubergine (Eggplant) with Curried Yoghurt,4e42-3ecf-a947652f----8d8f-1b0d973d1bbf,Robert Taylor,02/12/2024,14:47:18
Knowby Examples,b52c52fd-5def-43fa-a5cb-316275bc0afb,Derek’s Cauliflower,400d-dbe2-f01d079d----af6e-af3d005280aa,Rhonda Evans,11/09/2024,15:31:00
Knowby Examples,b52c52fd-5def-43fa-a5cb-316275bc0afb,Derek’s Cauliflower,4dd1-509e-67e290d9----bb68-afdb00c8af51,Cristian Gonzalez,21/12/2025,11:03:13
Knowby Examples,b52c52fd-5def-43fa-a5cb-316275bc0afb,Derek’s Cauliflower,44ed-a978-e8d990e2----8b3d-aef900a6bb99,Robert Perez,11/08/2024,14:42:45
Knowby Examples,3ae1ffb3-200c-42e5-8609-9f139a9d8a77,Change A Beer Keg,4dd1-509e-67e290d9----bb68-afdb00c8af51,Cristian Gonzalez,25/10/2025,12:00:25
Knowby Examples,3ae1ffb3-200c-42e5-8609-9f139a9d8a77,Change A Beer Keg,4dd1-509e-67e290d9----bb68-afdb00c8af51,Cristian Gonzalez,30/10/2025,15:40:42
Knowby Examples,3ae1ffb3-200c-42e5-8609-9f139a9d8a77,Change A Beer Keg,4dd1-509e-67e290d9----bb68-afdb00c8af51,Cristian Gonzalez,19/11/2025,15:35:56
Knowby Examples,3ae1ffb3-200c-42e5-8609-9f139a9d8a77,Change A Beer Keg,4dd1-509e-67e290d9----bb68-afdb00c8af51,Cristian Gonzalez,21/11/2025,12:21:47
Knowby Examples,3ae1ffb3-200c-42e5-8609-9f139a9d8a77,Change A Beer Keg,4dd1-509e-67e290d9----bb68-afdb00c8af51,Cristian Gonzalez,21/11/2025,15:57:28
Knowby Examples,3ae1ffb3-200c-42e5-8609-9f139a9d8a77,Change A Beer Keg,4dd1-509e-67e290d9----bb68-afdb00c8af51,Cristian Gonzalez,21/11/2024,11:11:23
Knowby Examples,3ae1ffb3-200c-42e5-8609-9f139a9d8a77,Change A Beer Keg,4dd1-509e-67e290d9----bb68-afdb00c8af51,Cristian Gonzalez,21/11/2025,09:39:52
Knowby Examples,3ae1ffb3-200c-42e5-8609-9f139a9d8a77,Change A Beer Keg,4dd1-509e-67e290d9----bb68-afdb00c8af51,Cristian Gonzalez,21/11/2025,11:14:48
Knowby Examples,3ae1ffb3-200c-42e5-8609-9f139a9d8a77,Change A Beer Keg,4dd1-509e-67e290d9----bb68-afdb00c8af51,Cristian Gonzalez,21/11/2025,17:51:11
Knowby Examples,3ae1ffb3-200c-42e5-8609-9f139a9d8a77,Change A Beer Keg,4dd1-509e-67e290d9----bb68-afdb00c8af51,Cristian Gonzalez,21/11/2025,10:53:11
Knowby Examples,3ae1ffb3-200c-42e5-8609-9f139a9d8a77,Change A Beer Keg,4dd1-509e-67e290d9----bb68-afdb00c8af51,Cristian Gonzalez,21/11/2024,11:01:56
Knowby Examples,3ae1ffb3-200c-42e5-8609-9f139a9d8a77,Change A Beer Keg,4dd1-509e-67e290d9----bb68-afdb00c8af51,Cristian Gonzalez,21/11/2025,14:24:47
Knowby Examples,3ae1ffb3-200c-42e5-8609-9f139a9d8a77,Change A Beer Keg,4dd1-509e-67e290d9----bb68-afdb00c8af51,Cristian Gonzalez,21/11/2025,17:16:40
Knowby Examples,3ae1ffb3-200c-42e5-8609-9f139a9d8a77,Change A Beer Keg,4dd1-509e-67e290d9----bb68-afdb00c8af51,Cristian Gonzalez,21/11/2025,09:02:30
Knowby Examples,3ae1ffb3-200c-42e5-8609-9f139a9d8a77,Change A Beer Keg,4dd1-509e-67e290d9----bb68-afdb00c8af51,Cristian Gonzalez,21/11/2025,10:49:27
Knowby Examples,3ae1ffb3-200c-42e5-8609-9f139a9d8a77,Change A Beer Keg,4dd1-509e-67e290d9----bb68-afdb00c8af51,Cristian Gonzalez,21/11/2025,09:59:01
Knowby Examples,3ae1ffb3-200c-42e5-8609-9f139a9d8a77,Change A Beer Keg,4dd1-509e-67e290d9----bb68-afdb00c8af51,Cristian Gonzalez,21/11/2025,15:09:46
Knowby Examples,3ae1ffb3-200c-42e5-8609-9f139a9d8a77,Change A Beer Keg,4dd1-509e-67e290d9----bb68-afdb00c8af51,Cristian Gonzalez,21/11/2025,13:03:21
Knowby Examples,3ae1ffb3-200c-42e5-8609-9f139a9d8a77,Change A Beer Keg,4dd1-509e-67e290d9----bb68-afdb00c8af51,Cristian Gonzalez,22/11/2024,11:22:13
Knowby Examples,3ae1ffb3-200c-42e5-8609-9f139a9d8a77,Change A Beer Keg,4dd1-509e-67e290d9----bb68-afdb00c8af51,Cristian Gonzalez,25/11/2025,14:56:42
Knowby Examples,3ae1ffb3-200c-42e5-8609-9f139a9d8a77,Change A Beer Keg,4dd1-509e-67e290d9----bb68-afdb00c8af51,Cristian Gonzalez,27/11/2025,12:42:44
Knowby Examples,3ae1ffb3-200c-42e5-8609-9f139a9d8a77,Change A Beer Keg,4dd1-509e-67e290d9----bb68-afdb00c8af51,Cristian Gonzalez,30/11/2025,12:31:33
Knowby Examples,3ae1ffb3-200c-42e5-8609-9f139a9d8a77,Change A Beer Keg,4dd1-509e-67e290d9----bb68-afdb00c8af51,Cristian Gonzalez,01/10/2025,12:16:24
Knowby Examples,3ae1ffb3-200c-42e5-8609-9f139a9d8a77,Change A Beer Keg,4dd1-509e-67e290d9----bb68-afdb00c8af51,Cristian Gonzalez,17/01/2025,08:23:38
Knowby Examples,3ae1ffb3-200c-42e5-8609-9f139a9d8a77,Change A Beer Keg,4d2c-583f-adfb71a0----947b-af0c00af8d6b,Adriana Sanders,22/11/2024,09:58:55
Knowby Examples,3ae1ffb3-200c-42e5-8609-9f139a9d8a77,Change A Beer Keg,4d2c-583f-adfb71a0----947b-af0c00af8d6b,Adriana Sanders,12/05/2025,11:58:16
Knowby Examples,3ae1ffb3-200c-42e5-8609-9f139a9d8a77,Change A Beer Keg,44ed-a978-e8d990e2----8b3d-aef900a6bb99,Robert Perez,25/10/2025,12:15:31
Knowby Examples,3ae1ffb3-200c-42e5-8609-9f139a9d8a77,Change A Beer Keg,44ed-a978-e8d990e2----8b3d-aef900a6bb99,Robert Perez,27/10/2025,13:18:00
Knowby Examples,3ae1ffb3-200c-42e5-8609-9f139a9d8a77,Change A Beer Keg,44ed-a978-e8d990e2----8b3d-aef900a6bb99,Robert Perez,28/10/2024,12:49:22
Knowby Examples,3ae1ffb3-200c-42e5-8609-9f139a9d8a77,Change A Beer Keg,44ed-a978-e8d990e2----8b3d-aef900a6bb99,Robert Perez,30/10/2025,10:36:32
Knowby Examples,3ae1ffb3-200c-42e5-8609-9f139a9d8a77,Change A Beer Keg,44ed-a978-e8d990e2----8b3d-aef900a6bb99,Robert Perez,11/12/2024,12:50:45
Knowby Examples,3ae1ffb3-200c-42e5-8609-9f139a9d8a77,Change A Beer Keg,44ed-a978-e8d990e2----8b3d-aef900a6bb99,Robert Perez,17/11/2025,13:18:34
Knowby Examples,3ae1ffb3-200c-42e5-8609-9f139a9d8a77,Change A Beer Keg,44ed-a978-e8d990e2----8b3d-aef900a6bb99,Robert Perez,17/11/2025,13:09:37
Knowby Examples,3ae1ffb3-200c-42e5-8609-9f139a9d8a77,Change A Beer Keg,44ed-a978-e8d990e2----8b3d-aef900a6bb99,Robert Perez,17/11/2025,15:37:51
Knowby Examples,3ae1ffb3-200c-42e5-8609-9f139a9d8a77,Change A Beer Keg,44ed-a978-e8d990e2----8b3d-aef900a6bb99,Robert Perez,17/11/2024,09:11:59
Knowby Examples,3ae1ffb3-200c-42e5-8609-9f139a9d8a77,Change A Beer Keg,44ed-a978-e8d990e2----8b3d-aef900a6bb99,Robert Perez,18/11/2025,16:58:33
Knowby Examples,3ae1ffb3-200c-42e5-8609-9f139a9d8a77,Change A Beer Keg,44ed-a978-e8d990e2----8b3d-aef900a6bb99,Robert Perez,18/11/2024,09:16:10
Knowby Examples,3ae1ffb3-200c-42e5-8609-9f139a9d8a77,Change A Beer Keg,44ed-a978-e8d990e2----8b3d-aef900a6bb99,Robert Perez,20/11/2025,14:20:44
Knowby Examples,3ae1ffb3-200c-42e5-8609-9f139a9d8a77,Change A Beer Keg,44ed-a978-e8d990e2----8b3d-aef900a6bb99,Robert Perez,20/11/2024,10:25:54
Knowby Examples,3ae1ffb3-200c-42e5-8609-9f139a9d8a77,Change A Beer Keg,44ed-a978-e8d990e2----8b3d-aef900a6bb99,Robert Perez,20/11/2025,16:41:36
Knowby Examples,3ae1ffb3-200c-42e5-8609-9f139a9d8a77,Change A Beer Keg,44ed-a978-e8d990e2----8b3d-aef900a6bb99,Robert Perez,21/11/2024,09:51:49
Knowby Examples,3ae1ffb3-200c-42e5-8609-9f139a9d8a77,Change A Beer Keg,44ed-a978-e8d990e2----8b3d-aef900a6bb99,Robert Perez,21/11/2025,15:09:13
Knowby Examples,3ae1ffb3-200c-42e5-8609-9f139a9d8a77,Change A Beer Keg,44ed-a978-e8d990e2----8b3d-aef900a6bb99,Robert Perez,21/11/2025,13:57:10
Knowby Examples,3ae1ffb3-200c-42e5-8609-9f139a9d8a77,Change A Beer Keg,44ed-a978-e8d990e2----8b3d-aef900a6bb99,Robert Perez,21/11/2025,09:04:26
Knowby Examples,3ae1ffb3-200c-42e5-8609-9f139a9d8a77,Change A Beer Keg,44ed-a978-e8d990e2----8b3d-aef900a6bb99,Robert Perez,21/11/2025,14:29:46
Knowby Examples,3ae1ffb3-200c-42e5-8609-9f139a9d8a77,Change A Beer Keg,44ed-a978-e8d990e2----8b3d-aef900a6bb99,Robert Perez,21/11/2025,08:37:58
Knowby Examples,3ae1ffb3-200c-42e5-8609-9f139a9d8a77,Change A Beer Keg,44ed-a978-e8d990e2----8b3d-aef900a6bb99,Robert Perez,21/11/2025,08:33:53
Knowby Examples,3ae1ffb3-200c-42e5-8609-9f139a9d8a77,Change A Beer Keg,44ed-a978-e8d990e2----8b3d-aef900a6bb99,Robert Perez,22/11/2024,15:04:08
Knowby Examples,3ae1ffb3-200c-42e5-8609-9f139a9d8a77,Change A Beer Keg,44ed-a978-e8d990e2----8b3d-aef900a6bb99,Robert Perez,30/11/2025,15:53:22
Knowby Examples,3ae1ffb3-200c-42e5-8609-9f139a9d8a77,Change A Beer Keg,44ed-a978-e8d990e2----8b3d-aef900a6bb99,Robert Perez,30/11/2025,09:06:31
Knowby Examples,3ae1ffb3-200c-42e5-8609-9f139a9d8a77,Change A Beer Keg,44ed-a978-e8d990e2----8b3d-aef900a6bb99,Robert Perez,30/11/2025,13:23:38
Knowby Examples,3ae1ffb3-200c-42e5-8609-9f139a9d8a77,Change A Beer Keg,44ed-a978-e8d990e2----8b3d-aef900a6bb99,Robert Perez,12/05/2025,08:01:02
Knowby Examples,3ae1ffb3-200c-42e5-8609-9f139a9d8a77,Change A Beer Keg,44ed-a978-e8d990e2----8b3d-aef900a6bb99,Robert Perez,12/07/2025,12:29:34
Knowby Examples,3ae1ffb3-200c-42e5-8609-9f139a9d8a77,Change A Beer Keg,44ed-a978-e8d990e2----8b3d-aef900a6bb99,Robert Perez,12/07/2025,08:30:07
Knowby Examples,3ae1ffb3-200c-42e5-8609-9f139a9d8a77,Change A Beer Keg,44ed-a978-e8d990e2----8b3d-aef900a6bb99,Robert Perez,14/12/2025,16:15:03
Knowby Examples,3ae1ffb3-200c-42e5-8609-9f139a9d8a77,Change A Beer Keg,44ed-a978-e8d990e2----8b3d-aef900a6bb99,Robert Perez,16/12/2025,09:43:04
Knowby Examples,3ae1ffb3-200c-42e5-8609-9f139a9d8a77,Change A Beer Keg,44ed-a978-e8d990e2----8b3d-aef900a6bb99,Robert Perez,17/12/2025,16:57:29
Knowby Examples,3ae1ffb3-200c-42e5-8609-9f139a9d8a77,Change A Beer Keg,44ed-a978-e8d990e2----8b3d-aef900a6bb99,Robert Perez,17/12/2025,08:10:11
Knowby Examples,3ae1ffb3-200c-42e5-8609-9f139a9d8a77,Change A Beer Keg,44ed-a978-e8d990e2----8b3d-aef900a6bb99,Robert Perez,17/12/2024,16:50:48
Knowby Examples,3ae1ffb3-200c-42e5-8609-9f139a9d8a77,Change A Beer Keg,44ed-a978-e8d990e2----8b3d-aef900a6bb99,Robert Perez,19/12/2024,08:11:32
Knowby Examples,3ae1ffb3-200c-42e5-8609-9f139a9d8a77,Change A Beer Keg,44ed-a978-e8d990e2----8b3d-aef900a6bb99,Robert Perez,29/12/2024,10:23:23
Knowby Examples,3ae1ffb3-200c-42e5-8609-9f139a9d8a77,Change A Beer Keg,44ed-a978-e8d990e2----8b3d-aef900a6bb99,Robert Perez,01/05/2025,17:13:45
Knowby Examples,3ae1ffb3-200c-42e5-8609-9f139a9d8a77,Change A Beer Keg,44ed-a978-e8d990e2----8b3d-aef900a6bb99,Robert Perez,01/05/2025,10:39:21
Knowby Examples,3ae1ffb3-200c-42e5-8609-9f139a9d8a77,Change A Beer Keg,44ed-a978-e8d990e2----8b3d-aef900a6bb99,Robert Perez,20/01/2025,13:36:54
Knowby Examples,3ae1ffb3-200c-42e5-8609-9f139a9d8a77,Change A Beer Keg,44ed-a978-e8d990e2----8b3d-aef900a6bb99,Robert Perez,21/01/2025,09:28:47
Knowby Examples,3ae1ffb3-200c-42e5-8609-9f139a9d8a77,Change A Beer Keg,43bc-e7ae-89d089c6----851d-5f6cf54a10ec,Christopher Cunningham,22/11/2025,12:56:34
Knowby Examples,3ae1ffb3-200c-42e5-8609-9f139a9d8a77,Change A Beer Keg,43bc-e7ae-89d089c6----851d-5f6cf54a10ec,Christopher Cunningham,22/11/2025,10:24:55
Knowby Examples,3ae1ffb3-200c-42e5-8609-9f139a9d8a77,Change A Beer Keg,4ed4-864f-db17168a----9128-a3c9ddb6e3ea,Carol Jones,20/11/2025,15:10:19
Knowby Examples,3ae1ffb3-200c-42e5-8609-9f139a9d8a77,Change A Beer Keg,4ed4-864f-db17168a----9128-a3c9ddb6e3ea,Carol Jones,20/11/2025,13:45:19
Knowby Examples,3ae1ffb3-200c-42e5-8609-9f139a9d8a77,Change A Beer Keg,4ed4-864f-db17168a----9128-a3c9ddb6e3ea,Carol Jones,20/11/2025,08:16:33
Knowby Examples,3ae1ffb3-200c-42e5-8609-9f139a9d8a77,Change A Beer Keg,4ed4-864f-db17168a----9128-a3c9ddb6e3ea,Carol Jones,20/11/2024,16:31:14
Knowby Examples,3ae1ffb3-200c-42e5-8609-9f139a9d8a77,Change A Beer Keg,4ed4-864f-db17168a----9128-a3c9ddb6e3ea,Carol Jones,21/11/2025,16:01:18
Knowby Examples,3ae1ffb3-200c-42e5-8609-9f139a9d8a77,Change A Beer Keg,4ed4-864f-db17168a----9128-a3c9ddb6e3ea,Carol Jones,24/11/2024,17:07:46
Knowby Examples,3ae1ffb3-200c-42e5-8609-9f139a9d8a77,Change A Beer Keg,4ed4-864f-db17168a----9128-a3c9ddb6e3ea,Carol Jones,19/12/2025,17:23:32
Knowby Examples,3ae1ffb3-200c-42e5-8609-9f139a9d8a77,Change A Beer Keg,4ed4-864f-db17168a----9128-a3c9ddb6e3ea,Carol Jones,16/01/2025,08:11:05
Knowby Examples,3ae1ffb3-200c-42e5-8609-9f139a9d8a77,Change A Beer Keg,4ed1-affe-79057836----9ea2-adc551671be2,John Terrell,18/11/2025,14:20:36
Knowby Examples,3ae1ffb3-200c-42e5-8609-9f139a9d8a77,Change A Beer Keg,4e42-3ecf-a947652f----8d8f-1b0d973d1bbf,Robert Taylor,17/01/2025,10:37:13
Knowby Examples,685248d0-f509-4fab-9acb-4b48b94e8c70,How to use Weber wireless thermometer,44ed-a978-e8d990e2----8b3d-aef900a6bb99,Robert Perez,12/05/2025,14:01:44
Knowby Examples,685248d0-f509-4fab-9acb-4b48b94e8c70,How to use Weber wireless thermometer,4ed4-864f-db17168a----9128-a3c9ddb6e3ea,Carol Jones,26/11/2025,09:34:12
Knowby Examples,685248d0-f509-4fab-9acb-4b48b94e8c70,How to use Weber wireless thermometer,4ed4-864f-db17168a----9128-a3c9ddb6e3ea,Carol Jones,26/11/2025,14:24:13
Knowby Examples,685248d0-f509-4fab-9acb-4b48b94e8c70,How to use Weber wireless thermometer,4ed4-864f-db17168a----9128-a3c9ddb6e3ea,Carol Jones,26/11/2025,16:07:45
Knowby Examples,685248d0-f509-4fab-9acb-4b48b94e8c70,How to use Weber wireless thermometer,4ed4-864f-db17168a----9128-a3c9ddb6e3ea,Carol Jones,18/12/2025,12:52:45
Knowby Examples,685248d0-f509-4fab-9acb-4b48b94e8c70,How to use Weber wireless thermometer,4ed4-864f-db17168a----9128-a3c9ddb6e3ea,Carol Jones,16/01/2025,08:43:26
Knowby Examples,4e696b40-0993-4463-8332-082ddc0b956b,I’m this was the best thing I’ve ever read on,4dd1-509e-67e290d9----bb68-afdb00c8af51,Cristian Gonzalez,17/01/2025,12:35:49
Knowby Examples,4e696b40-0993-4463-8332-082ddc0b956b,I’m this was the best thing I’ve ever read on,4dd1-509e-67e290d9----bb68-afdb00c8af51,Cristian Gonzalez,17/01/2025,12:00:48
Knowby Examples,4f8bdc81-831e-4947-babe-a238eba39ade,CEOP2061 - New instructions,4dd1-509e-67e290d9----bb68-afdb00c8af51,Cristian Gonzalez,17/01/2025,17:37:07
Knowby Examples,4f8bdc81-831e-4947-babe-a238eba39ade,CEOP2061 - New instructions,4dd1-509e-67e290d9----bb68-afdb00c8af51,Cristian Gonzalez,17/01/2025,13:29:14
Knowby Examples,4f8bdc81-831e-4947-babe-a238eba39ade,CEOP2061 - New instructions,4dd1-509e-67e290d9----bb68-afdb00c8af51,Cristian Gonzalez,17/01/2025,11:02:36
Knowby Examples,4f8bdc81-831e-4947-babe-a238eba39ade,CEOP2061 - New instructions,4dd1-509e-67e290d9----bb68-afdb00c8af51,Cristian Gonzalez,17/01/2025,10:57:40
Knowby Examples,4f8bdc81-831e-4947-babe-a238eba39ade,CEOP2061 - New instructions,4dd1-509e-67e290d9----bb68-afdb00c8af51,Cristian Gonzalez,17/01/2025,16:11:03
Knowby Examples,4f8bdc81-831e-4947-babe-a238eba39ade,CEOP2061 - New instructions,4dd1-509e-67e290d9----bb68-afdb00c8af51,Cristian Gonzalez,17/01/2024,11:03:14
Knowby Examples,4f8bdc81-831e-4947-babe-a238eba39ade,CEOP2061 - New instructions,4dd1-509e-67e290d9----bb68-afdb00c8af51,Cristian Gonzalez,17/01/2024,12:00:28
Knowby Examples,4f8bdc81-831e-4947-babe-a238eba39ade,CEOP2061 - New instructions,4dd1-509e-67e290d9----bb68-afdb00c8af51,Cristian Gonzalez,21/01/2025,09:35:40
Knowby Examples,4f8bdc81-831e-4947-babe-a238eba39ade,CEOP2061 - New instructions,4dd1-509e-67e290d9----bb68-afdb00c8af51,Cristian Gonzalez,16/02/2024,09:46:25
Knowby Examples,4f8bdc81-831e-4947-babe-a238eba39ade,CEOP2061 - New instructions,4e42-3ecf-a947652f----8d8f-1b0d973d1bbf,Robert Taylor,17/01/2025,15:44:32
Knowby Examples,4f8bdc81-831e-4947-babe-a238eba39ade,CEOP2061 - New instructions,4e42-3ecf-a947652f----8d8f-1b0d973d1bbf,Robert Taylor,15/02/2025,11:01:44
Knowby Examples,9e9d1eb5-7908-4eb4-a147-614b192f26f2,knowbyazure.com test,4260-47a7-31e26c5f----84e4-66ee42a27286,Jennifer Glenn,19/03/2024,10:05:28
Knowby Examples,ace4bef8-045b-49bd-b6fd-c674e5bc079f,How to Have Your Results Appear in Your Rankings,4d2c-583f-adfb71a0----947b-af0c00af8d6b,Adriana Sanders,19/02/2025,15:14:06
Knowby Examples,ace4bef8-045b-49bd-b6fd-c674e5bc079f,How to Have Your Results Appear in Your Rankings,4d2c-583f-adfb71a0----947b-af0c00af8d6b,Adriana Sanders,19/02/2025,14:49:03
Knowby Examples,ace4bef8-045b-49bd-b6fd-c674e5bc079f,How to Have Your Results Appear in Your Rankings,4d2c-583f-adfb71a0----947b-af0c00af8d6b,Adriana Sanders,19/02/2025,09:45:11
Knowby Examples,ace4bef8-045b-49bd-b6fd-c674e5bc079f,How to Have Your Results Appear in Your Rankings,4d2c-583f-adfb71a0----947b-af0c00af8d6b,Adriana Sanders,19/02/2025,10:06:37
Knowby Examples,dbe7245c-d6f8-467a-bd9c-98c6e77123ca,How to Have Your Results Appear in Your Rankings,4d2c-583f-adfb71a0----947b-af0c00af8d6b,Adriana Sanders,19/02/2025,12:02:26
Knowby Examples,dbe7245c-d6f8-467a-bd9c-98c6e77123ca,How to Have Your Results Appear in Your Rankings,4d2c-583f-adfb71a0----947b-af0c00af8d6b,Adriana Sanders,19/02/2025,14:37:17
Knowby Examples,dbe7245c-d6f8-467a-bd9c-98c6e77123ca,How to Have Your Results Appear in Your Rankings,4d2c-583f-adfb71a0----947b-af0c00af8d6b,Adriana Sanders,19/02/2024,17:46:20
Knowby Examples,dbe7245c-d6f8-467a-bd9c-98c6e77123ca,How to Have Your Results Appear in Your Rankings,4d2c-583f-adfb71a0----947b-af0c00af8d6b,Adriana Sanders,19/02/2025,12:48:10
Knowby Examples,dbe7245c-d6f8-467a-bd9c-98c6e77123ca,How to Have Your Results Appear in Your Rankings,4d2c-583f-adfb71a0----947b-af0c00af8d6b,Adriana Sanders,19/02/2025,13:54:18
Knowby Examples,dbe7245c-d6f8-467a-bd9c-98c6e77123ca,How to Have Your Results Appear in Your Rankings,4d2c-583f-adfb71a0----947b-af0c00af8d6b,Adriana Sanders,19/02/2025,16:36:11
Knowby Examples,dbe7245c-d6f8-467a-bd9c-98c6e77123ca,How to Have Your Results Appear in Your Rankings,4d2c-583f-adfb71a0----947b-af0c00af8d6b,Adriana Sanders,19/02/2025,09:21:07
Knowby Examples,dbe7245c-d6f8-467a-bd9c-98c6e77123ca,How to Have Your Results Appear in Your Rankings,4d2c-583f-adfb71a0----947b-af0c00af8d6b,Adriana Sanders,19/02/2024,17:01:10
Knowby Examples,dbe7245c-d6f8-467a-bd9c-98c6e77123ca,How to Have Your Results Appear in Your Rankings,4d2c-583f-adfb71a0----947b-af0c00af8d6b,Adriana Sanders,19/02/2024,16:46:31
Knowby Examples,dbe7245c-d6f8-467a-bd9c-98c6e77123ca,How to Have Your Results Appear in Your Rankings,4d2c-583f-adfb71a0----947b-af0c00af8d6b,Adriana Sanders,03/11/2025,16:27:59
Knowby Examples,dbe7245c-d6f8-467a-bd9c-98c6e77123ca,How to Have Your Results Appear in Your Rankings,4ed4-864f-db17168a----9128-a3c9ddb6e3ea,Carol Jones,03/11/2025,17:25:38
Knowby Examples,dbe7245c-d6f8-467a-bd9c-98c6e77123ca,How to Have Your Results Appear in Your Rankings,4e42-3ecf-a947652f----8d8f-1b0d973d1bbf,Robert Taylor,25/02/2025,08:23:29
Knowby Examples,f1b287a0-028b-468a-b7a9-d4e1721e02fd,Install Nest Learning Thermostat 4th Gen,4d2c-583f-adfb71a0----947b-af0c00af8d6b,Adriana Sanders,15/04/2025,13:56:03
Knowby Examples,f1b287a0-028b-468a-b7a9-d4e1721e02fd,Install Nest Learning Thermostat 4th Gen,4d2c-583f-adfb71a0----947b-af0c00af8d6b,Adriana Sanders,15/04/2025,15:01:31
Knowby Examples,f1b287a0-028b-468a-b7a9-d4e1721e02fd,Install Nest Learning Thermostat 4th Gen,4d2c-583f-adfb71a0----947b-af0c00af8d6b,Adriana Sanders,15/04/2025,17:19:15
Knowby Examples,f1b287a0-028b-468a-b7a9-d4e1721e02fd,Install Nest Learning Thermostat 4th Gen,4d2c-583f-adfb71a0----947b-af0c00af8d6b,Adriana Sanders,15/04/2024,10:35:58
Knowby Examples,f1b287a0-028b-468a-b7a9-d4e1721e02fd,Install Nest Learning Thermostat 4th Gen,4d2c-583f-adfb71a0----947b-af0c00af8d6b,Adriana Sanders,15/04/2025,12:54:43
Knowby Examples,f1b287a0-028b-468a-b7a9-d4e1721e02fd,Install Nest Learning Thermostat 4th Gen,4d2c-583f-adfb71a0----947b-af0c00af8d6b,Adriana Sanders,15/04/2024,08:03:01
Knowby Examples,f1b287a0-028b-468a-b7a9-d4e1721e02fd,Install Nest Learning Thermostat 4th Gen,4d2c-583f-adfb71a0----947b-af0c00af8d6b,Adriana Sanders,15/04/2025,16:10:14
Knowby Examples,f1b287a0-028b-468a-b7a9-d4e1721e02fd,Install Nest Learning Thermostat 4th Gen,4d2c-583f-adfb71a0----947b-af0c00af8d6b,Adriana Sanders,16/04/2025,12:49:32
Knowby Examples,f1b287a0-028b-468a-b7a9-d4e1721e02fd,Install Nest Learning Thermostat 4th Gen,4d2c-583f-adfb71a0----947b-af0c00af8d6b,Adriana Sanders,25/04/2025,13:48:33
Knowby Examples,f1b287a0-028b-468a-b7a9-d4e1721e02fd,Install Nest Learning Thermostat 4th Gen,44ed-a978-e8d990e2----8b3d-aef900a6bb99,Robert Perez,04/10/2024,08:43:58
Knowby Examples,f1b287a0-028b-468a-b7a9-d4e1721e02fd,Install Nest Learning Thermostat 4th Gen,44ed-a978-e8d990e2----8b3d-aef900a6bb99,Robert Perez,15/04/2025,11:43:01
Knowby Examples,f1b287a0-028b-468a-b7a9-d4e1721e02fd,Install Nest Learning Thermostat 4th Gen,44ed-a978-e8d990e2----8b3d-aef900a6bb99,Robert Perez,15/04/2025,12:46:17
Knowby Examples,f1b287a0-028b-468a-b7a9-d4e1721e02fd,Install Nest Learning Thermostat 4th Gen,44ed-a978-e8d990e2----8b3d-aef900a6bb99,Robert Perez,16/04/2024,17:40:20
Knowby Examples,f1b287a0-028b-468a-b7a9-d4e1721e02fd,Install Nest Learning Thermostat 4th Gen,44ed-a978-e8d990e2----8b3d-aef900a6bb99,Robert Perez,16/04/2025,13:50:27
Knowby Examples,f1b287a0-028b-468a-b7a9-d4e1721e02fd,Install Nest Learning Thermostat 4th Gen,44ed-a978-e8d990e2----8b3d-aef900a6bb99,Robert Perez,16/04/2025,17:10:24
Knowby Examples,f1b287a0-028b-468a-b7a9-d4e1721e02fd,Install Nest Learning Thermostat 4th Gen,44ed-a978-e8d990e2----8b3d-aef900a6bb99,Robert Perez,16/04/2025,13:25:26
Knowby Examples,f1b287a0-028b-468a-b7a9-d4e1721e02fd,Install Nest Learning Thermostat 4th Gen,44ed-a978-e8d990e2----8b3d-aef900a6bb99,Robert Perez,17/04/2025,17:41:14
Knowby Examples,f1b287a0-028b-468a-b7a9-d4e1721e02fd,Install Nest Learning Thermostat 4th Gen,44ed-a978-e8d990e2----8b3d-aef900a6bb99,Robert Perez,30/04/2024,09:34:31
Knowby Examples,f1b287a0-028b-468a-b7a9-d4e1721e02fd,Install Nest Learning Thermostat 4th Gen,409d-3bdc-4417dd91----8aea-d6ea712d295b,Lisa Reeves,17/04/2025,11:31:36
Knowby Examples,f1b287a0-028b-468a-b7a9-d4e1721e02fd,Install Nest Learning Thermostat 4th Gen,4dd1-509e-67e290d9----bb68-afdb00c8af51,Cristian Gonzalez,16/04/2025,10:16:17
Knowby Examples,f1b287a0-028b-468a-b7a9-d4e1721e02fd,Install Nest Learning Thermostat 4th Gen,4dd1-509e-67e290d9----bb68-afdb00c8af51,Cristian Gonzalez,16/04/2025,10:07:49
Knowby Examples,f1b287a0-028b-468a-b7a9-d4e1721e02fd,Install Nest Learning Thermostat 4th Gen,4dd1-509e-67e290d9----bb68-afdb00c8af51,Cristian Gonzalez,16/04/2025,16:21:20
Knowby Examples,f1b287a0-028b-468a-b7a9-d4e1721e02fd,Install Nest Learning Thermostat 4th Gen,4dd1-509e-67e290d9----bb68-afdb00c8af51,Cristian Gonzalez,16/04/2024,10:09:34
Knowby Examples,f1b287a0-028b-468a-b7a9-d4e1721e02fd,Install Nest Learning Thermostat 4th Gen,4dd1-509e-67e290d9----bb68-afdb00c8af51,Cristian Gonzalez,16/04/2024,11:22:55
Knowby Examples,af6fec11-59f8-40d6-b126-43ec8a3eccee,The science behind CAR T cell therapy,4d2c-583f-adfb71a0----947b-af0c00af8d6b,Adriana Sanders,30/04/2025,16:15:08
Knowby Examples,af6fec11-59f8-40d6-b126-43ec8a3eccee,The science behind CAR T cell therapy,4d2c-583f-adfb71a0----947b-af0c00af8d6b,Adriana Sanders,30/04/2025,11:19:38
Knowby Examples,af6fec11-59f8-40d6-b126-43ec8a3eccee,The science behind CAR T cell therapy,44ed-a978-e8d990e2----8b3d-aef900a6bb99,Robert Perez,30/04/2025,10:13:27
Knowby Examples,af6fec11-59f8-40d6-b126-43ec8a3eccee,The science behind CAR T cell therapy,44ed-a978-e8d990e2----8b3d-aef900a6bb99,Robert Perez,30/04/2025,08:23:45
Knowby Examples,af6fec11-59f8-40d6-b126-43ec8a3eccee,The science behind CAR T cell therapy,44ed-a978-e8d990e2----8b3d-aef900a6bb99,Robert Perez,05/01/2025,16:03:17
Knowby Examples,af6fec11-59f8-40d6-b126-43ec8a3eccee,The science behind CAR T cell therapy,4ed4-864f-db17168a----9128-a3c9ddb6e3ea,Carol Jones,05/02/2025,13:02:12
Knowby Examples,af6fec11-59f8-40d6-b126-43ec8a3eccee,The science behind CAR T cell therapy,4ed4-864f-db17168a----9128-a3c9ddb6e3ea,Carol Jones,05/02/2025,13:04:06
Knowby Examples,17f9ac44-d1d8-4fba-9a3a-ef5358045169,FieldNET Advisor - Set Up,4dd1-509e-67e290d9----bb68-afdb00c8af51,Cristian Gonzalez,09/05/2025,11:43:44
Knowby Examples,17f9ac44-d1d8-4fba-9a3a-ef5358045169,FieldNET Advisor - Set Up,4dd1-509e-67e290d9----bb68-afdb00c8af51,Cristian Gonzalez,09/06/2025,08:10:08
Knowby Examples,17f9ac44-d1d8-4fba-9a3a-ef5358045169,FieldNET Advisor - Set Up,4405-d6f6-e37511ad----906f-aefa00b1a961,Jeffrey Brown,20/09/2025,13:30:51
Knowby Examples,17f9ac44-d1d8-4fba-9a3a-ef5358045169,FieldNET Advisor - Set Up,4327-393b-53cbdfde----b9a4-aef900aa92ef,Kenneth Landry,09/05/2025,09:41:02
Knowby Examples,17f9ac44-d1d8-4fba-9a3a-ef5358045169,FieldNET Advisor - Set Up,4327-393b-53cbdfde----b9a4-aef900aa92ef,Kenneth Landry,09/06/2025,15:43:21
Knowby Examples,17f9ac44-d1d8-4fba-9a3a-ef5358045169,FieldNET Advisor - Set Up,4327-393b-53cbdfde----b9a4-aef900aa92ef,Kenneth Landry,09/06/2025,08:30:44
Knowby Examples,17f9ac44-d1d8-4fba-9a3a-ef5358045169,FieldNET Advisor - Set Up,4ed4-864f-db17168a----9128-a3c9ddb6e3ea,Carol Jones,09/04/2025,13:14:18
Knowby Examples,17f9ac44-d1d8-4fba-9a3a-ef5358045169,FieldNET Advisor - Set Up,4ed4-864f-db17168a----9128-a3c9ddb6e3ea,Carol Jones,09/04/2025,15:24:21
Knowby Examples,17f9ac44-d1d8-4fba-9a3a-ef5358045169,FieldNET Advisor - Set Up,4ed4-864f-db17168a----9128-a3c9ddb6e3ea,Carol Jones,09/04/2025,11:51:53
Knowby Examples,17f9ac44-d1d8-4fba-9a3a-ef5358045169,FieldNET Advisor - Set Up,4ed4-864f-db17168a----9128-a3c9ddb6e3ea,Carol Jones,09/04/2024,17:00:21
Knowby Examples,17f9ac44-d1d8-4fba-9a3a-ef5358045169,FieldNET Advisor - Set Up,4ed4-864f-db17168a----9128-a3c9ddb6e3ea,Carol Jones,09/04/2025,14:18:22
Knowby Examples,17f9ac44-d1d8-4fba-9a3a-ef5358045169,FieldNET Advisor - Set Up,4ed4-864f-db17168a----9128-a3c9ddb6e3ea,Carol Jones,09/07/2025,17:06:51
Knowby Examples,1e8a78ce-5b5a-40d4-a38d-7e7d9c2bee51,The Right Way to Clean a Toilet,4dd1-509e-67e290d9----bb68-afdb00c8af51,Cristian Gonzalez,28/08/2025,09:45:12
Knowby Examples,1e8a78ce-5b5a-40d4-a38d-7e7d9c2bee51,The Right Way to Clean a Toilet,4d2c-583f-adfb71a0----947b-af0c00af8d6b,Adriana Sanders,16/11/2025,15:31:04
Knowby Examples,1e8a78ce-5b5a-40d4-a38d-7e7d9c2bee51,The Right Way to Clean a Toilet,4405-d6f6-e37511ad----906f-aefa00b1a961,Jeffrey Brown,19/09/2025,11:39:29
Knowby Examples,1e8a78ce-5b5a-40d4-a38d-7e7d9c2bee51,The Right Way to Clean a Toilet,4405-d6f6-e37511ad----906f-aefa00b1a961,Jeffrey Brown,20/09/2025,15:46:01
Knowby Examples,1e8a78ce-5b5a-40d4-a38d-7e7d9c2bee51,The Right Way to Clean a Toilet,4405-d6f6-e37511ad----906f-aefa00b1a961,Jeffrey Brown,20/09/2024,12:24:04
Knowby Examples,1e8a78ce-5b5a-40d4-a38d-7e7d9c2bee51,The Right Way to Clean a Toilet,4405-d6f6-e37511ad----906f-aefa00b1a961,Jeffrey Brown,26/09/2025,08:50:11
Knowby Examples,1e8a78ce-5b5a-40d4-a38d-7e7d9c2bee51,The Right Way to Clean a Toilet,4405-d6f6-e37511ad----906f-aefa00b1a961,Jeffrey Brown,27/09/2025,08:18:00
Knowby Examples,1e8a78ce-5b5a-40d4-a38d-7e7d9c2bee51,The Right Way to Clean a Toilet,4405-d6f6-e37511ad----906f-aefa00b1a961,Jeffrey Brown,29/09/2025,15:54:05
Knowby Examples,1e8a78ce-5b5a-40d4-a38d-7e7d9c2bee51,The Right Way to Clean a Toilet,4405-d6f6-e37511ad----906f-aefa00b1a961,Jeffrey Brown,10/09/2025,17:54:59
Knowby Examples,1e8a78ce-5b5a-40d4-a38d-7e7d9c2bee51,The Right Way to Clean a Toilet,44ed-a978-e8d990e2----8b3d-aef900a6bb99,Robert Perez,30/08/2025,10:42:11
Knowby Examples,1e8a78ce-5b5a-40d4-a38d-7e7d9c2bee51,The Right Way to Clean a Toilet,44ed-a978-e8d990e2----8b3d-aef900a6bb99,Robert Perez,31/08/2024,12:21:35
Knowby Examples,1e8a78ce-5b5a-40d4-a38d-7e7d9c2bee51,The Right Way to Clean a Toilet,44ed-a978-e8d990e2----8b3d-aef900a6bb99,Robert Perez,31/08/2025,09:52:52
Knowby Examples,1e8a78ce-5b5a-40d4-a38d-7e7d9c2bee51,The Right Way to Clean a Toilet,44ed-a978-e8d990e2----8b3d-aef900a6bb99,Robert Perez,31/08/2025,08:19:23
Knowby Examples,1e8a78ce-5b5a-40d4-a38d-7e7d9c2bee51,The Right Way to Clean a Toilet,44ed-a978-e8d990e2----8b3d-aef900a6bb99,Robert Perez,09/01/2025,11:29:09
Knowby Examples,1e8a78ce-5b5a-40d4-a38d-7e7d9c2bee51,The Right Way to Clean a Toilet,44ed-a978-e8d990e2----8b3d-aef900a6bb99,Robert Perez,09/01/2025,14:47:17
Knowby Examples,1e8a78ce-5b5a-40d4-a38d-7e7d9c2bee51,The Right Way to Clean a Toilet,44ed-a978-e8d990e2----8b3d-aef900a6bb99,Robert Perez,09/01/2024,15:19:04
Knowby Examples,1e8a78ce-5b5a-40d4-a38d-7e7d9c2bee51,The Right Way to Clean a Toilet,44ed-a978-e8d990e2----8b3d-aef900a6bb99,Robert Perez,21/09/2025,14:00:18
Knowby Examples,1e8a78ce-5b5a-40d4-a38d-7e7d9c2bee51,The Right Way to Clean a Toilet,4ed4-864f-db17168a----9128-a3c9ddb6e3ea,Carol Jones,28/08/2025,08:52:41
Knowby Examples,1e8a78ce-5b5a-40d4-a38d-7e7d9c2bee51,The Right Way to Clean a Toilet,4ed4-864f-db17168a----9128-a3c9ddb6e3ea,Carol Jones,28/08/2025,17:14:59
Knowby Examples,1e8a78ce-5b5a-40d4-a38d-7e7d9c2bee51,The Right Way to Clean a Toilet,4ed4-864f-db17168a----9128-a3c9ddb6e3ea,Carol Jones,28/08/2025,13:13:45
Knowby Examples,1e8a78ce-5b5a-40d4-a38d-7e7d9c2bee51,The Right Way to Clean a Toilet,4ed4-864f-db17168a----9128-a3c9ddb6e3ea,Carol Jones,28/08/2025,17:53:02
Knowby Examples,1e8a78ce-5b5a-40d4-a38d-7e7d9c2bee51,The Right Way to Clean a Toilet,4ed4-864f-db17168a----9128-a3c9ddb6e3ea,Carol Jones,30/08/2025,09:44:15
Knowby Examples,1e8a78ce-5b5a-40d4-a38d-7e7d9c2bee51,The Right Way to Clean a Toilet,4ed4-864f-db17168a----9128-a3c9ddb6e3ea,Carol Jones,31/08/2024,09:07:30
Knowby Examples,1e8a78ce-5b5a-40d4-a38d-7e7d9c2bee51,The Right Way to Clean a Toilet,4ed4-864f-db17168a----9128-a3c9ddb6e3ea,Carol Jones,26/09/2024,09:19:12
Knowby Examples,a0f4522e-fb3f-451e-a1e1-ad2cc6a78b02,Using Chromecast for Netflix in a Hotel,4dd1-509e-67e290d9----bb68-afdb00c8af51,Cristian Gonzalez,31/08/2025,13:20:11
Knowby Examples,a0f4522e-fb3f-451e-a1e1-ad2cc6a78b02,Using Chromecast for Netflix in a Hotel,4327-393b-53cbdfde----b9a4-aef900aa92ef,Kenneth Landry,30/08/2025,10:17:19
Knowby Examples,a0f4522e-fb3f-451e-a1e1-ad2cc6a78b02,Using Chromecast for Netflix in a Hotel,4327-393b-53cbdfde----b9a4-aef900aa92ef,Kenneth Landry,31/08/2025,13:55:37
Knowby Examples,a0f4522e-fb3f-451e-a1e1-ad2cc6a78b02,Using Chromecast for Netflix in a Hotel,4327-393b-53cbdfde----b9a4-aef900aa92ef,Kenneth Landry,31/08/2025,17:24:49
Knowby Examples,a0f4522e-fb3f-451e-a1e1-ad2cc6a78b02,Using Chromecast for Netflix in a Hotel,4327-393b-53cbdfde----b9a4-aef900aa92ef,Kenneth Landry,09/01/2025,14:51:06
Knowby Examples,a0f4522e-fb3f-451e-a1e1-ad2cc6a78b02,Using Chromecast for Netflix in a Hotel,4327-393b-53cbdfde----b9a4-aef900aa92ef,Kenneth Landry,09/01/2024,09:29:01
Knowby Examples,a0f4522e-fb3f-451e-a1e1-ad2cc6a78b02,Using Chromecast for Netflix in a Hotel,4327-393b-53cbdfde----b9a4-aef900aa92ef,Kenneth Landry,09/01/2025,11:53:57
Knowby Examples,a0f4522e-fb3f-451e-a1e1-ad2cc6a78b02,Using Chromecast for Netflix in a Hotel,4327-393b-53cbdfde----b9a4-aef900aa92ef,Kenneth Landry,09/01/2025,14:32:18
Knowby Examples,a0f4522e-fb3f-451e-a1e1-ad2cc6a78b02,Using Chromecast for Netflix in a Hotel,4327-393b-53cbdfde----b9a4-aef900aa92ef,Kenneth Landry,09/01/2025,08:46:18
Knowby Examples,a0f4522e-fb3f-451e-a1e1-ad2cc6a78b02,Using Chromecast for Netflix in a Hotel,4327-393b-53cbdfde----b9a4-aef900aa92ef,Kenneth Landry,12/03/2025,17:02:04
Knowby Examples,a0f4522e-fb3f-451e-a1e1-ad2cc6a78b02,Using Chromecast for Netflix in a Hotel,4327-393b-53cbdfde----b9a4-aef900aa92ef,Kenneth Landry,14/01/2025,15:45:37
Knowby Examples,a0f4522e-fb3f-451e-a1e1-ad2cc6a78b02,Using Chromecast for Netflix in a Hotel,44ed-a978-e8d990e2----8b3d-aef900a6bb99,Robert Perez,30/08/2025,13:57:16
Knowby Examples,a0f4522e-fb3f-451e-a1e1-ad2cc6a78b02,Using Chromecast for Netflix in a Hotel,44ed-a978-e8d990e2----8b3d-aef900a6bb99,Robert Perez,31/08/2025,17:34:26
Knowby Examples,a0f4522e-fb3f-451e-a1e1-ad2cc6a78b02,Using Chromecast for Netflix in a Hotel,44ed-a978-e8d990e2----8b3d-aef900a6bb99,Robert Perez,31/08/2024,14:11:14
Knowby Examples,a0f4522e-fb3f-451e-a1e1-ad2cc6a78b02,Using Chromecast for Netflix in a Hotel,44ed-a978-e8d990e2----8b3d-aef900a6bb99,Robert Perez,31/08/2025,14:28:12
Knowby Examples,a0f4522e-fb3f-451e-a1e1-ad2cc6a78b02,Using Chromecast for Netflix in a Hotel,44ed-a978-e8d990e2----8b3d-aef900a6bb99,Robert Perez,31/08/2024,17:40:26
Knowby Examples,a0f4522e-fb3f-451e-a1e1-ad2cc6a78b02,Using Chromecast for Netflix in a Hotel,44ed-a978-e8d990e2----8b3d-aef900a6bb99,Robert Perez,31/08/2025,14:33:36
Knowby Examples,a0f4522e-fb3f-451e-a1e1-ad2cc6a78b02,Using Chromecast for Netflix in a Hotel,44ed-a978-e8d990e2----8b3d-aef900a6bb99,Robert Perez,31/08/2025,16:22:19
Knowby Examples,a0f4522e-fb3f-451e-a1e1-ad2cc6a78b02,Using Chromecast for Netflix in a Hotel,44ed-a978-e8d990e2----8b3d-aef900a6bb99,Robert Perez,31/08/2024,14:16:50
Knowby Examples,a0f4522e-fb3f-451e-a1e1-ad2cc6a78b02,Using Chromecast for Netflix in a Hotel,44ed-a978-e8d990e2----8b3d-aef900a6bb99,Robert Perez,31/08/2025,15:11:15
Knowby Examples,a0f4522e-fb3f-451e-a1e1-ad2cc6a78b02,Using Chromecast for Netflix in a Hotel,44ed-a978-e8d990e2----8b3d-aef900a6bb99,Robert Perez,31/08/2025,09:20:39
Knowby Examples,a0f4522e-fb3f-451e-a1e1-ad2cc6a78b02,Using Chromecast for Netflix in a Hotel,44ed-a978-e8d990e2----8b3d-aef900a6bb99,Robert Perez,31/08/2025,16:10:19
Knowby Examples,a0f4522e-fb3f-451e-a1e1-ad2cc6a78b02,Using Chromecast for Netflix in a Hotel,44ed-a978-e8d990e2----8b3d-aef900a6bb99,Robert Perez,31/08/2025,14:03:09
Knowby Examples,a0f4522e-fb3f-451e-a1e1-ad2cc6a78b02,Using Chromecast for Netflix in a Hotel,44ed-a978-e8d990e2----8b3d-aef900a6bb99,Robert Perez,31/08/2025,15:30:28
Knowby Examples,a0f4522e-fb3f-451e-a1e1-ad2cc6a78b02,Using Chromecast for Netflix in a Hotel,44ed-a978-e8d990e2----8b3d-aef900a6bb99,Robert Perez,31/08/2025,13:28:20
Knowby Examples,a0f4522e-fb3f-451e-a1e1-ad2cc6a78b02,Using Chromecast for Netflix in a Hotel,44ed-a978-e8d990e2----8b3d-aef900a6bb99,Robert Perez,31/08/2025,10:59:17
Knowby Examples,a0f4522e-fb3f-451e-a1e1-ad2cc6a78b02,Using Chromecast for Netflix in a Hotel,44ed-a978-e8d990e2----8b3d-aef900a6bb99,Robert Perez,31/08/2025,11:05:07
Knowby Examples,a0f4522e-fb3f-451e-a1e1-ad2cc6a78b02,Using Chromecast for Netflix in a Hotel,44ed-a978-e8d990e2----8b3d-aef900a6bb99,Robert Perez,31/08/2025,09:53:19
Knowby Examples,a0f4522e-fb3f-451e-a1e1-ad2cc6a78b02,Using Chromecast for Netflix in a Hotel,44ed-a978-e8d990e2----8b3d-aef900a6bb99,Robert Perez,31/08/2025,15:01:13
Knowby Examples,a0f4522e-fb3f-451e-a1e1-ad2cc6a78b02,Using Chromecast for Netflix in a Hotel,44ed-a978-e8d990e2----8b3d-aef900a6bb99,Robert Perez,31/08/2025,09:54:33
Knowby Examples,a0f4522e-fb3f-451e-a1e1-ad2cc6a78b02,Using Chromecast for Netflix in a Hotel,44ed-a978-e8d990e2----8b3d-aef900a6bb99,Robert Perez,31/08/2025,08:42:44
Knowby Examples,a0f4522e-fb3f-451e-a1e1-ad2cc6a78b02,Using Chromecast for Netflix in a Hotel,44ed-a978-e8d990e2----8b3d-aef900a6bb99,Robert Perez,31/08/2024,09:42:38
Knowby Examples,a0f4522e-fb3f-451e-a1e1-ad2cc6a78b02,Using Chromecast for Netflix in a Hotel,44ed-a978-e8d990e2----8b3d-aef900a6bb99,Robert Perez,31/08/2025,10:22:22
Knowby Examples,a0f4522e-fb3f-451e-a1e1-ad2cc6a78b02,Using Chromecast for Netflix in a Hotel,44ed-a978-e8d990e2----8b3d-aef900a6bb99,Robert Perez,31/08/2025,11:50:23
Knowby Examples,a0f4522e-fb3f-451e-a1e1-ad2cc6a78b02,Using Chromecast for Netflix in a Hotel,44ed-a978-e8d990e2----8b3d-aef900a6bb99,Robert Perez,31/08/2025,11:56:12
Knowby Examples,a0f4522e-fb3f-451e-a1e1-ad2cc6a78b02,Using Chromecast for Netflix in a Hotel,44ed-a978-e8d990e2----8b3d-aef900a6bb99,Robert Perez,31/08/2025,08:00:05
Knowby Examples,a0f4522e-fb3f-451e-a1e1-ad2cc6a78b02,Using Chromecast for Netflix in a Hotel,44ed-a978-e8d990e2----8b3d-aef900a6bb99,Robert Perez,31/08/2025,17:42:38
Knowby Examples,a0f4522e-fb3f-451e-a1e1-ad2cc6a78b02,Using Chromecast for Netflix in a Hotel,44ed-a978-e8d990e2----8b3d-aef900a6bb99,Robert Perez,31/08/2025,11:51:42
Knowby Examples,a0f4522e-fb3f-451e-a1e1-ad2cc6a78b02,Using Chromecast for Netflix in a Hotel,44ed-a978-e8d990e2----8b3d-aef900a6bb99,Robert Perez,31/08/2025,12:27:24
Knowby Examples,a0f4522e-fb3f-451e-a1e1-ad2cc6a78b02,Using Chromecast for Netflix in a Hotel,44ed-a978-e8d990e2----8b3d-aef900a6bb99,Robert Perez,31/08/2025,11:29:52
Knowby Examples,a0f4522e-fb3f-451e-a1e1-ad2cc6a78b02,Using Chromecast for Netflix in a Hotel,44ed-a978-e8d990e2----8b3d-aef900a6bb99,Robert Perez,31/08/2025,13:46:39
Knowby Examples,a0f4522e-fb3f-451e-a1e1-ad2cc6a78b02,Using Chromecast for Netflix in a Hotel,44ed-a978-e8d990e2----8b3d-aef900a6bb99,Robert Perez,31/08/2025,10:28:45
Knowby Examples,a0f4522e-fb3f-451e-a1e1-ad2cc6a78b02,Using Chromecast for Netflix in a Hotel,44ed-a978-e8d990e2----8b3d-aef900a6bb99,Robert Perez,31/08/2025,14:30:53
Knowby Examples,a0f4522e-fb3f-451e-a1e1-ad2cc6a78b02,Using Chromecast for Netflix in a Hotel,44ed-a978-e8d990e2----8b3d-aef900a6bb99,Robert Perez,09/01/2025,15:12:13
Knowby Examples,a0f4522e-fb3f-451e-a1e1-ad2cc6a78b02,Using Chromecast for Netflix in a Hotel,44ed-a978-e8d990e2----8b3d-aef900a6bb99,Robert Perez,09/01/2024,14:29:45
Knowby Examples,a0f4522e-fb3f-451e-a1e1-ad2cc6a78b02,Using Chromecast for Netflix in a Hotel,44ed-a978-e8d990e2----8b3d-aef900a6bb99,Robert Perez,09/01/2025,15:58:04
Knowby Examples,a0f4522e-fb3f-451e-a1e1-ad2cc6a78b02,Using Chromecast for Netflix in a Hotel,44ed-a978-e8d990e2----8b3d-aef900a6bb99,Robert Perez,09/01/2025,16:36:40
Knowby Examples,a0f4522e-fb3f-451e-a1e1-ad2cc6a78b02,Using Chromecast for Netflix in a Hotel,44ed-a978-e8d990e2----8b3d-aef900a6bb99,Robert Perez,09/01/2024,11:56:20
Knowby Examples,a0f4522e-fb3f-451e-a1e1-ad2cc6a78b02,Using Chromecast for Netflix in a Hotel,44ed-a978-e8d990e2----8b3d-aef900a6bb99,Robert Perez,09/01/2025,13:22:03
Knowby Examples,a0f4522e-fb3f-451e-a1e1-ad2cc6a78b02,Using Chromecast for Netflix in a Hotel,44ed-a978-e8d990e2----8b3d-aef900a6bb99,Robert Perez,09/01/2025,12:13:12
Knowby Examples,a0f4522e-fb3f-451e-a1e1-ad2cc6a78b02,Using Chromecast for Netflix in a Hotel,44ed-a978-e8d990e2----8b3d-aef900a6bb99,Robert Perez,09/01/2025,13:59:09
Knowby Examples,a0f4522e-fb3f-451e-a1e1-ad2cc6a78b02,Using Chromecast for Netflix in a Hotel,44ed-a978-e8d990e2----8b3d-aef900a6bb99,Robert Perez,09/01/2025,14:37:07
Knowby Examples,a0f4522e-fb3f-451e-a1e1-ad2cc6a78b02,Using Chromecast for Netflix in a Hotel,44ed-a978-e8d990e2----8b3d-aef900a6bb99,Robert Perez,09/01/2024,15:36:37
Knowby Examples,a0f4522e-fb3f-451e-a1e1-ad2cc6a78b02,Using Chromecast for Netflix in a Hotel,44ed-a978-e8d990e2----8b3d-aef900a6bb99,Robert Perez,09/01/2025,10:57:29
Knowby Examples,a0f4522e-fb3f-451e-a1e1-ad2cc6a78b02,Using Chromecast for Netflix in a Hotel,44ed-a978-e8d990e2----8b3d-aef900a6bb99,Robert Perez,09/01/2025,09:52:39
Knowby Examples,a0f4522e-fb3f-451e-a1e1-ad2cc6a78b02,Using Chromecast for Netflix in a Hotel,44ed-a978-e8d990e2----8b3d-aef900a6bb99,Robert Perez,09/01/2025,11:40:43
Knowby Examples,a0f4522e-fb3f-451e-a1e1-ad2cc6a78b02,Using Chromecast for Netflix in a Hotel,44ed-a978-e8d990e2----8b3d-aef900a6bb99,Robert Perez,09/01/2024,16:23:23
Knowby Examples,a0f4522e-fb3f-451e-a1e1-ad2cc6a78b02,Using Chromecast for Netflix in a Hotel,44ed-a978-e8d990e2----8b3d-aef900a6bb99,Robert Perez,09/01/2024,16:32:56
Knowby Examples,a0f4522e-fb3f-451e-a1e1-ad2cc6a78b02,Using Chromecast for Netflix in a Hotel,44ed-a978-e8d990e2----8b3d-aef900a6bb99,Robert Perez,09/01/2025,13:17:33
Knowby Examples,a0f4522e-fb3f-451e-a1e1-ad2cc6a78b02,Using Chromecast for Netflix in a Hotel,44ed-a978-e8d990e2----8b3d-aef900a6bb99,Robert Perez,09/01/2025,11:41:08
Knowby Examples,a0f4522e-fb3f-451e-a1e1-ad2cc6a78b02,Using Chromecast for Netflix in a Hotel,44ed-a978-e8d990e2----8b3d-aef900a6bb99,Robert Perez,09/01/2025,15:16:36
Knowby Examples,a0f4522e-fb3f-451e-a1e1-ad2cc6a78b02,Using Chromecast for Netflix in a Hotel,44ed-a978-e8d990e2----8b3d-aef900a6bb99,Robert Perez,09/01/2025,16:31:01
Knowby Examples,a0f4522e-fb3f-451e-a1e1-ad2cc6a78b02,Using Chromecast for Netflix in a Hotel,44ed-a978-e8d990e2----8b3d-aef900a6bb99,Robert Perez,09/07/2025,13:34:10
Knowby Examples,a0f4522e-fb3f-451e-a1e1-ad2cc6a78b02,Using Chromecast for Netflix in a Hotel,44ed-a978-e8d990e2----8b3d-aef900a6bb99,Robert Perez,09/07/2025,08:13:48
Knowby Examples,a0f4522e-fb3f-451e-a1e1-ad2cc6a78b02,Using Chromecast for Netflix in a Hotel,44ed-a978-e8d990e2----8b3d-aef900a6bb99,Robert Perez,09/11/2024,09:10:59
Knowby Examples,a0f4522e-fb3f-451e-a1e1-ad2cc6a78b02,Using Chromecast for Netflix in a Hotel,44ed-a978-e8d990e2----8b3d-aef900a6bb99,Robert Perez,14/09/2024,11:09:40
Knowby Examples,a0f4522e-fb3f-451e-a1e1-ad2cc6a78b02,Using Chromecast for Netflix in a Hotel,44ed-a978-e8d990e2----8b3d-aef900a6bb99,Robert Perez,19/09/2025,09:44:30
Knowby Examples,a0f4522e-fb3f-451e-a1e1-ad2cc6a78b02,Using Chromecast for Netflix in a Hotel,44ed-a978-e8d990e2----8b3d-aef900a6bb99,Robert Perez,15/11/2025,11:24:17
Knowby Examples,a0f4522e-fb3f-451e-a1e1-ad2cc6a78b02,Using Chromecast for Netflix in a Hotel,44ed-a978-e8d990e2----8b3d-aef900a6bb99,Robert Perez,08/02/2025,11:10:02
Knowby Examples,a0f4522e-fb3f-451e-a1e1-ad2cc6a78b02,Using Chromecast for Netflix in a Hotel,44ed-a978-e8d990e2----8b3d-aef900a6bb99,Robert Perez,10/06/2025,08:43:48
Knowby Examples,a0f4522e-fb3f-451e-a1e1-ad2cc6a78b02,Using Chromecast for Netflix in a Hotel,44ed-a978-e8d990e2----8b3d-aef900a6bb99,Robert Perez,19/12/2025,16:58:37
Knowby Examples,a0f4522e-fb3f-451e-a1e1-ad2cc6a78b02,Using Chromecast for Netflix in a Hotel,44ed-a978-e8d990e2----8b3d-aef900a6bb99,Robert Perez,25/12/2024,16:41:20
Knowby Examples,a0f4522e-fb3f-451e-a1e1-ad2cc6a78b02,Using Chromecast for Netflix in a Hotel,44ed-a978-e8d990e2----8b3d-aef900a6bb99,Robert Perez,19/02/2025,16:28:32
Knowby Examples,a0f4522e-fb3f-451e-a1e1-ad2cc6a78b02,Using Chromecast for Netflix in a Hotel,44ed-a978-e8d990e2----8b3d-aef900a6bb99,Robert Perez,19/02/2025,10:48:55
Knowby Examples,a0f4522e-fb3f-451e-a1e1-ad2cc6a78b02,Using Chromecast for Netflix in a Hotel,44ed-a978-e8d990e2----8b3d-aef900a6bb99,Robert Perez,19/02/2025,10:55:17
Knowby Examples,a0f4522e-fb3f-451e-a1e1-ad2cc6a78b02,Using Chromecast for Netflix in a Hotel,4ed4-864f-db17168a----9128-a3c9ddb6e3ea,Carol Jones,30/08/2024,13:26:16
Knowby Examples,a0f4522e-fb3f-451e-a1e1-ad2cc6a78b02,Using Chromecast for Netflix in a Hotel,409d-3bdc-4417dd91----8aea-d6ea712d295b,Lisa Reeves,04/11/2025,15:09:41
Knowby Examples,a0f4522e-fb3f-451e-a1e1-ad2cc6a78b02,Using Chromecast for Netflix in a Hotel,409d-3bdc-4417dd91----8aea-d6ea712d295b,Lisa Reeves,04/11/2025,11:26:19
Knowby Examples,a7ec6129-53d5-4c2d-8b8e-37f3be4a577e,A Guide to Dog Camping Supplies,4dd1-509e-67e290d9----bb68-afdb00c8af51,Cristian Gonzalez,11/09/2025,14:01:43
Knowby Examples,a7ec6129-53d5-4c2d-8b8e-37f3be4a577e,A Guide to Dog Camping Supplies,4dd1-509e-67e290d9----bb68-afdb00c8af51,Cristian Gonzalez,23/11/2024,08:43:04
Knowby Examples,a7ec6129-53d5-4c2d-8b8e-37f3be4a577e,A Guide to Dog Camping Supplies,44ed-a978-e8d990e2----8b3d-aef900a6bb99,Robert Perez,11/09/2025,08:12:29
Knowby Examples,a7ec6129-53d5-4c2d-8b8e-37f3be4a577e,A Guide to Dog Camping Supplies,44ed-a978-e8d990e2----8b3d-aef900a6bb99,Robert Perez,05/02/2024,08:10:17
Knowby Examples,a7ec6129-53d5-4c2d-8b8e-37f3be4a577e,A Guide to Dog Camping Supplies,4ed4-864f-db17168a----9128-a3c9ddb6e3ea,Carol Jones,11/08/2025,15:52:00
Knowby Examples,a7ec6129-53d5-4c2d-8b8e-37f3be4a577e,A Guide to Dog Camping Supplies,4ed4-864f-db17168a----9128-a3c9ddb6e3ea,Carol Jones,11/08/2025,13:14:24
Knowby Examples,a7ec6129-53d5-4c2d-8b8e-37f3be4a577e,A Guide to Dog Camping Supplies,4ed4-864f-db17168a----9128-a3c9ddb6e3ea,Carol Jones,11/08/2025,09:14:54
Knowby Examples,a7ec6129-53d5-4c2d-8b8e-37f3be4a577e,A Guide to Dog Camping Supplies,4ed4-864f-db17168a----9128-a3c9ddb6e3ea,Carol Jones,11/08/2025,13:50:19
Knowby Examples,a7ec6129-53d5-4c2d-8b8e-37f3be4a577e,A Guide to Dog Camping Supplies,4ed4-864f-db17168a----9128-a3c9ddb6e3ea,Carol Jones,11/09/2025,15:12:39
Knowby Examples,a7ec6129-53d5-4c2d-8b8e-37f3be4a577e,A Guide to Dog Camping Supplies,4ed4-864f-db17168a----9128-a3c9ddb6e3ea,Carol Jones,08/12/2025,13:31:59
Knowby Examples,a7ec6129-53d5-4c2d-8b8e-37f3be4a577e,A Guide to Dog Camping Supplies,4ed4-864f-db17168a----9128-a3c9ddb6e3ea,Carol Jones,08/12/2025,13:52:47
Knowby Examples,a7ec6129-53d5-4c2d-8b8e-37f3be4a577e,A Guide to Dog Camping Supplies,4dd1-509e-67e290d9----bb68-afdb00c8af51,Cristian Gonzalez,28/03/2024,10:18:08
Knowby Examples,c2fe7ef0-ed39-4b6d-9dfb-fcbe33755c4f,Load Restraint Guideline Paper Reels in Tautliners,4dd1-509e-67e290d9----bb68-afdb00c8af51,Cristian Gonzalez,07/12/2025,17:24:39
Knowby Examples,c2fe7ef0-ed39-4b6d-9dfb-fcbe33755c4f,Load Restraint Guideline Paper Reels in Tautliners,44ed-a978-e8d990e2----8b3d-aef900a6bb99,Robert Perez,24/11/2025,13:09:00
Knowby Examples,c2fe7ef0-ed39-4b6d-9dfb-fcbe33755c4f,Load Restraint Guideline Paper Reels in Tautliners,4ed4-864f-db17168a----9128-a3c9ddb6e3ea,Carol Jones,23/11/2025,12:11:02
Knowby Examples,c2fe7ef0-ed39-4b6d-9dfb-fcbe33755c4f,Load Restraint Guideline Paper Reels in Tautliners,4ed4-864f-db17168a----9128-a3c9ddb6e3ea,Carol Jones,23/11/2025,09:25:44
Knowby Examples,c2fe7ef0-ed39-4b6d-9dfb-fcbe33755c4f,Load Restraint Guideline Paper Reels in Tautliners,4ed4-864f-db17168a----9128-a3c9ddb6e3ea,Carol Jones,23/11/2025,12:57:49
Knowby Examples,c2fe7ef0-ed39-4b6d-9dfb-fcbe33755c4f,Load Restraint Guideline Paper Reels in Tautliners,4ed4-864f-db17168a----9128-a3c9ddb6e3ea,Carol Jones,23/11/2025,17:21:12
Knowby Examples,c2fe7ef0-ed39-4b6d-9dfb-fcbe33755c4f,Load Restraint Guideline Paper Reels in Tautliners,4ed4-864f-db17168a----9128-a3c9ddb6e3ea,Carol Jones,23/11/2025,11:38:06
Knowby Examples,c2fe7ef0-ed39-4b6d-9dfb-fcbe33755c4f,Load Restraint Guideline Paper Reels in Tautliners,4ed4-864f-db17168a----9128-a3c9ddb6e3ea,Carol Jones,23/11/2024,09:44:26
Knowby Examples,c2fe7ef0-ed39-4b6d-9dfb-fcbe33755c4f,Load Restraint Guideline Paper Reels in Tautliners,4ed4-864f-db17168a----9128-a3c9ddb6e3ea,Carol Jones,23/11/2025,14:58:46
Knowby Examples,c2fe7ef0-ed39-4b6d-9dfb-fcbe33755c4f,Load Restraint Guideline Paper Reels in Tautliners,4ed4-864f-db17168a----9128-a3c9ddb6e3ea,Carol Jones,23/11/2025,17:36:43
Knowby Examples,0077fb61-23a1-4ca0-821d-b29874b16822,SAFE WORK PROCEDURES – SWP 91  MILLING MACHINE,4dd1-509e-67e290d9----bb68-afdb00c8af51,Cristian Gonzalez,07/12/2025,11:08:16
Knowby Examples,0077fb61-23a1-4ca0-821d-b29874b16822,SAFE WORK PROCEDURES – SWP 91  MILLING MACHINE,44ed-a978-e8d990e2----8b3d-aef900a6bb99,Robert Perez,22/07/2025,12:11:29
Knowby Examples,0077fb61-23a1-4ca0-821d-b29874b16822,SAFE WORK PROCEDURES – SWP 91  MILLING MACHINE,4ed4-864f-db17168a----9128-a3c9ddb6e3ea,Carol Jones,23/11/2025,13:11:14
Knowby Examples,0077fb61-23a1-4ca0-821d-b29874b16822,SAFE WORK PROCEDURES – SWP 91  MILLING MACHINE,4ed4-864f-db17168a----9128-a3c9ddb6e3ea,Carol Jones,23/11/2025,13:32:40
Knowby Examples,0077fb61-23a1-4ca0-821d-b29874b16822,SAFE WORK PROCEDURES – SWP 91  MILLING MACHINE,4ed1-affe-79057836----9ea2-adc551671be2,John Terrell,25/07/2025,10:40:22
Knowby Examples,0077fb61-23a1-4ca0-821d-b29874b16822,SAFE WORK PROCEDURES – SWP 91  MILLING MACHINE,409d-3bdc-4417dd91----8aea-d6ea712d295b,Lisa Reeves,16/04/2025,14:33:06
Knowby Examples,b6b01b08-2c79-43ec-9dd0-019d3dff12df,Cardboard Bales Load Restraint Procedure –  Walking Floor,4dd1-509e-67e290d9----bb68-afdb00c8af51,Cristian Gonzalez,07/12/2025,12:25:34
Knowby Examples,b6b01b08-2c79-43ec-9dd0-019d3dff12df,Cardboard Bales Load Restraint Procedure –  Walking Floor,44ed-a978-e8d990e2----8b3d-aef900a6bb99,Robert Perez,23/11/2024,15:33:34
Knowby Examples,b6b01b08-2c79-43ec-9dd0-019d3dff12df,Cardboard Bales Load Restraint Procedure –  Walking Floor,4ed4-864f-db17168a----9128-a3c9ddb6e3ea,Carol Jones,23/11/2025,11:44:39
Knowby Examples,b6b01b08-2c79-43ec-9dd0-019d3dff12df,Cardboard Bales Load Restraint Procedure –  Walking Floor,4d1a-2d52-b574cc8e----b6c0-af3b0075112b,Melanie Wilson,12/04/2025,12:33:46
Knowby Examples,1d094030-758d-4958-b7d4-251cca04e8ac,PRO SOS1 Robot Setup SOP,4405-d6f6-e37511ad----906f-aefa00b1a961,Jeffrey Brown,28/11/2025,12:40:59
Knowby Examples,1d094030-758d-4958-b7d4-251cca04e8ac,PRO SOS1 Robot Setup SOP,4ed4-864f-db17168a----9128-a3c9ddb6e3ea,Carol Jones,23/11/2024,10:16:29
Knowby Examples,1d094030-758d-4958-b7d4-251cca04e8ac,PRO SOS1 Robot Setup SOP,4ed4-864f-db17168a----9128-a3c9ddb6e3ea,Carol Jones,23/11/2025,09:24:49
Knowby Examples,1d094030-758d-4958-b7d4-251cca04e8ac,PRO SOS1 Robot Setup SOP,4ed4-864f-db17168a----9128-a3c9ddb6e3ea,Carol Jones,23/11/2025,11:09:21
Knowby Examples,1752ea65-3118-4910-89ad-69265a527c8f,Container Door Safety Strap,4dd1-509e-67e290d9----bb68-afdb00c8af51,Cristian Gonzalez,07/12/2025,15:28:47
Knowby Examples,1752ea65-3118-4910-89ad-69265a527c8f,Container Door Safety Strap,4dd1-509e-67e290d9----bb68-afdb00c8af51,Cristian Gonzalez,07/12/2025,14:23:28
Knowby Examples,1752ea65-3118-4910-89ad-69265a527c8f,Container Door Safety Strap,44ed-a978-e8d990e2----8b3d-aef900a6bb99,Robert Perez,21/04/2025,15:25:02
Knowby Examples,1752ea65-3118-4910-89ad-69265a527c8f,Container Door Safety Strap,44ed-a978-e8d990e2----8b3d-aef900a6bb99,Robert Perez,08/06/2025,12:32:57
Knowby Examples,1752ea65-3118-4910-89ad-69265a527c8f,Container Door Safety Strap,4ed4-864f-db17168a----9128-a3c9ddb6e3ea,Carol Jones,23/11/2025,15:41:43
Knowby Examples,1752ea65-3118-4910-89ad-69265a527c8f,Container Door Safety Strap,4ed4-864f-db17168a----9128-a3c9ddb6e3ea,Carol Jones,23/11/2024,17:32:02
Knowby Examples,eb82dde7-5a26-470a-808c-034450ca761a,QMS Pallet Inverter Operation Procedure,4dd1-509e-67e290d9----bb68-afdb00c8af51,Cristian Gonzalez,07/12/2024,09:20:26
Knowby Examples,eb82dde7-5a26-470a-808c-034450ca761a,QMS Pallet Inverter Operation Procedure,4dd1-509e-67e290d9----bb68-afdb00c8af51,Cristian Gonzalez,07/12/2025,17:47:35
Knowby Examples,eb82dde7-5a26-470a-808c-034450ca761a,QMS Pallet Inverter Operation Procedure,4ed4-864f-db17168a----9128-a3c9ddb6e3ea,Carol Jones,23/11/2025,16:27:24
Knowby Examples,eb82dde7-5a26-470a-808c-034450ca761a,QMS Pallet Inverter Operation Procedure,4e42-3ecf-a947652f----8d8f-1b0d973d1bbf,Robert Taylor,02/12/2024,15:35:48
Knowby Examples,290e1cf8-1788-4f5f-8d07-ab8125762a08,How To Install A Shade Sail,4405-d6f6-e37511ad----906f-aefa00b1a961,Jeffrey Brown,22/11/2025,13:06:26
Knowby Examples,290e1cf8-1788-4f5f-8d07-ab8125762a08,How To Install A Shade Sail,44ed-a978-e8d990e2----8b3d-aef900a6bb99,Robert Perez,21/11/2025,09:04:39
Knowby Examples,290e1cf8-1788-4f5f-8d07-ab8125762a08,How To Install A Shade Sail,44ed-a978-e8d990e2----8b3d-aef900a6bb99,Robert Perez,24/11/2025,08:02:58
Knowby Examples,290e1cf8-1788-4f5f-8d07-ab8125762a08,How To Install A Shade Sail,4914-2a5d-4168c436----a2ed-6c37a6669db1,Jordan Myers,12/08/2025,15:35:14
Knowby Examples,290e1cf8-1788-4f5f-8d07-ab8125762a08,How To Install A Shade Sail,4d1a-2d52-b574cc8e----b6c0-af3b0075112b,Melanie Wilson,12/04/2025,10:00:45
Knowby Examples,6d11222a-f46b-45fa-b89b-243b94d455ab,IKEA Kitchen Installation Guide ,4dd1-509e-67e290d9----bb68-afdb00c8af51,Cristian Gonzalez,28/11/2025,10:06:35
Knowby Examples,6d11222a-f46b-45fa-b89b-243b94d455ab,IKEA Kitchen Installation Guide ,4dd1-509e-67e290d9----bb68-afdb00c8af51,Cristian Gonzalez,29/11/2025,08:13:59
Knowby Examples,6d11222a-f46b-45fa-b89b-243b94d455ab,IKEA Kitchen Installation Guide ,4dd1-509e-67e290d9----bb68-afdb00c8af51,Cristian Gonzalez,29/11/2025,13:02:35
Knowby Examples,6d11222a-f46b-45fa-b89b-243b94d455ab,IKEA Kitchen Installation Guide ,4dd1-509e-67e290d9----bb68-afdb00c8af51,Cristian Gonzalez,29/11/2025,17:03:43
Knowby Examples,6d11222a-f46b-45fa-b89b-243b94d455ab,IKEA Kitchen Installation Guide ,4d2c-583f-adfb71a0----947b-af0c00af8d6b,Adriana Sanders,29/11/2025,08:05:50
Knowby Examples,6d11222a-f46b-45fa-b89b-243b94d455ab,IKEA Kitchen Installation Guide ,4d2c-583f-adfb71a0----947b-af0c00af8d6b,Adriana Sanders,12/05/2025,10:33:57
Knowby Examples,6d11222a-f46b-45fa-b89b-243b94d455ab,IKEA Kitchen Installation Guide ,4405-d6f6-e37511ad----906f-aefa00b1a961,Jeffrey Brown,28/11/2025,13:59:41
Knowby Examples,6d11222a-f46b-45fa-b89b-243b94d455ab,IKEA Kitchen Installation Guide ,48fc-570a-dbd3e909----bad2-525647cdf75e,Jonathan Lopez,29/11/2025,13:43:06
Knowby Examples,6d11222a-f46b-45fa-b89b-243b94d455ab,IKEA Kitchen Installation Guide ,44ed-a978-e8d990e2----8b3d-aef900a6bb99,Robert Perez,28/11/2025,09:38:56
Knowby Examples,6d11222a-f46b-45fa-b89b-243b94d455ab,IKEA Kitchen Installation Guide ,44ed-a978-e8d990e2----8b3d-aef900a6bb99,Robert Perez,28/11/2025,08:16:20
Knowby Examples,6d11222a-f46b-45fa-b89b-243b94d455ab,IKEA Kitchen Installation Guide ,44ed-a978-e8d990e2----8b3d-aef900a6bb99,Robert Perez,29/11/2025,12:41:22
Knowby Examples,6d11222a-f46b-45fa-b89b-243b94d455ab,IKEA Kitchen Installation Guide ,44ed-a978-e8d990e2----8b3d-aef900a6bb99,Robert Perez,29/11/2025,17:46:54
Knowby Examples,6d11222a-f46b-45fa-b89b-243b94d455ab,IKEA Kitchen Installation Guide ,44ed-a978-e8d990e2----8b3d-aef900a6bb99,Robert Perez,29/11/2025,14:17:18
Knowby Examples,6d11222a-f46b-45fa-b89b-243b94d455ab,IKEA Kitchen Installation Guide ,44ed-a978-e8d990e2----8b3d-aef900a6bb99,Robert Perez,30/11/2025,11:51:11
Knowby Examples,6d11222a-f46b-45fa-b89b-243b94d455ab,IKEA Kitchen Installation Guide ,44ed-a978-e8d990e2----8b3d-aef900a6bb99,Robert Perez,30/11/2024,14:26:05
Knowby Examples,6d11222a-f46b-45fa-b89b-243b94d455ab,IKEA Kitchen Installation Guide ,4ed4-864f-db17168a----9128-a3c9ddb6e3ea,Carol Jones,25/11/2025,16:56:20
Knowby Examples,6d11222a-f46b-45fa-b89b-243b94d455ab,IKEA Kitchen Installation Guide ,4ed4-864f-db17168a----9128-a3c9ddb6e3ea,Carol Jones,25/11/2025,11:56:03
Knowby Examples,6d11222a-f46b-45fa-b89b-243b94d455ab,IKEA Kitchen Installation Guide ,4ed4-864f-db17168a----9128-a3c9ddb6e3ea,Carol Jones,26/11/2024,16:11:28
Knowby Examples,6d11222a-f46b-45fa-b89b-243b94d455ab,IKEA Kitchen Installation Guide ,4ed4-864f-db17168a----9128-a3c9ddb6e3ea,Carol Jones,26/11/2025,17:04:00
Knowby Examples,6d11222a-f46b-45fa-b89b-243b94d455ab,IKEA Kitchen Installation Guide ,4ed4-864f-db17168a----9128-a3c9ddb6e3ea,Carol Jones,27/11/2025,08:42:46
Knowby Examples,6d11222a-f46b-45fa-b89b-243b94d455ab,IKEA Kitchen Installation Guide ,4e42-3ecf-a947652f----8d8f-1b0d973d1bbf,Robert Taylor,13/02/2025,14:57:22
Knowby Examples,6d11222a-f46b-45fa-b89b-243b94d455ab,IKEA Kitchen Installation Guide ,4d1a-2d52-b574cc8e----b6c0-af3b0075112b,Melanie Wilson,30/11/2024,09:33:22
Knowby Examples,6d11222a-f46b-45fa-b89b-243b94d455ab,IKEA Kitchen Installation Guide ,4d1a-2d52-b574cc8e----b6c0-af3b0075112b,Melanie Wilson,30/11/2025,17:10:05
Knowby Examples,6d11222a-f46b-45fa-b89b-243b94d455ab,IKEA Kitchen Installation Guide ,4d1a-2d52-b574cc8e----b6c0-af3b0075112b,Melanie Wilson,12/04/2024,15:12:14
Knowby Examples,6d11222a-f46b-45fa-b89b-243b94d455ab,IKEA Kitchen Installation Guide ,4d1a-2d52-b574cc8e----b6c0-af3b0075112b,Melanie Wilson,12/04/2025,11:54:52
Knowby Examples,6d11222a-f46b-45fa-b89b-243b94d455ab,IKEA Kitchen Installation Guide ,4d1a-2d52-b574cc8e----b6c0-af3b0075112b,Melanie Wilson,14/12/2025,11:16:20
Knowby Examples,3c79d5da-3371-422e-b64f-ef9eb077a842,Beat the Heat,4dd1-509e-67e290d9----bb68-afdb00c8af51,Cristian Gonzalez,11/02/2025,08:58:10
Knowby Examples,3c79d5da-3371-422e-b64f-ef9eb077a842,Beat the Heat,4dd1-509e-67e290d9----bb68-afdb00c8af51,Cristian Gonzalez,11/02/2024,15:30:09
Knowby Examples,3c79d5da-3371-422e-b64f-ef9eb077a842,Beat the Heat,4dd1-509e-67e290d9----bb68-afdb00c8af51,Cristian Gonzalez,11/06/2025,11:54:29
Knowby Examples,3c79d5da-3371-422e-b64f-ef9eb077a842,Beat the Heat,4dd1-509e-67e290d9----bb68-afdb00c8af51,Cristian Gonzalez,11/06/2025,09:24:40
Knowby Examples,3c79d5da-3371-422e-b64f-ef9eb077a842,Beat the Heat,4dd1-509e-67e290d9----bb68-afdb00c8af51,Cristian Gonzalez,11/06/2025,14:01:59
Knowby Examples,3c79d5da-3371-422e-b64f-ef9eb077a842,Beat the Heat,44ed-a978-e8d990e2----8b3d-aef900a6bb99,Robert Perez,11/09/2025,17:11:41
Knowby Examples,3c79d5da-3371-422e-b64f-ef9eb077a842,Beat the Heat,4ed4-864f-db17168a----9128-a3c9ddb6e3ea,Carol Jones,11/01/2024,09:44:37
Knowby Examples,3c79d5da-3371-422e-b64f-ef9eb077a842,Beat the Heat,4ed4-864f-db17168a----9128-a3c9ddb6e3ea,Carol Jones,11/01/2024,12:50:31
Knowby Examples,3c79d5da-3371-422e-b64f-ef9eb077a842,Beat the Heat,4ed4-864f-db17168a----9128-a3c9ddb6e3ea,Carol Jones,11/01/2025,08:06:53
Knowby Examples,3c79d5da-3371-422e-b64f-ef9eb077a842,Beat the Heat,4ed4-864f-db17168a----9128-a3c9ddb6e3ea,Carol Jones,11/01/2025,16:48:57
Knowby Examples,3c79d5da-3371-422e-b64f-ef9eb077a842,Beat the Heat,4ed4-864f-db17168a----9128-a3c9ddb6e3ea,Carol Jones,11/01/2024,09:44:51
Knowby Examples,3c79d5da-3371-422e-b64f-ef9eb077a842,Beat the Heat,4ed4-864f-db17168a----9128-a3c9ddb6e3ea,Carol Jones,11/01/2025,17:58:52
Knowby Examples,3c79d5da-3371-422e-b64f-ef9eb077a842,Beat the Heat,4f16-eda6-7db766e9----bc66-af8100c46bb3,Jared Foster,21/05/2025,09:33:00
Knowby Examples,31b662d9-f983-4cfb-8df0-162320cc01d5,General Bushfire Preparation Tips,4dd1-509e-67e290d9----bb68-afdb00c8af51,Cristian Gonzalez,11/02/2024,09:52:57
Knowby Examples,31b662d9-f983-4cfb-8df0-162320cc01d5,General Bushfire Preparation Tips,4dd1-509e-67e290d9----bb68-afdb00c8af51,Cristian Gonzalez,11/02/2024,09:27:25
Knowby Examples,31b662d9-f983-4cfb-8df0-162320cc01d5,General Bushfire Preparation Tips,4dd1-509e-67e290d9----bb68-afdb00c8af51,Cristian Gonzalez,07/02/2025,08:13:58
Knowby Examples,31b662d9-f983-4cfb-8df0-162320cc01d5,General Bushfire Preparation Tips,44ed-a978-e8d990e2----8b3d-aef900a6bb99,Robert Perez,20/11/2025,17:19:21
Knowby Examples,31b662d9-f983-4cfb-8df0-162320cc01d5,General Bushfire Preparation Tips,44ed-a978-e8d990e2----8b3d-aef900a6bb99,Robert Perez,27/11/2025,10:31:52
Knowby Examples,31b662d9-f983-4cfb-8df0-162320cc01d5,General Bushfire Preparation Tips,44ed-a978-e8d990e2----8b3d-aef900a6bb99,Robert Perez,12/01/2025,12:50:53
Knowby Examples,31b662d9-f983-4cfb-8df0-162320cc01d5,General Bushfire Preparation Tips,4ed4-864f-db17168a----9128-a3c9ddb6e3ea,Carol Jones,11/01/2024,14:51:46
Knowby Examples,31b662d9-f983-4cfb-8df0-162320cc01d5,General Bushfire Preparation Tips,4ed4-864f-db17168a----9128-a3c9ddb6e3ea,Carol Jones,11/01/2025,12:55:24
Knowby Examples,31b662d9-f983-4cfb-8df0-162320cc01d5,General Bushfire Preparation Tips,4ed4-864f-db17168a----9128-a3c9ddb6e3ea,Carol Jones,11/01/2025,16:52:00
Knowby Examples,31b662d9-f983-4cfb-8df0-162320cc01d5,General Bushfire Preparation Tips,4ed4-864f-db17168a----9128-a3c9ddb6e3ea,Carol Jones,11/01/2024,15:15:20
Knowby Examples,31b662d9-f983-4cfb-8df0-162320cc01d5,General Bushfire Preparation Tips,4ed4-864f-db17168a----9128-a3c9ddb6e3ea,Carol Jones,11/01/2025,14:51:59
Knowby Examples,31b662d9-f983-4cfb-8df0-162320cc01d5,General Bushfire Preparation Tips,4ed4-864f-db17168a----9128-a3c9ddb6e3ea,Carol Jones,11/02/2025,17:56:01
Knowby Examples,782516e5-e00a-4d13-a632-e7267b271886,Tips for Dealing with Wildfire Smoke,4dd1-509e-67e290d9----bb68-afdb00c8af51,Cristian Gonzalez,11/02/2025,15:58:53
Knowby Examples,782516e5-e00a-4d13-a632-e7267b271886,Tips for Dealing with Wildfire Smoke,4ed4-864f-db17168a----9128-a3c9ddb6e3ea,Carol Jones,11/01/2025,09:31:07
Knowby Examples,782516e5-e00a-4d13-a632-e7267b271886,Tips for Dealing with Wildfire Smoke,4ed4-864f-db17168a----9128-a3c9ddb6e3ea,Carol Jones,11/01/2024,15:56:56
Knowby Examples,782516e5-e00a-4d13-a632-e7267b271886,Tips for Dealing with Wildfire Smoke,4ed4-864f-db17168a----9128-a3c9ddb6e3ea,Carol Jones,11/01/2024,08:28:37
Knowby Examples,9eaf771d-779f-45ca-bf33-a0907240ea96,Understanding Bushfire Alerts and Warnings,4dd1-509e-67e290d9----bb68-afdb00c8af51,Cristian Gonzalez,11/02/2025,14:26:06
Knowby Examples,9eaf771d-779f-45ca-bf33-a0907240ea96,Understanding Bushfire Alerts and Warnings,4dd1-509e-67e290d9----bb68-afdb00c8af51,Cristian Gonzalez,11/02/2025,08:52:15
Knowby Examples,9eaf771d-779f-45ca-bf33-a0907240ea96,Understanding Bushfire Alerts and Warnings,4dd1-509e-67e290d9----bb68-afdb00c8af51,Cristian Gonzalez,15/11/2025,12:00:54
Knowby Examples,9eaf771d-779f-45ca-bf33-a0907240ea96,Understanding Bushfire Alerts and Warnings,4dd1-509e-67e290d9----bb68-afdb00c8af51,Cristian Gonzalez,26/06/2025,16:47:55
Knowby Examples,9eaf771d-779f-45ca-bf33-a0907240ea96,Understanding Bushfire Alerts and Warnings,4dd1-509e-67e290d9----bb68-afdb00c8af51,Cristian Gonzalez,26/06/2025,12:10:21
Knowby Examples,9eaf771d-779f-45ca-bf33-a0907240ea96,Understanding Bushfire Alerts and Warnings,4dd1-509e-67e290d9----bb68-afdb00c8af51,Cristian Gonzalez,07/02/2025,16:21:25
Knowby Examples,9eaf771d-779f-45ca-bf33-a0907240ea96,Understanding Bushfire Alerts and Warnings,4d2c-583f-adfb71a0----947b-af0c00af8d6b,Adriana Sanders,19/11/2024,15:31:56
Knowby Examples,9eaf771d-779f-45ca-bf33-a0907240ea96,Understanding Bushfire Alerts and Warnings,44ed-a978-e8d990e2----8b3d-aef900a6bb99,Robert Perez,14/08/2025,13:17:55
Knowby Examples,9eaf771d-779f-45ca-bf33-a0907240ea96,Understanding Bushfire Alerts and Warnings,4ed4-864f-db17168a----9128-a3c9ddb6e3ea,Carol Jones,11/01/2025,08:29:38
Knowby Examples,9eaf771d-779f-45ca-bf33-a0907240ea96,Understanding Bushfire Alerts and Warnings,4ed4-864f-db17168a----9128-a3c9ddb6e3ea,Carol Jones,11/01/2025,16:59:44
Knowby Examples,9eaf771d-779f-45ca-bf33-a0907240ea96,Understanding Bushfire Alerts and Warnings,4ed4-864f-db17168a----9128-a3c9ddb6e3ea,Carol Jones,11/01/2025,10:40:11
Knowby Examples,9eaf771d-779f-45ca-bf33-a0907240ea96,Understanding Bushfire Alerts and Warnings,4ed4-864f-db17168a----9128-a3c9ddb6e3ea,Carol Jones,11/01/2025,10:38:16
Knowby Examples,308cd3a4-d1c0-4099-82cc-5254b5079f55,Preparing your home for bushfire,400d-dbe2-f01d079d----af6e-af3d005280aa,Rhonda Evans,05/07/2025,16:34:25
Knowby Examples,308cd3a4-d1c0-4099-82cc-5254b5079f55,Preparing your home for bushfire,4dd1-509e-67e290d9----bb68-afdb00c8af51,Cristian Gonzalez,11/02/2024,09:07:01
Knowby Examples,308cd3a4-d1c0-4099-82cc-5254b5079f55,Preparing your home for bushfire,4dd1-509e-67e290d9----bb68-afdb00c8af51,Cristian Gonzalez,15/11/2025,13:44:40
Knowby Examples,308cd3a4-d1c0-4099-82cc-5254b5079f55,Preparing your home for bushfire,4dd1-509e-67e290d9----bb68-afdb00c8af51,Cristian Gonzalez,05/10/2025,15:58:28
Knowby Examples,308cd3a4-d1c0-4099-82cc-5254b5079f55,Preparing your home for bushfire,4dd1-509e-67e290d9----bb68-afdb00c8af51,Cristian Gonzalez,26/06/2025,13:34:27
Knowby Examples,308cd3a4-d1c0-4099-82cc-5254b5079f55,Preparing your home for bushfire,4dd1-509e-67e290d9----bb68-afdb00c8af51,Cristian Gonzalez,07/02/2025,15:43:29
Knowby Examples,308cd3a4-d1c0-4099-82cc-5254b5079f55,Preparing your home for bushfire,44ed-a978-e8d990e2----8b3d-aef900a6bb99,Robert Perez,12/01/2025,12:18:28
Knowby Examples,308cd3a4-d1c0-4099-82cc-5254b5079f55,Preparing your home for bushfire,44ed-a978-e8d990e2----8b3d-aef900a6bb99,Robert Perez,14/08/2025,14:54:47
Knowby Examples,308cd3a4-d1c0-4099-82cc-5254b5079f55,Preparing your home for bushfire,44ed-a978-e8d990e2----8b3d-aef900a6bb99,Robert Perez,09/06/2025,15:16:15
Knowby Examples,308cd3a4-d1c0-4099-82cc-5254b5079f55,Preparing your home for bushfire,4ed4-864f-db17168a----9128-a3c9ddb6e3ea,Carol Jones,11/01/2025,15:41:15
Knowby Examples,308cd3a4-d1c0-4099-82cc-5254b5079f55,Preparing your home for bushfire,4ed4-864f-db17168a----9128-a3c9ddb6e3ea,Carol Jones,11/01/2025,10:29:03
Knowby Examples,308cd3a4-d1c0-4099-82cc-5254b5079f55,Preparing your home for bushfire,4ed4-864f-db17168a----9128-a3c9ddb6e3ea,Carol Jones,11/01/2025,14:49:29
Knowby Examples,308cd3a4-d1c0-4099-82cc-5254b5079f55,Preparing your home for bushfire,4ed4-864f-db17168a----9128-a3c9ddb6e3ea,Carol Jones,11/01/2025,09:01:32
Knowby Examples,308cd3a4-d1c0-4099-82cc-5254b5079f55,Preparing your home for bushfire,4ed4-864f-db17168a----9128-a3c9ddb6e3ea,Carol Jones,07/06/2025,09:23:21
Knowby Examples,911cba91-01c6-4d05-86d4-e2059cfce221,Auth0 -  integrate SAML logins with Auth0,4dd1-509e-67e290d9----bb68-afdb00c8af51,Cristian Gonzalez,09/06/2025,15:19:41
Knowby Examples,911cba91-01c6-4d05-86d4-e2059cfce221,Auth0 -  integrate SAML logins with Auth0,44ed-a978-e8d990e2----8b3d-aef900a6bb99,Robert Perez,15/09/2025,13:32:10
Knowby Examples,911cba91-01c6-4d05-86d4-e2059cfce221,Auth0 -  integrate SAML logins with Auth0,44ed-a978-e8d990e2----8b3d-aef900a6bb99,Robert Perez,14/11/2025,14:40:43
Knowby Examples,911cba91-01c6-4d05-86d4-e2059cfce221,Auth0 -  integrate SAML logins with Auth0,4ed4-864f-db17168a----9128-a3c9ddb6e3ea,Carol Jones,09/06/2025,16:21:50
Knowby Examples,911cba91-01c6-4d05-86d4-e2059cfce221,Auth0 -  integrate SAML logins with Auth0,4ed4-864f-db17168a----9128-a3c9ddb6e3ea,Carol Jones,09/06/2024,13:54:01
Knowby Examples,b8f8cd88-c719-4952-a3be-d9884f871e23,okta - Add users manually,44ed-a978-e8d990e2----8b3d-aef900a6bb99,Robert Perez,13/11/2025,10:52:56
Knowby Examples,b8f8cd88-c719-4952-a3be-d9884f871e23,okta - Add users manually,4ed4-864f-db17168a----9128-a3c9ddb6e3ea,Carol Jones,09/04/2025,10:35:21
Knowby Examples,b8f8cd88-c719-4952-a3be-d9884f871e23,okta - Add users manually,4ed4-864f-db17168a----9128-a3c9ddb6e3ea,Carol Jones,09/06/2025,14:32:51
Knowby Examples,b8f8cd88-c719-4952-a3be-d9884f871e23,okta - Add users manually,4ed4-864f-db17168a----9128-a3c9ddb6e3ea,Carol Jones,09/06/2025,17:58:32
Knowby Examples,b8f8cd88-c719-4952-a3be-d9884f871e23,okta - Add users manually,4ed4-864f-db17168a----9128-a3c9ddb6e3ea,Carol Jones,09/06/2025,08:13:38
Knowby Examples,f92743fb-7902-4078-a206-e9ded9b082fe,okta - Import users from an app,4dd1-509e-67e290d9----bb68-afdb00c8af51,Cristian Gonzalez,09/05/2024,17:20:53
Knowby Examples,f92743fb-7902-4078-a206-e9ded9b082fe,okta - Import users from an app,44ed-a978-e8d990e2----8b3d-aef900a6bb99,Robert Perez,18/10/2024,16:31:34
Knowby Examples,f92743fb-7902-4078-a206-e9ded9b082fe,okta - Import users from an app,4ed4-864f-db17168a----9128-a3c9ddb6e3ea,Carol Jones,09/04/2025,10:50:22
Knowby Examples,f92743fb-7902-4078-a206-e9ded9b082fe,okta - Import users from an app,4ed4-864f-db17168a----9128-a3c9ddb6e3ea,Carol Jones,09/06/2025,08:51:27
Knowby Examples,f92743fb-7902-4078-a206-e9ded9b082fe,okta - Import users from an app,4ed4-864f-db17168a----9128-a3c9ddb6e3ea,Carol Jones,09/06/2025,11:02:47
Knowby Examples,f92743fb-7902-4078-a206-e9ded9b082fe,okta - Import users from an app,4ed4-864f-db17168a----9128-a3c9ddb6e3ea,Carol Jones,09/06/2024,10:34:49
Knowby Examples,f92743fb-7902-4078-a206-e9ded9b082fe,okta - Import users from an app,4e42-3ecf-a947652f----8d8f-1b0d973d1bbf,Robert Taylor,17/01/2024,11:09:53
Knowby Examples,2a85f3be-5da0-42a3-a375-aab2885d2ee5,okta - How to Deactivate and Delete a User,4405-d6f6-e37511ad----906f-aefa00b1a961,Jeffrey Brown,10/09/2025,11:13:07
Knowby Examples,2a85f3be-5da0-42a3-a375-aab2885d2ee5,okta - How to Deactivate and Delete a User,4ed4-864f-db17168a----9128-a3c9ddb6e3ea,Carol Jones,09/04/2025,17:15:55
Knowby Examples,2a85f3be-5da0-42a3-a375-aab2885d2ee5,okta - How to Deactivate and Delete a User,4ed4-864f-db17168a----9128-a3c9ddb6e3ea,Carol Jones,09/04/2025,09:08:04
Knowby Examples,2a85f3be-5da0-42a3-a375-aab2885d2ee5,okta - How to Deactivate and Delete a User,4ed4-864f-db17168a----9128-a3c9ddb6e3ea,Carol Jones,09/04/2025,15:03:48
Knowby Examples,2a85f3be-5da0-42a3-a375-aab2885d2ee5,okta - How to Deactivate and Delete a User,4ed4-864f-db17168a----9128-a3c9ddb6e3ea,Carol Jones,09/06/2025,16:10:48
Knowby Examples,2a85f3be-5da0-42a3-a375-aab2885d2ee5,okta - How to Deactivate and Delete a User,4ed4-864f-db17168a----9128-a3c9ddb6e3ea,Carol Jones,09/06/2025,16:02:32
Knowby Examples,fee71ff4-b253-43f7-8afa-9c191d4a42c1,okta - Clear unconfirmed users,4dd1-509e-67e290d9----bb68-afdb00c8af51,Cristian Gonzalez,09/06/2025,15:43:05
Knowby Examples,fee71ff4-b253-43f7-8afa-9c191d4a42c1,okta - Clear unconfirmed users,44ed-a978-e8d990e2----8b3d-aef900a6bb99,Robert Perez,09/12/2025,17:07:46
Knowby Examples,fee71ff4-b253-43f7-8afa-9c191d4a42c1,okta - Clear unconfirmed users,4ed4-864f-db17168a----9128-a3c9ddb6e3ea,Carol Jones,09/04/2025,13:09:46
Knowby Examples,fee71ff4-b253-43f7-8afa-9c191d4a42c1,okta - Clear unconfirmed users,4ed4-864f-db17168a----9128-a3c9ddb6e3ea,Carol Jones,09/06/2024,11:26:24
Knowby Examples,fee71ff4-b253-43f7-8afa-9c191d4a42c1,okta - Clear unconfirmed users,4ed4-864f-db17168a----9128-a3c9ddb6e3ea,Carol Jones,09/06/2025,09:05:12
Knowby Examples,fee71ff4-b253-43f7-8afa-9c191d4a42c1,okta - Clear unconfirmed users,4ed4-864f-db17168a----9128-a3c9ddb6e3ea,Carol Jones,09/06/2025,12:28:47
Knowby Examples,fee71ff4-b253-43f7-8afa-9c191d4a42c1,okta - Clear unconfirmed users,4ed4-864f-db17168a----9128-a3c9ddb6e3ea,Carol Jones,23/11/2025,13:17:11
Knowby Examples,824103b6-193f-4f29-964f-3e4dae2e9f3a,okta - remove the “Request an App” button,4d2c-583f-adfb71a0----947b-af0c00af8d6b,Adriana Sanders,03/12/2025,13:07:31
Knowby Examples,824103b6-193f-4f29-964f-3e4dae2e9f3a,okta - remove the “Request an App” button,4ed4-864f-db17168a----9128-a3c9ddb6e3ea,Carol Jones,09/06/2025,12:30:40
Knowby Examples,824103b6-193f-4f29-964f-3e4dae2e9f3a,okta - remove the “Request an App” button,4ed4-864f-db17168a----9128-a3c9ddb6e3ea,Carol Jones,09/06/2025,10:20:48
Knowby Examples,03fa7d93-f6a0-4d2a-85ea-0bb564b306be,Fire Extinguisher Use  ,400d-dbe2-f01d079d----af6e-af3d005280aa,Rhonda Evans,22/04/2025,11:04:07
Knowby Examples,03fa7d93-f6a0-4d2a-85ea-0bb564b306be,Fire Extinguisher Use  ,4dd1-509e-67e290d9----bb68-afdb00c8af51,Cristian Gonzalez,09/05/2024,13:01:54
Knowby Examples,03fa7d93-f6a0-4d2a-85ea-0bb564b306be,Fire Extinguisher Use  ,4dd1-509e-67e290d9----bb68-afdb00c8af51,Cristian Gonzalez,09/05/2025,16:40:26
Knowby Examples,03fa7d93-f6a0-4d2a-85ea-0bb564b306be,Fire Extinguisher Use  ,4dd1-509e-67e290d9----bb68-afdb00c8af51,Cristian Gonzalez,09/05/2025,13:40:10
Knowby Examples,03fa7d93-f6a0-4d2a-85ea-0bb564b306be,Fire Extinguisher Use  ,4dd1-509e-67e290d9----bb68-afdb00c8af51,Cristian Gonzalez,09/05/2025,12:20:04
Knowby Examples,03fa7d93-f6a0-4d2a-85ea-0bb564b306be,Fire Extinguisher Use  ,4dd1-509e-67e290d9----bb68-afdb00c8af51,Cristian Gonzalez,09/05/2025,16:20:59
Knowby Examples,03fa7d93-f6a0-4d2a-85ea-0bb564b306be,Fire Extinguisher Use  ,4dd1-509e-67e290d9----bb68-afdb00c8af51,Cristian Gonzalez,09/05/2025,17:42:08
Knowby Examples,03fa7d93-f6a0-4d2a-85ea-0bb564b306be,Fire Extinguisher Use  ,4dd1-509e-67e290d9----bb68-afdb00c8af51,Cristian Gonzalez,09/05/2025,11:17:15
Knowby Examples,03fa7d93-f6a0-4d2a-85ea-0bb564b306be,Fire Extinguisher Use  ,4dd1-509e-67e290d9----bb68-afdb00c8af51,Cristian Gonzalez,09/05/2025,13:56:44
Knowby Examples,03fa7d93-f6a0-4d2a-85ea-0bb564b306be,Fire Extinguisher Use  ,4dd1-509e-67e290d9----bb68-afdb00c8af51,Cristian Gonzalez,09/05/2025,14:29:20
Knowby Examples,03fa7d93-f6a0-4d2a-85ea-0bb564b306be,Fire Extinguisher Use  ,4dd1-509e-67e290d9----bb68-afdb00c8af51,Cristian Gonzalez,09/05/2025,17:36:24
Knowby Examples,03fa7d93-f6a0-4d2a-85ea-0bb564b306be,Fire Extinguisher Use  ,4dd1-509e-67e290d9----bb68-afdb00c8af51,Cristian Gonzalez,09/05/2025,15:17:35
Knowby Examples,03fa7d93-f6a0-4d2a-85ea-0bb564b306be,Fire Extinguisher Use  ,4dd1-509e-67e290d9----bb68-afdb00c8af51,Cristian Gonzalez,09/05/2025,10:10:56
Knowby Examples,03fa7d93-f6a0-4d2a-85ea-0bb564b306be,Fire Extinguisher Use  ,4dd1-509e-67e290d9----bb68-afdb00c8af51,Cristian Gonzalez,09/06/2025,09:22:35
Knowby Examples,03fa7d93-f6a0-4d2a-85ea-0bb564b306be,Fire Extinguisher Use  ,4dd1-509e-67e290d9----bb68-afdb00c8af51,Cristian Gonzalez,09/06/2025,14:17:45
Knowby Examples,03fa7d93-f6a0-4d2a-85ea-0bb564b306be,Fire Extinguisher Use  ,4dd1-509e-67e290d9----bb68-afdb00c8af51,Cristian Gonzalez,09/06/2025,15:01:43
Knowby Examples,03fa7d93-f6a0-4d2a-85ea-0bb564b306be,Fire Extinguisher Use  ,4dd1-509e-67e290d9----bb68-afdb00c8af51,Cristian Gonzalez,09/06/2025,17:09:50
Knowby Examples,03fa7d93-f6a0-4d2a-85ea-0bb564b306be,Fire Extinguisher Use  ,4dd1-509e-67e290d9----bb68-afdb00c8af51,Cristian Gonzalez,09/07/2024,10:42:12
Knowby Examples,03fa7d93-f6a0-4d2a-85ea-0bb564b306be,Fire Extinguisher Use  ,4dd1-509e-67e290d9----bb68-afdb00c8af51,Cristian Gonzalez,09/07/2025,16:08:51
Knowby Examples,03fa7d93-f6a0-4d2a-85ea-0bb564b306be,Fire Extinguisher Use  ,4dd1-509e-67e290d9----bb68-afdb00c8af51,Cristian Gonzalez,09/07/2025,10:52:46
Knowby Examples,03fa7d93-f6a0-4d2a-85ea-0bb564b306be,Fire Extinguisher Use  ,4dd1-509e-67e290d9----bb68-afdb00c8af51,Cristian Gonzalez,09/07/2025,17:02:12
Knowby Examples,03fa7d93-f6a0-4d2a-85ea-0bb564b306be,Fire Extinguisher Use  ,4dd1-509e-67e290d9----bb68-afdb00c8af51,Cristian Gonzalez,09/07/2024,12:43:48
Knowby Examples,03fa7d93-f6a0-4d2a-85ea-0bb564b306be,Fire Extinguisher Use  ,4dd1-509e-67e290d9----bb68-afdb00c8af51,Cristian Gonzalez,09/11/2024,17:18:35
Knowby Examples,03fa7d93-f6a0-4d2a-85ea-0bb564b306be,Fire Extinguisher Use  ,4dd1-509e-67e290d9----bb68-afdb00c8af51,Cristian Gonzalez,15/09/2025,15:37:49
Knowby Examples,03fa7d93-f6a0-4d2a-85ea-0bb564b306be,Fire Extinguisher Use  ,4dd1-509e-67e290d9----bb68-afdb00c8af51,Cristian Gonzalez,15/09/2025,17:34:41
Knowby Examples,03fa7d93-f6a0-4d2a-85ea-0bb564b306be,Fire Extinguisher Use  ,4dd1-509e-67e290d9----bb68-afdb00c8af51,Cristian Gonzalez,19/09/2025,17:02:14
Knowby Examples,03fa7d93-f6a0-4d2a-85ea-0bb564b306be,Fire Extinguisher Use  ,4dd1-509e-67e290d9----bb68-afdb00c8af51,Cristian Gonzalez,20/09/2025,16:05:04
Knowby Examples,03fa7d93-f6a0-4d2a-85ea-0bb564b306be,Fire Extinguisher Use  ,4dd1-509e-67e290d9----bb68-afdb00c8af51,Cristian Gonzalez,21/09/2025,13:55:07
Knowby Examples,03fa7d93-f6a0-4d2a-85ea-0bb564b306be,Fire Extinguisher Use  ,4dd1-509e-67e290d9----bb68-afdb00c8af51,Cristian Gonzalez,22/09/2025,09:53:57
Knowby Examples,03fa7d93-f6a0-4d2a-85ea-0bb564b306be,Fire Extinguisher Use  ,4dd1-509e-67e290d9----bb68-afdb00c8af51,Cristian Gonzalez,22/09/2025,17:11:59
Knowby Examples,03fa7d93-f6a0-4d2a-85ea-0bb564b306be,Fire Extinguisher Use  ,4dd1-509e-67e290d9----bb68-afdb00c8af51,Cristian Gonzalez,10/03/2025,13:45:21
Knowby Examples,03fa7d93-f6a0-4d2a-85ea-0bb564b306be,Fire Extinguisher Use  ,4dd1-509e-67e290d9----bb68-afdb00c8af51,Cristian Gonzalez,10/06/2025,11:19:04
Knowby Examples,03fa7d93-f6a0-4d2a-85ea-0bb564b306be,Fire Extinguisher Use  ,4dd1-509e-67e290d9----bb68-afdb00c8af51,Cristian Gonzalez,31/10/2025,13:04:46
Knowby Examples,03fa7d93-f6a0-4d2a-85ea-0bb564b306be,Fire Extinguisher Use  ,4dd1-509e-67e290d9----bb68-afdb00c8af51,Cristian Gonzalez,31/10/2025,15:00:59
Knowby Examples,03fa7d93-f6a0-4d2a-85ea-0bb564b306be,Fire Extinguisher Use  ,4dd1-509e-67e290d9----bb68-afdb00c8af51,Cristian Gonzalez,31/10/2025,17:06:32
Knowby Examples,03fa7d93-f6a0-4d2a-85ea-0bb564b306be,Fire Extinguisher Use  ,4dd1-509e-67e290d9----bb68-afdb00c8af51,Cristian Gonzalez,31/10/2025,11:15:04
Knowby Examples,03fa7d93-f6a0-4d2a-85ea-0bb564b306be,Fire Extinguisher Use  ,4dd1-509e-67e290d9----bb68-afdb00c8af51,Cristian Gonzalez,31/10/2025,11:51:09
Knowby Examples,03fa7d93-f6a0-4d2a-85ea-0bb564b306be,Fire Extinguisher Use  ,4dd1-509e-67e290d9----bb68-afdb00c8af51,Cristian Gonzalez,31/10/2025,09:39:19
Knowby Examples,03fa7d93-f6a0-4d2a-85ea-0bb564b306be,Fire Extinguisher Use  ,4dd1-509e-67e290d9----bb68-afdb00c8af51,Cristian Gonzalez,31/10/2025,15:18:53
Knowby Examples,03fa7d93-f6a0-4d2a-85ea-0bb564b306be,Fire Extinguisher Use  ,4dd1-509e-67e290d9----bb68-afdb00c8af51,Cristian Gonzalez,31/10/2025,16:32:31
Knowby Examples,03fa7d93-f6a0-4d2a-85ea-0bb564b306be,Fire Extinguisher Use  ,4dd1-509e-67e290d9----bb68-afdb00c8af51,Cristian Gonzalez,31/10/2024,11:29:55
Knowby Examples,03fa7d93-f6a0-4d2a-85ea-0bb564b306be,Fire Extinguisher Use  ,4dd1-509e-67e290d9----bb68-afdb00c8af51,Cristian Gonzalez,31/10/2025,10:05:50
Knowby Examples,03fa7d93-f6a0-4d2a-85ea-0bb564b306be,Fire Extinguisher Use  ,4dd1-509e-67e290d9----bb68-afdb00c8af51,Cristian Gonzalez,31/10/2025,17:55:38
Knowby Examples,03fa7d93-f6a0-4d2a-85ea-0bb564b306be,Fire Extinguisher Use  ,4dd1-509e-67e290d9----bb68-afdb00c8af51,Cristian Gonzalez,31/10/2025,10:08:17
Knowby Examples,03fa7d93-f6a0-4d2a-85ea-0bb564b306be,Fire Extinguisher Use  ,4dd1-509e-67e290d9----bb68-afdb00c8af51,Cristian Gonzalez,31/10/2024,08:47:55
Knowby Examples,03fa7d93-f6a0-4d2a-85ea-0bb564b306be,Fire Extinguisher Use  ,4dd1-509e-67e290d9----bb68-afdb00c8af51,Cristian Gonzalez,31/10/2025,16:11:53
Knowby Examples,03fa7d93-f6a0-4d2a-85ea-0bb564b306be,Fire Extinguisher Use  ,4dd1-509e-67e290d9----bb68-afdb00c8af51,Cristian Gonzalez,31/10/2025,16:51:47
Knowby Examples,03fa7d93-f6a0-4d2a-85ea-0bb564b306be,Fire Extinguisher Use  ,4dd1-509e-67e290d9----bb68-afdb00c8af51,Cristian Gonzalez,11/06/2025,15:30:40
Knowby Examples,03fa7d93-f6a0-4d2a-85ea-0bb564b306be,Fire Extinguisher Use  ,4dd1-509e-67e290d9----bb68-afdb00c8af51,Cristian Gonzalez,11/06/2025,15:22:18
Knowby Examples,03fa7d93-f6a0-4d2a-85ea-0bb564b306be,Fire Extinguisher Use  ,4dd1-509e-67e290d9----bb68-afdb00c8af51,Cristian Gonzalez,11/06/2025,16:54:19
Knowby Examples,03fa7d93-f6a0-4d2a-85ea-0bb564b306be,Fire Extinguisher Use  ,4dd1-509e-67e290d9----bb68-afdb00c8af51,Cristian Gonzalez,11/06/2025,08:20:44
Knowby Examples,03fa7d93-f6a0-4d2a-85ea-0bb564b306be,Fire Extinguisher Use  ,4dd1-509e-67e290d9----bb68-afdb00c8af51,Cristian Gonzalez,11/06/2025,17:31:37
Knowby Examples,03fa7d93-f6a0-4d2a-85ea-0bb564b306be,Fire Extinguisher Use  ,4dd1-509e-67e290d9----bb68-afdb00c8af51,Cristian Gonzalez,11/06/2025,11:18:31
Knowby Examples,03fa7d93-f6a0-4d2a-85ea-0bb564b306be,Fire Extinguisher Use  ,4dd1-509e-67e290d9----bb68-afdb00c8af51,Cristian Gonzalez,11/06/2025,09:35:14
Knowby Examples,03fa7d93-f6a0-4d2a-85ea-0bb564b306be,Fire Extinguisher Use  ,4dd1-509e-67e290d9----bb68-afdb00c8af51,Cristian Gonzalez,14/11/2025,08:04:50
Knowby Examples,03fa7d93-f6a0-4d2a-85ea-0bb564b306be,Fire Extinguisher Use  ,4dd1-509e-67e290d9----bb68-afdb00c8af51,Cristian Gonzalez,14/11/2025,11:25:24
Knowby Examples,03fa7d93-f6a0-4d2a-85ea-0bb564b306be,Fire Extinguisher Use  ,4dd1-509e-67e290d9----bb68-afdb00c8af51,Cristian Gonzalez,14/11/2025,09:21:31
Knowby Examples,03fa7d93-f6a0-4d2a-85ea-0bb564b306be,Fire Extinguisher Use  ,4dd1-509e-67e290d9----bb68-afdb00c8af51,Cristian Gonzalez,26/06/2024,11:59:49
Knowby Examples,03fa7d93-f6a0-4d2a-85ea-0bb564b306be,Fire Extinguisher Use  ,4dd1-509e-67e290d9----bb68-afdb00c8af51,Cristian Gonzalez,31/07/2025,12:30:26
Knowby Examples,03fa7d93-f6a0-4d2a-85ea-0bb564b306be,Fire Extinguisher Use  ,4dd1-509e-67e290d9----bb68-afdb00c8af51,Cristian Gonzalez,09/04/2025,14:57:43
Knowby Examples,03fa7d93-f6a0-4d2a-85ea-0bb564b306be,Fire Extinguisher Use  ,4ea3-2234-ee1de7e0----99b4-aefa00ae2eab,William Wilkinson,09/05/2025,10:13:40
Knowby Examples,03fa7d93-f6a0-4d2a-85ea-0bb564b306be,Fire Extinguisher Use  ,4ea3-2234-ee1de7e0----99b4-aefa00ae2eab,William Wilkinson,09/05/2025,12:02:13
Knowby Examples,03fa7d93-f6a0-4d2a-85ea-0bb564b306be,Fire Extinguisher Use  ,4ea3-2234-ee1de7e0----99b4-aefa00ae2eab,William Wilkinson,09/05/2024,08:34:17
Knowby Examples,03fa7d93-f6a0-4d2a-85ea-0bb564b306be,Fire Extinguisher Use  ,4ea3-2234-ee1de7e0----99b4-aefa00ae2eab,William Wilkinson,09/05/2025,10:23:47
Knowby Examples,03fa7d93-f6a0-4d2a-85ea-0bb564b306be,Fire Extinguisher Use  ,4ea3-2234-ee1de7e0----99b4-aefa00ae2eab,William Wilkinson,09/05/2025,11:26:58
Knowby Examples,03fa7d93-f6a0-4d2a-85ea-0bb564b306be,Fire Extinguisher Use  ,4ea3-2234-ee1de7e0----99b4-aefa00ae2eab,William Wilkinson,09/05/2025,09:37:51
Knowby Examples,03fa7d93-f6a0-4d2a-85ea-0bb564b306be,Fire Extinguisher Use  ,4ea3-2234-ee1de7e0----99b4-aefa00ae2eab,William Wilkinson,09/05/2025,12:19:00
Knowby Examples,03fa7d93-f6a0-4d2a-85ea-0bb564b306be,Fire Extinguisher Use  ,4ea3-2234-ee1de7e0----99b4-aefa00ae2eab,William Wilkinson,09/05/2025,09:34:11
Knowby Examples,03fa7d93-f6a0-4d2a-85ea-0bb564b306be,Fire Extinguisher Use  ,4405-d6f6-e37511ad----906f-aefa00b1a961,Jeffrey Brown,09/05/2025,15:30:23
Knowby Examples,03fa7d93-f6a0-4d2a-85ea-0bb564b306be,Fire Extinguisher Use  ,4405-d6f6-e37511ad----906f-aefa00b1a961,Jeffrey Brown,19/09/2025,17:38:34
Knowby Examples,03fa7d93-f6a0-4d2a-85ea-0bb564b306be,Fire Extinguisher Use  ,4405-d6f6-e37511ad----906f-aefa00b1a961,Jeffrey Brown,20/09/2025,10:46:42
Knowby Examples,03fa7d93-f6a0-4d2a-85ea-0bb564b306be,Fire Extinguisher Use  ,4405-d6f6-e37511ad----906f-aefa00b1a961,Jeffrey Brown,20/09/2025,10:36:55
Knowby Examples,03fa7d93-f6a0-4d2a-85ea-0bb564b306be,Fire Extinguisher Use  ,4405-d6f6-e37511ad----906f-aefa00b1a961,Jeffrey Brown,20/09/2025,10:09:42
Knowby Examples,03fa7d93-f6a0-4d2a-85ea-0bb564b306be,Fire Extinguisher Use  ,4327-393b-53cbdfde----b9a4-aef900aa92ef,Kenneth Landry,09/05/2025,08:33:54
Knowby Examples,03fa7d93-f6a0-4d2a-85ea-0bb564b306be,Fire Extinguisher Use  ,4327-393b-53cbdfde----b9a4-aef900aa92ef,Kenneth Landry,09/05/2025,10:55:28
Knowby Examples,03fa7d93-f6a0-4d2a-85ea-0bb564b306be,Fire Extinguisher Use  ,4327-393b-53cbdfde----b9a4-aef900aa92ef,Kenneth Landry,19/09/2025,14:48:07
Knowby Examples,03fa7d93-f6a0-4d2a-85ea-0bb564b306be,Fire Extinguisher Use  ,4327-393b-53cbdfde----b9a4-aef900aa92ef,Kenneth Landry,19/09/2025,16:42:43
Knowby Examples,03fa7d93-f6a0-4d2a-85ea-0bb564b306be,Fire Extinguisher Use  ,4327-393b-53cbdfde----b9a4-aef900aa92ef,Kenneth Landry,21/09/2025,14:31:12
Knowby Examples,03fa7d93-f6a0-4d2a-85ea-0bb564b306be,Fire Extinguisher Use  ,4327-393b-53cbdfde----b9a4-aef900aa92ef,Kenneth Landry,11/02/2025,08:01:06
Knowby Examples,03fa7d93-f6a0-4d2a-85ea-0bb564b306be,Fire Extinguisher Use  ,44ed-a978-e8d990e2----8b3d-aef900a6bb99,Robert Perez,09/05/2025,15:27:12
Knowby Examples,03fa7d93-f6a0-4d2a-85ea-0bb564b306be,Fire Extinguisher Use  ,44ed-a978-e8d990e2----8b3d-aef900a6bb99,Robert Perez,20/09/2025,09:20:52
Knowby Examples,03fa7d93-f6a0-4d2a-85ea-0bb564b306be,Fire Extinguisher Use  ,44ed-a978-e8d990e2----8b3d-aef900a6bb99,Robert Perez,20/09/2025,15:15:16
Knowby Examples,03fa7d93-f6a0-4d2a-85ea-0bb564b306be,Fire Extinguisher Use  ,44ed-a978-e8d990e2----8b3d-aef900a6bb99,Robert Perez,21/09/2025,13:30:53
Knowby Examples,03fa7d93-f6a0-4d2a-85ea-0bb564b306be,Fire Extinguisher Use  ,44ed-a978-e8d990e2----8b3d-aef900a6bb99,Robert Perez,28/10/2025,13:50:44
Knowby Examples,03fa7d93-f6a0-4d2a-85ea-0bb564b306be,Fire Extinguisher Use  ,4ed4-864f-db17168a----9128-a3c9ddb6e3ea,Carol Jones,31/08/2024,10:23:05
Knowby Examples,03fa7d93-f6a0-4d2a-85ea-0bb564b306be,Fire Extinguisher Use  ,4ed4-864f-db17168a----9128-a3c9ddb6e3ea,Carol Jones,31/08/2025,08:30:14
Knowby Examples,03fa7d93-f6a0-4d2a-85ea-0bb564b306be,Fire Extinguisher Use  ,4ed4-864f-db17168a----9128-a3c9ddb6e3ea,Carol Jones,31/08/2025,12:28:50
Knowby Examples,03fa7d93-f6a0-4d2a-85ea-0bb564b306be,Fire Extinguisher Use  ,4ed4-864f-db17168a----9128-a3c9ddb6e3ea,Carol Jones,09/02/2025,09:02:49
Knowby Examples,03fa7d93-f6a0-4d2a-85ea-0bb564b306be,Fire Extinguisher Use  ,4ed4-864f-db17168a----9128-a3c9ddb6e3ea,Carol Jones,09/05/2025,17:57:48
Knowby Examples,03fa7d93-f6a0-4d2a-85ea-0bb564b306be,Fire Extinguisher Use  ,4ed4-864f-db17168a----9128-a3c9ddb6e3ea,Carol Jones,09/05/2025,16:59:45
Knowby Examples,03fa7d93-f6a0-4d2a-85ea-0bb564b306be,Fire Extinguisher Use  ,4ed4-864f-db17168a----9128-a3c9ddb6e3ea,Carol Jones,09/05/2025,17:02:38
Knowby Examples,03fa7d93-f6a0-4d2a-85ea-0bb564b306be,Fire Extinguisher Use  ,4ed4-864f-db17168a----9128-a3c9ddb6e3ea,Carol Jones,09/05/2025,12:14:44
Knowby Examples,03fa7d93-f6a0-4d2a-85ea-0bb564b306be,Fire Extinguisher Use  ,4ed4-864f-db17168a----9128-a3c9ddb6e3ea,Carol Jones,09/05/2025,16:01:41
Knowby Examples,03fa7d93-f6a0-4d2a-85ea-0bb564b306be,Fire Extinguisher Use  ,4ed4-864f-db17168a----9128-a3c9ddb6e3ea,Carol Jones,22/09/2025,13:28:49
Knowby Examples,03fa7d93-f6a0-4d2a-85ea-0bb564b306be,Fire Extinguisher Use  ,4ed4-864f-db17168a----9128-a3c9ddb6e3ea,Carol Jones,10/11/2025,13:36:56
Knowby Examples,03fa7d93-f6a0-4d2a-85ea-0bb564b306be,Fire Extinguisher Use  ,4ed4-864f-db17168a----9128-a3c9ddb6e3ea,Carol Jones,11/09/2024,15:19:45
Knowby Examples,03fa7d93-f6a0-4d2a-85ea-0bb564b306be,Fire Extinguisher Use  ,4ed4-864f-db17168a----9128-a3c9ddb6e3ea,Carol Jones,18/04/2025,15:03:03
Knowby Examples,03fa7d93-f6a0-4d2a-85ea-0bb564b306be,Fire Extinguisher Use  ,4ed4-864f-db17168a----9128-a3c9ddb6e3ea,Carol Jones,07/03/2025,12:54:05
Knowby Examples,03fa7d93-f6a0-4d2a-85ea-0bb564b306be,Fire Extinguisher Use  ,4ed4-864f-db17168a----9128-a3c9ddb6e3ea,Carol Jones,07/05/2025,16:17:47
Knowby Examples,03fa7d93-f6a0-4d2a-85ea-0bb564b306be,Fire Extinguisher Use  ,4c04-1f6e-c5f93f8b----8f17-af55017e4678,Brian Schultz,09/05/2024,17:16:43
Knowby Examples,03fa7d93-f6a0-4d2a-85ea-0bb564b306be,Fire Extinguisher Use  ,4c04-1f6e-c5f93f8b----8f17-af55017e4678,Brian Schultz,09/05/2024,13:52:27
Knowby Examples,03fa7d93-f6a0-4d2a-85ea-0bb564b306be,Fire Extinguisher Use  ,4c04-1f6e-c5f93f8b----8f17-af55017e4678,Brian Schultz,09/05/2025,13:32:42
Knowby Examples,03fa7d93-f6a0-4d2a-85ea-0bb564b306be,Fire Extinguisher Use  ,4c04-1f6e-c5f93f8b----8f17-af55017e4678,Brian Schultz,09/05/2025,10:50:17
Knowby Examples,82785b2a-f1e4-4398-a2d4-7e4fcc28db4e,Auth0 - customize the login process with “Rules” ,4dd1-509e-67e290d9----bb68-afdb00c8af51,Cristian Gonzalez,13/09/2025,17:54:08
Knowby Examples,82785b2a-f1e4-4398-a2d4-7e4fcc28db4e,Auth0 - customize the login process with “Rules” ,4d2c-583f-adfb71a0----947b-af0c00af8d6b,Adriana Sanders,17/05/2025,17:12:44
Knowby Examples,82785b2a-f1e4-4398-a2d4-7e4fcc28db4e,Auth0 - customize the login process with “Rules” ,44ed-a978-e8d990e2----8b3d-aef900a6bb99,Robert Perez,15/09/2025,13:38:01
Knowby Examples,82785b2a-f1e4-4398-a2d4-7e4fcc28db4e,Auth0 - customize the login process with “Rules” ,44ed-a978-e8d990e2----8b3d-aef900a6bb99,Robert Perez,20/09/2025,11:44:40
Knowby Examples,82785b2a-f1e4-4398-a2d4-7e4fcc28db4e,Auth0 - customize the login process with “Rules” ,44ed-a978-e8d990e2----8b3d-aef900a6bb99,Robert Perez,18/10/2025,09:40:40
Knowby Examples,82785b2a-f1e4-4398-a2d4-7e4fcc28db4e,Auth0 - customize the login process with “Rules” ,44ed-a978-e8d990e2----8b3d-aef900a6bb99,Robert Perez,18/10/2025,12:56:06
Knowby Examples,82785b2a-f1e4-4398-a2d4-7e4fcc28db4e,Auth0 - customize the login process with “Rules” ,44ed-a978-e8d990e2----8b3d-aef900a6bb99,Robert Perez,19/10/2025,16:48:52
Knowby Examples,82785b2a-f1e4-4398-a2d4-7e4fcc28db4e,Auth0 - customize the login process with “Rules” ,44ed-a978-e8d990e2----8b3d-aef900a6bb99,Robert Perez,19/10/2025,16:06:21
Knowby Examples,82785b2a-f1e4-4398-a2d4-7e4fcc28db4e,Auth0 - customize the login process with “Rules” ,4ed4-864f-db17168a----9128-a3c9ddb6e3ea,Carol Jones,09/06/2025,11:26:32
Knowby Examples,82785b2a-f1e4-4398-a2d4-7e4fcc28db4e,Auth0 - customize the login process with “Rules” ,4ed4-864f-db17168a----9128-a3c9ddb6e3ea,Carol Jones,09/06/2025,16:11:53
Knowby Examples,82785b2a-f1e4-4398-a2d4-7e4fcc28db4e,Auth0 - customize the login process with “Rules” ,4ed4-864f-db17168a----9128-a3c9ddb6e3ea,Carol Jones,20/11/2024,17:39:29
Knowby Examples,82785b2a-f1e4-4398-a2d4-7e4fcc28db4e,Auth0 - customize the login process with “Rules” ,46c1-3356-6e368907----9cbd-7fef344c8555,Lindsey Ross,13/08/2025,09:47:13
Knowby Examples,0bf1b6c7-e917-4b38-8e5f-134fff5aa3ed,Creating a part with TouchProfile ,44ed-a978-e8d990e2----8b3d-aef900a6bb99,Robert Perez,07/10/2025,14:05:53
Knowby Examples,0bf1b6c7-e917-4b38-8e5f-134fff5aa3ed,Creating a part with TouchProfile ,4ed4-864f-db17168a----9128-a3c9ddb6e3ea,Carol Jones,23/11/2025,12:43:36
Knowby Examples,0bf1b6c7-e917-4b38-8e5f-134fff5aa3ed,Creating a part with TouchProfile ,4ed4-864f-db17168a----9128-a3c9ddb6e3ea,Carol Jones,23/11/2024,10:39:04
Knowby Examples,0bf1b6c7-e917-4b38-8e5f-134fff5aa3ed,Creating a part with TouchProfile ,4ed4-864f-db17168a----9128-a3c9ddb6e3ea,Carol Jones,24/11/2025,17:38:52
Knowby Examples,0bf1b6c7-e917-4b38-8e5f-134fff5aa3ed,Creating a part with TouchProfile ,4ed4-864f-db17168a----9128-a3c9ddb6e3ea,Carol Jones,24/11/2025,17:27:18
Knowby Examples,0bf1b6c7-e917-4b38-8e5f-134fff5aa3ed,Creating a part with TouchProfile ,4ed4-864f-db17168a----9128-a3c9ddb6e3ea,Carol Jones,25/11/2025,11:59:15
Knowby Examples,647d76e8-8a92-4a4b-86f0-083225c6caed,Swedish Meatballs - with some adjustments 😁,400d-dbe2-f01d079d----af6e-af3d005280aa,Rhonda Evans,05/08/2025,09:11:10
Knowby Examples,647d76e8-8a92-4a4b-86f0-083225c6caed,Swedish Meatballs - with some adjustments 😁,400d-dbe2-f01d079d----af6e-af3d005280aa,Rhonda Evans,05/08/2025,08:09:12
Knowby Examples,647d76e8-8a92-4a4b-86f0-083225c6caed,Swedish Meatballs - with some adjustments 😁,400d-dbe2-f01d079d----af6e-af3d005280aa,Rhonda Evans,05/08/2024,09:42:27
Knowby Examples,647d76e8-8a92-4a4b-86f0-083225c6caed,Swedish Meatballs - with some adjustments 😁,400d-dbe2-f01d079d----af6e-af3d005280aa,Rhonda Evans,05/08/2025,10:29:34
Knowby Examples,647d76e8-8a92-4a4b-86f0-083225c6caed,Swedish Meatballs - with some adjustments 😁,400d-dbe2-f01d079d----af6e-af3d005280aa,Rhonda Evans,05/08/2025,09:29:36
Knowby Examples,647d76e8-8a92-4a4b-86f0-083225c6caed,Swedish Meatballs - with some adjustments 😁,400d-dbe2-f01d079d----af6e-af3d005280aa,Rhonda Evans,05/08/2024,10:39:33
Knowby Examples,647d76e8-8a92-4a4b-86f0-083225c6caed,Swedish Meatballs - with some adjustments 😁,400d-dbe2-f01d079d----af6e-af3d005280aa,Rhonda Evans,05/08/2025,09:15:17
Knowby Examples,647d76e8-8a92-4a4b-86f0-083225c6caed,Swedish Meatballs - with some adjustments 😁,400d-dbe2-f01d079d----af6e-af3d005280aa,Rhonda Evans,05/08/2025,09:54:25
Knowby Examples,647d76e8-8a92-4a4b-86f0-083225c6caed,Swedish Meatballs - with some adjustments 😁,400d-dbe2-f01d079d----af6e-af3d005280aa,Rhonda Evans,05/08/2025,13:09:58
Knowby Examples,647d76e8-8a92-4a4b-86f0-083225c6caed,Swedish Meatballs - with some adjustments 😁,400d-dbe2-f01d079d----af6e-af3d005280aa,Rhonda Evans,05/08/2024,09:02:53
Knowby Examples,647d76e8-8a92-4a4b-86f0-083225c6caed,Swedish Meatballs - with some adjustments 😁,400d-dbe2-f01d079d----af6e-af3d005280aa,Rhonda Evans,05/09/2025,09:31:37
Knowby Examples,647d76e8-8a92-4a4b-86f0-083225c6caed,Swedish Meatballs - with some adjustments 😁,400d-dbe2-f01d079d----af6e-af3d005280aa,Rhonda Evans,05/09/2024,09:00:29
Knowby Examples,647d76e8-8a92-4a4b-86f0-083225c6caed,Swedish Meatballs - with some adjustments 😁,400d-dbe2-f01d079d----af6e-af3d005280aa,Rhonda Evans,05/09/2025,10:07:21
Knowby Examples,647d76e8-8a92-4a4b-86f0-083225c6caed,Swedish Meatballs - with some adjustments 😁,400d-dbe2-f01d079d----af6e-af3d005280aa,Rhonda Evans,05/09/2025,09:51:58
Knowby Examples,647d76e8-8a92-4a4b-86f0-083225c6caed,Swedish Meatballs - with some adjustments 😁,400d-dbe2-f01d079d----af6e-af3d005280aa,Rhonda Evans,05/09/2025,10:23:48
Knowby Examples,647d76e8-8a92-4a4b-86f0-083225c6caed,Swedish Meatballs - with some adjustments 😁,400d-dbe2-f01d079d----af6e-af3d005280aa,Rhonda Evans,05/09/2025,14:36:32
Knowby Examples,647d76e8-8a92-4a4b-86f0-083225c6caed,Swedish Meatballs - with some adjustments 😁,400d-dbe2-f01d079d----af6e-af3d005280aa,Rhonda Evans,05/09/2025,13:41:02
Knowby Examples,647d76e8-8a92-4a4b-86f0-083225c6caed,Swedish Meatballs - with some adjustments 😁,400d-dbe2-f01d079d----af6e-af3d005280aa,Rhonda Evans,05/09/2024,14:12:31
Knowby Examples,647d76e8-8a92-4a4b-86f0-083225c6caed,Swedish Meatballs - with some adjustments 😁,400d-dbe2-f01d079d----af6e-af3d005280aa,Rhonda Evans,05/09/2025,09:47:35
Knowby Examples,647d76e8-8a92-4a4b-86f0-083225c6caed,Swedish Meatballs - with some adjustments 😁,400d-dbe2-f01d079d----af6e-af3d005280aa,Rhonda Evans,05/11/2025,10:18:09
Knowby Examples,647d76e8-8a92-4a4b-86f0-083225c6caed,Swedish Meatballs - with some adjustments 😁,4dd1-509e-67e290d9----bb68-afdb00c8af51,Cristian Gonzalez,05/09/2025,17:51:23
Knowby Examples,647d76e8-8a92-4a4b-86f0-083225c6caed,Swedish Meatballs - with some adjustments 😁,4dd1-509e-67e290d9----bb68-afdb00c8af51,Cristian Gonzalez,05/09/2025,10:43:58
Knowby Examples,647d76e8-8a92-4a4b-86f0-083225c6caed,Swedish Meatballs - with some adjustments 😁,4dd1-509e-67e290d9----bb68-afdb00c8af51,Cristian Gonzalez,05/10/2025,08:55:07
Knowby Examples,647d76e8-8a92-4a4b-86f0-083225c6caed,Swedish Meatballs - with some adjustments 😁,4dd1-509e-67e290d9----bb68-afdb00c8af51,Cristian Gonzalez,07/02/2025,14:49:26
Knowby Examples,647d76e8-8a92-4a4b-86f0-083225c6caed,Swedish Meatballs - with some adjustments 😁,4d2c-583f-adfb71a0----947b-af0c00af8d6b,Adriana Sanders,14/06/2025,11:19:31
Knowby Examples,647d76e8-8a92-4a4b-86f0-083225c6caed,Swedish Meatballs - with some adjustments 😁,4d2c-583f-adfb71a0----947b-af0c00af8d6b,Adriana Sanders,14/08/2025,16:41:12
Knowby Examples,647d76e8-8a92-4a4b-86f0-083225c6caed,Swedish Meatballs - with some adjustments 😁,44ed-a978-e8d990e2----8b3d-aef900a6bb99,Robert Perez,05/09/2024,13:26:35
Knowby Examples,647d76e8-8a92-4a4b-86f0-083225c6caed,Swedish Meatballs - with some adjustments 😁,44ed-a978-e8d990e2----8b3d-aef900a6bb99,Robert Perez,16/05/2025,15:36:00
Knowby Examples,647d76e8-8a92-4a4b-86f0-083225c6caed,Swedish Meatballs - with some adjustments 😁,44ed-a978-e8d990e2----8b3d-aef900a6bb99,Robert Perez,16/05/2024,16:29:22
Knowby Examples,647d76e8-8a92-4a4b-86f0-083225c6caed,Swedish Meatballs - with some adjustments 😁,44ed-a978-e8d990e2----8b3d-aef900a6bb99,Robert Perez,10/07/2025,12:53:59
Knowby Examples,647d76e8-8a92-4a4b-86f0-083225c6caed,Swedish Meatballs - with some adjustments 😁,4ed4-864f-db17168a----9128-a3c9ddb6e3ea,Carol Jones,18/06/2025,14:29:38
Knowby Examples,647d76e8-8a92-4a4b-86f0-083225c6caed,Swedish Meatballs - with some adjustments 😁,4e42-3ecf-a947652f----8d8f-1b0d973d1bbf,Robert Taylor,02/12/2025,11:14:19
Knowby Examples,64b5c17a-b00c-4867-afbf-4cb02ade7c53,Procure to Pay - Create Purchase Requisition  ,4dd1-509e-67e290d9----bb68-afdb00c8af51,Cristian Gonzalez,31/07/2024,14:52:30
Knowby Examples,64b5c17a-b00c-4867-afbf-4cb02ade7c53,Procure to Pay - Create Purchase Requisition  ,4dd1-509e-67e290d9----bb68-afdb00c8af51,Cristian Gonzalez,31/07/2025,10:54:07
Knowby Examples,64b5c17a-b00c-4867-afbf-4cb02ade7c53,Procure to Pay - Create Purchase Requisition  ,4dd1-509e-67e290d9----bb68-afdb00c8af51,Cristian Gonzalez,31/07/2025,08:55:38
Knowby Examples,64b5c17a-b00c-4867-afbf-4cb02ade7c53,Procure to Pay - Create Purchase Requisition  ,4dd1-509e-67e290d9----bb68-afdb00c8af51,Cristian Gonzalez,29/08/2025,16:16:04
Knowby Examples,64b5c17a-b00c-4867-afbf-4cb02ade7c53,Procure to Pay - Create Purchase Requisition  ,4dd1-509e-67e290d9----bb68-afdb00c8af51,Cristian Gonzalez,13/09/2025,10:12:47
Knowby Examples,64b5c17a-b00c-4867-afbf-4cb02ade7c53,Procure to Pay - Create Purchase Requisition  ,4dd1-509e-67e290d9----bb68-afdb00c8af51,Cristian Gonzalez,23/11/2025,10:13:28
Knowby Examples,64b5c17a-b00c-4867-afbf-4cb02ade7c53,Procure to Pay - Create Purchase Requisition  ,4dd1-509e-67e290d9----bb68-afdb00c8af51,Cristian Gonzalez,23/11/2025,10:38:23
Knowby Examples,64b5c17a-b00c-4867-afbf-4cb02ade7c53,Procure to Pay - Create Purchase Requisition  ,4dd1-509e-67e290d9----bb68-afdb00c8af51,Cristian Gonzalez,24/11/2025,16:27:36
Knowby Examples,64b5c17a-b00c-4867-afbf-4cb02ade7c53,Procure to Pay - Create Purchase Requisition  ,4dd1-509e-67e290d9----bb68-afdb00c8af51,Cristian Gonzalez,24/11/2025,17:33:57
Knowby Examples,64b5c17a-b00c-4867-afbf-4cb02ade7c53,Procure to Pay - Create Purchase Requisition  ,4dd1-509e-67e290d9----bb68-afdb00c8af51,Cristian Gonzalez,24/11/2025,13:39:06
Knowby Examples,64b5c17a-b00c-4867-afbf-4cb02ade7c53,Procure to Pay - Create Purchase Requisition  ,4dd1-509e-67e290d9----bb68-afdb00c8af51,Cristian Gonzalez,24/11/2025,08:30:06
Knowby Examples,64b5c17a-b00c-4867-afbf-4cb02ade7c53,Procure to Pay - Create Purchase Requisition  ,4dd1-509e-67e290d9----bb68-afdb00c8af51,Cristian Gonzalez,24/11/2025,09:52:02
Knowby Examples,64b5c17a-b00c-4867-afbf-4cb02ade7c53,Procure to Pay - Create Purchase Requisition  ,4dd1-509e-67e290d9----bb68-afdb00c8af51,Cristian Gonzalez,05/10/2025,16:55:22
Knowby Examples,64b5c17a-b00c-4867-afbf-4cb02ade7c53,Procure to Pay - Create Purchase Requisition  ,4dd1-509e-67e290d9----bb68-afdb00c8af51,Cristian Gonzalez,05/10/2025,16:26:54
Knowby Examples,64b5c17a-b00c-4867-afbf-4cb02ade7c53,Procure to Pay - Create Purchase Requisition  ,4d2c-583f-adfb71a0----947b-af0c00af8d6b,Adriana Sanders,15/12/2025,10:54:04
Knowby Examples,64b5c17a-b00c-4867-afbf-4cb02ade7c53,Procure to Pay - Create Purchase Requisition  ,4327-393b-53cbdfde----b9a4-aef900aa92ef,Kenneth Landry,21/09/2024,14:11:56
Knowby Examples,64b5c17a-b00c-4867-afbf-4cb02ade7c53,Procure to Pay - Create Purchase Requisition  ,4327-393b-53cbdfde----b9a4-aef900aa92ef,Kenneth Landry,21/09/2025,09:21:52
Knowby Examples,64b5c17a-b00c-4867-afbf-4cb02ade7c53,Procure to Pay - Create Purchase Requisition  ,44ed-a978-e8d990e2----8b3d-aef900a6bb99,Robert Perez,31/07/2025,14:07:42
Knowby Examples,64b5c17a-b00c-4867-afbf-4cb02ade7c53,Procure to Pay - Create Purchase Requisition  ,44ed-a978-e8d990e2----8b3d-aef900a6bb99,Robert Perez,08/02/2025,14:11:30
Knowby Examples,64b5c17a-b00c-4867-afbf-4cb02ade7c53,Procure to Pay - Create Purchase Requisition  ,44ed-a978-e8d990e2----8b3d-aef900a6bb99,Robert Perez,08/03/2024,17:18:32
Knowby Examples,64b5c17a-b00c-4867-afbf-4cb02ade7c53,Procure to Pay - Create Purchase Requisition  ,44ed-a978-e8d990e2----8b3d-aef900a6bb99,Robert Perez,30/08/2025,15:20:40
Knowby Examples,64b5c17a-b00c-4867-afbf-4cb02ade7c53,Procure to Pay - Create Purchase Requisition  ,44ed-a978-e8d990e2----8b3d-aef900a6bb99,Robert Perez,30/08/2025,13:51:37
Knowby Examples,64b5c17a-b00c-4867-afbf-4cb02ade7c53,Procure to Pay - Create Purchase Requisition  ,44ed-a978-e8d990e2----8b3d-aef900a6bb99,Robert Perez,31/08/2025,15:01:50
Knowby Examples,64b5c17a-b00c-4867-afbf-4cb02ade7c53,Procure to Pay - Create Purchase Requisition  ,44ed-a978-e8d990e2----8b3d-aef900a6bb99,Robert Perez,31/08/2025,10:03:35
Knowby Examples,64b5c17a-b00c-4867-afbf-4cb02ade7c53,Procure to Pay - Create Purchase Requisition  ,44ed-a978-e8d990e2----8b3d-aef900a6bb99,Robert Perez,31/08/2025,16:34:15
Knowby Examples,64b5c17a-b00c-4867-afbf-4cb02ade7c53,Procure to Pay - Create Purchase Requisition  ,44ed-a978-e8d990e2----8b3d-aef900a6bb99,Robert Perez,31/08/2025,08:22:00
Knowby Examples,64b5c17a-b00c-4867-afbf-4cb02ade7c53,Procure to Pay - Create Purchase Requisition  ,44ed-a978-e8d990e2----8b3d-aef900a6bb99,Robert Perez,31/08/2025,10:22:47
Knowby Examples,64b5c17a-b00c-4867-afbf-4cb02ade7c53,Procure to Pay - Create Purchase Requisition  ,44ed-a978-e8d990e2----8b3d-aef900a6bb99,Robert Perez,09/01/2025,17:19:26
Knowby Examples,64b5c17a-b00c-4867-afbf-4cb02ade7c53,Procure to Pay - Create Purchase Requisition  ,44ed-a978-e8d990e2----8b3d-aef900a6bb99,Robert Perez,09/01/2025,09:35:22
Knowby Examples,64b5c17a-b00c-4867-afbf-4cb02ade7c53,Procure to Pay - Create Purchase Requisition  ,44ed-a978-e8d990e2----8b3d-aef900a6bb99,Robert Perez,09/01/2025,10:39:15
Knowby Examples,64b5c17a-b00c-4867-afbf-4cb02ade7c53,Procure to Pay - Create Purchase Requisition  ,44ed-a978-e8d990e2----8b3d-aef900a6bb99,Robert Perez,09/11/2025,14:59:31
Knowby Examples,64b5c17a-b00c-4867-afbf-4cb02ade7c53,Procure to Pay - Create Purchase Requisition  ,44ed-a978-e8d990e2----8b3d-aef900a6bb99,Robert Perez,14/09/2025,16:54:40
Knowby Examples,64b5c17a-b00c-4867-afbf-4cb02ade7c53,Procure to Pay - Create Purchase Requisition  ,44ed-a978-e8d990e2----8b3d-aef900a6bb99,Robert Perez,20/09/2025,09:31:44
Knowby Examples,64b5c17a-b00c-4867-afbf-4cb02ade7c53,Procure to Pay - Create Purchase Requisition  ,44ed-a978-e8d990e2----8b3d-aef900a6bb99,Robert Perez,20/09/2025,10:53:47
Knowby Examples,64b5c17a-b00c-4867-afbf-4cb02ade7c53,Procure to Pay - Create Purchase Requisition  ,44ed-a978-e8d990e2----8b3d-aef900a6bb99,Robert Perez,17/10/2025,11:25:16
Knowby Examples,64b5c17a-b00c-4867-afbf-4cb02ade7c53,Procure to Pay - Create Purchase Requisition  ,44ed-a978-e8d990e2----8b3d-aef900a6bb99,Robert Perez,19/10/2025,12:54:12
Knowby Examples,64b5c17a-b00c-4867-afbf-4cb02ade7c53,Procure to Pay - Create Purchase Requisition  ,44ed-a978-e8d990e2----8b3d-aef900a6bb99,Robert Perez,19/10/2025,16:40:55
Knowby Examples,64b5c17a-b00c-4867-afbf-4cb02ade7c53,Procure to Pay - Create Purchase Requisition  ,44ed-a978-e8d990e2----8b3d-aef900a6bb99,Robert Perez,11/06/2025,14:08:37
Knowby Examples,64b5c17a-b00c-4867-afbf-4cb02ade7c53,Procure to Pay - Create Purchase Requisition  ,44ed-a978-e8d990e2----8b3d-aef900a6bb99,Robert Perez,20/11/2025,14:30:25
Knowby Examples,64b5c17a-b00c-4867-afbf-4cb02ade7c53,Procure to Pay - Create Purchase Requisition  ,44ed-a978-e8d990e2----8b3d-aef900a6bb99,Robert Perez,20/11/2024,10:06:51
Knowby Examples,64b5c17a-b00c-4867-afbf-4cb02ade7c53,Procure to Pay - Create Purchase Requisition  ,44ed-a978-e8d990e2----8b3d-aef900a6bb99,Robert Perez,22/11/2025,10:24:02
Knowby Examples,64b5c17a-b00c-4867-afbf-4cb02ade7c53,Procure to Pay - Create Purchase Requisition  ,44ed-a978-e8d990e2----8b3d-aef900a6bb99,Robert Perez,07/03/2025,14:44:37
Knowby Examples,64b5c17a-b00c-4867-afbf-4cb02ade7c53,Procure to Pay - Create Purchase Requisition  ,4ed4-864f-db17168a----9128-a3c9ddb6e3ea,Carol Jones,23/11/2025,08:35:56
Knowby Examples,64b5c17a-b00c-4867-afbf-4cb02ade7c53,Procure to Pay - Create Purchase Requisition  ,4ed4-864f-db17168a----9128-a3c9ddb6e3ea,Carol Jones,23/11/2024,08:52:51
Knowby Examples,224eb52f-3ff0-4240-8079-d7cfa6aff477,Use Case Examples ,4dd1-509e-67e290d9----bb68-afdb00c8af51,Cristian Gonzalez,07/10/2024,14:39:53
Knowby Examples,224eb52f-3ff0-4240-8079-d7cfa6aff477,Use Case Examples ,4d2c-583f-adfb71a0----947b-af0c00af8d6b,Adriana Sanders,05/05/2025,09:54:47
Knowby Examples,224eb52f-3ff0-4240-8079-d7cfa6aff477,Use Case Examples ,4d2c-583f-adfb71a0----947b-af0c00af8d6b,Adriana Sanders,06/09/2025,09:28:33
Knowby Examples,224eb52f-3ff0-4240-8079-d7cfa6aff477,Use Case Examples ,411c-f567-2e4c7697----90d9-1cccc21596a3,Regina Evans,11/07/2025,13:35:38
Knowby Examples,224eb52f-3ff0-4240-8079-d7cfa6aff477,Use Case Examples ,411c-f567-2e4c7697----90d9-1cccc21596a3,Regina Evans,21/01/2025,08:26:40
Knowby Examples,224eb52f-3ff0-4240-8079-d7cfa6aff477,Use Case Examples ,44ed-a978-e8d990e2----8b3d-aef900a6bb99,Robert Perez,21/04/2025,08:26:42
Knowby Examples,224eb52f-3ff0-4240-8079-d7cfa6aff477,Use Case Examples ,44ed-a978-e8d990e2----8b3d-aef900a6bb99,Robert Perez,05/10/2025,08:24:58
Knowby Examples,224eb52f-3ff0-4240-8079-d7cfa6aff477,Use Case Examples ,44ed-a978-e8d990e2----8b3d-aef900a6bb99,Robert Perez,05/10/2025,08:47:57
Knowby Examples,224eb52f-3ff0-4240-8079-d7cfa6aff477,Use Case Examples ,44ed-a978-e8d990e2----8b3d-aef900a6bb99,Robert Perez,07/08/2025,15:41:33
Knowby Examples,224eb52f-3ff0-4240-8079-d7cfa6aff477,Use Case Examples ,44ed-a978-e8d990e2----8b3d-aef900a6bb99,Robert Perez,07/10/2025,08:53:06
Knowby Examples,224eb52f-3ff0-4240-8079-d7cfa6aff477,Use Case Examples ,44ed-a978-e8d990e2----8b3d-aef900a6bb99,Robert Perez,15/08/2025,15:30:26
Knowby Examples,224eb52f-3ff0-4240-8079-d7cfa6aff477,Use Case Examples ,4ed4-864f-db17168a----9128-a3c9ddb6e3ea,Carol Jones,17/04/2025,11:08:12
Knowby Examples,224eb52f-3ff0-4240-8079-d7cfa6aff477,Use Case Examples ,4ed4-864f-db17168a----9128-a3c9ddb6e3ea,Carol Jones,07/05/2025,10:11:09
Knowby Examples,0da7b527-7320-43bb-ad8e-98ac8ab7bd83,Charging your EV with AMPCHARGE ,4dd1-509e-67e290d9----bb68-afdb00c8af51,Cristian Gonzalez,05/09/2025,08:08:38
Knowby Examples,0da7b527-7320-43bb-ad8e-98ac8ab7bd83,Charging your EV with AMPCHARGE ,4dd1-509e-67e290d9----bb68-afdb00c8af51,Cristian Gonzalez,05/10/2025,13:49:34
Knowby Examples,0da7b527-7320-43bb-ad8e-98ac8ab7bd83,Charging your EV with AMPCHARGE ,4dd1-509e-67e290d9----bb68-afdb00c8af51,Cristian Gonzalez,05/10/2025,14:02:28
Knowby Examples,0da7b527-7320-43bb-ad8e-98ac8ab7bd83,Charging your EV with AMPCHARGE ,4dd1-509e-67e290d9----bb68-afdb00c8af51,Cristian Gonzalez,05/10/2025,14:37:39
Knowby Examples,0da7b527-7320-43bb-ad8e-98ac8ab7bd83,Charging your EV with AMPCHARGE ,4dd1-509e-67e290d9----bb68-afdb00c8af51,Cristian Gonzalez,06/06/2025,12:50:01
Knowby Examples,0da7b527-7320-43bb-ad8e-98ac8ab7bd83,Charging your EV with AMPCHARGE ,4dd1-509e-67e290d9----bb68-afdb00c8af51,Cristian Gonzalez,13/06/2025,15:17:02
Knowby Examples,0da7b527-7320-43bb-ad8e-98ac8ab7bd83,Charging your EV with AMPCHARGE ,4405-d6f6-e37511ad----906f-aefa00b1a961,Jeffrey Brown,05/02/2025,17:55:40
Knowby Examples,0da7b527-7320-43bb-ad8e-98ac8ab7bd83,Charging your EV with AMPCHARGE ,44ed-a978-e8d990e2----8b3d-aef900a6bb99,Robert Perez,25/04/2025,08:59:10
Knowby Examples,0da7b527-7320-43bb-ad8e-98ac8ab7bd83,Charging your EV with AMPCHARGE ,44ed-a978-e8d990e2----8b3d-aef900a6bb99,Robert Perez,26/04/2024,10:12:53
Knowby Examples,0da7b527-7320-43bb-ad8e-98ac8ab7bd83,Charging your EV with AMPCHARGE ,44ed-a978-e8d990e2----8b3d-aef900a6bb99,Robert Perez,26/04/2025,16:33:37
Knowby Examples,0da7b527-7320-43bb-ad8e-98ac8ab7bd83,Charging your EV with AMPCHARGE ,44ed-a978-e8d990e2----8b3d-aef900a6bb99,Robert Perez,26/04/2025,09:21:16
Knowby Examples,0da7b527-7320-43bb-ad8e-98ac8ab7bd83,Charging your EV with AMPCHARGE ,44ed-a978-e8d990e2----8b3d-aef900a6bb99,Robert Perez,26/04/2025,08:10:20
Knowby Examples,0da7b527-7320-43bb-ad8e-98ac8ab7bd83,Charging your EV with AMPCHARGE ,44ed-a978-e8d990e2----8b3d-aef900a6bb99,Robert Perez,30/04/2025,15:18:40
Knowby Examples,0da7b527-7320-43bb-ad8e-98ac8ab7bd83,Charging your EV with AMPCHARGE ,44ed-a978-e8d990e2----8b3d-aef900a6bb99,Robert Perez,05/01/2025,14:13:48
Knowby Examples,0da7b527-7320-43bb-ad8e-98ac8ab7bd83,Charging your EV with AMPCHARGE ,44ed-a978-e8d990e2----8b3d-aef900a6bb99,Robert Perez,05/02/2025,10:02:37
Knowby Examples,0da7b527-7320-43bb-ad8e-98ac8ab7bd83,Charging your EV with AMPCHARGE ,44ed-a978-e8d990e2----8b3d-aef900a6bb99,Robert Perez,05/03/2025,12:31:29
Knowby Examples,0da7b527-7320-43bb-ad8e-98ac8ab7bd83,Charging your EV with AMPCHARGE ,44ed-a978-e8d990e2----8b3d-aef900a6bb99,Robert Perez,05/07/2025,08:27:16
Knowby Examples,0da7b527-7320-43bb-ad8e-98ac8ab7bd83,Charging your EV with AMPCHARGE ,44ed-a978-e8d990e2----8b3d-aef900a6bb99,Robert Perez,05/07/2025,14:56:36
Knowby Examples,0da7b527-7320-43bb-ad8e-98ac8ab7bd83,Charging your EV with AMPCHARGE ,44ed-a978-e8d990e2----8b3d-aef900a6bb99,Robert Perez,05/10/2024,14:01:36
Knowby Examples,0da7b527-7320-43bb-ad8e-98ac8ab7bd83,Charging your EV with AMPCHARGE ,44ed-a978-e8d990e2----8b3d-aef900a6bb99,Robert Perez,15/05/2025,13:01:27
Knowby Examples,0da7b527-7320-43bb-ad8e-98ac8ab7bd83,Charging your EV with AMPCHARGE ,44ed-a978-e8d990e2----8b3d-aef900a6bb99,Robert Perez,24/05/2025,15:45:54
Knowby Examples,0da7b527-7320-43bb-ad8e-98ac8ab7bd83,Charging your EV with AMPCHARGE ,44ed-a978-e8d990e2----8b3d-aef900a6bb99,Robert Perez,07/03/2025,15:22:30
Knowby Examples,0da7b527-7320-43bb-ad8e-98ac8ab7bd83,Charging your EV with AMPCHARGE ,44ed-a978-e8d990e2----8b3d-aef900a6bb99,Robert Perez,31/07/2025,17:37:01
Knowby Examples,0da7b527-7320-43bb-ad8e-98ac8ab7bd83,Charging your EV with AMPCHARGE ,44ed-a978-e8d990e2----8b3d-aef900a6bb99,Robert Perez,09/06/2025,12:23:22
Knowby Examples,0da7b527-7320-43bb-ad8e-98ac8ab7bd83,Charging your EV with AMPCHARGE ,44ed-a978-e8d990e2----8b3d-aef900a6bb99,Robert Perez,17/12/2025,14:52:24
Knowby Examples,0da7b527-7320-43bb-ad8e-98ac8ab7bd83,Charging your EV with AMPCHARGE ,44ed-a978-e8d990e2----8b3d-aef900a6bb99,Robert Perez,02/01/2025,14:17:04
Knowby Examples,0da7b527-7320-43bb-ad8e-98ac8ab7bd83,Charging your EV with AMPCHARGE ,44ed-a978-e8d990e2----8b3d-aef900a6bb99,Robert Perez,02/01/2025,15:44:35
Knowby Examples,0da7b527-7320-43bb-ad8e-98ac8ab7bd83,Charging your EV with AMPCHARGE ,4ed4-864f-db17168a----9128-a3c9ddb6e3ea,Carol Jones,30/04/2024,08:43:57
Knowby Examples,0da7b527-7320-43bb-ad8e-98ac8ab7bd83,Charging your EV with AMPCHARGE ,4ed4-864f-db17168a----9128-a3c9ddb6e3ea,Carol Jones,07/12/2025,10:41:20
Knowby Examples,0da7b527-7320-43bb-ad8e-98ac8ab7bd83,Charging your EV with AMPCHARGE ,4ed4-864f-db17168a----9128-a3c9ddb6e3ea,Carol Jones,08/12/2025,09:12:05
Knowby Examples,7b6bc469-eaa6-4170-9c8f-7e32c8460776,Making the Perfect Bed ,4e2d-74a1-029062f6----b599-afd40063e74d,Rhonda Holt,08/03/2025,15:06:24
Knowby Examples,7b6bc469-eaa6-4170-9c8f-7e32c8460776,Making the Perfect Bed ,4dd1-509e-67e290d9----bb68-afdb00c8af51,Cristian Gonzalez,31/07/2024,08:08:46
Knowby Examples,7b6bc469-eaa6-4170-9c8f-7e32c8460776,Making the Perfect Bed ,4dd1-509e-67e290d9----bb68-afdb00c8af51,Cristian Gonzalez,25/08/2025,14:26:22
Knowby Examples,7b6bc469-eaa6-4170-9c8f-7e32c8460776,Making the Perfect Bed ,4dd1-509e-67e290d9----bb68-afdb00c8af51,Cristian Gonzalez,07/10/2025,14:00:44
Knowby Examples,7b6bc469-eaa6-4170-9c8f-7e32c8460776,Making the Perfect Bed ,4d2c-583f-adfb71a0----947b-af0c00af8d6b,Adriana Sanders,08/12/2024,09:20:06
Knowby Examples,7b6bc469-eaa6-4170-9c8f-7e32c8460776,Making the Perfect Bed ,4d2c-583f-adfb71a0----947b-af0c00af8d6b,Adriana Sanders,25/06/2025,10:30:13
Knowby Examples,7b6bc469-eaa6-4170-9c8f-7e32c8460776,Making the Perfect Bed ,4d2c-583f-adfb71a0----947b-af0c00af8d6b,Adriana Sanders,13/08/2025,13:08:46
Knowby Examples,7b6bc469-eaa6-4170-9c8f-7e32c8460776,Making the Perfect Bed ,4d2c-583f-adfb71a0----947b-af0c00af8d6b,Adriana Sanders,09/12/2025,08:49:47
Knowby Examples,7b6bc469-eaa6-4170-9c8f-7e32c8460776,Making the Perfect Bed ,4d2c-583f-adfb71a0----947b-af0c00af8d6b,Adriana Sanders,09/12/2025,17:41:36
Knowby Examples,7b6bc469-eaa6-4170-9c8f-7e32c8460776,Making the Perfect Bed ,4d2c-583f-adfb71a0----947b-af0c00af8d6b,Adriana Sanders,09/12/2025,15:49:43
Knowby Examples,7b6bc469-eaa6-4170-9c8f-7e32c8460776,Making the Perfect Bed ,4405-d6f6-e37511ad----906f-aefa00b1a961,Jeffrey Brown,20/09/2024,10:18:56
Knowby Examples,7b6bc469-eaa6-4170-9c8f-7e32c8460776,Making the Perfect Bed ,4405-d6f6-e37511ad----906f-aefa00b1a961,Jeffrey Brown,29/09/2025,14:20:09
Knowby Examples,7b6bc469-eaa6-4170-9c8f-7e32c8460776,Making the Perfect Bed ,4327-393b-53cbdfde----b9a4-aef900aa92ef,Kenneth Landry,08/01/2025,08:45:32
Knowby Examples,7b6bc469-eaa6-4170-9c8f-7e32c8460776,Making the Perfect Bed ,44ed-a978-e8d990e2----8b3d-aef900a6bb99,Robert Perez,19/08/2025,17:45:49
Knowby Examples,7b6bc469-eaa6-4170-9c8f-7e32c8460776,Making the Perfect Bed ,44ed-a978-e8d990e2----8b3d-aef900a6bb99,Robert Perez,22/08/2025,11:35:54
Knowby Examples,7b6bc469-eaa6-4170-9c8f-7e32c8460776,Making the Perfect Bed ,44ed-a978-e8d990e2----8b3d-aef900a6bb99,Robert Perez,31/08/2025,16:40:35
Knowby Examples,7b6bc469-eaa6-4170-9c8f-7e32c8460776,Making the Perfect Bed ,44ed-a978-e8d990e2----8b3d-aef900a6bb99,Robert Perez,19/09/2025,16:26:32
Knowby Examples,7b6bc469-eaa6-4170-9c8f-7e32c8460776,Making the Perfect Bed ,44ed-a978-e8d990e2----8b3d-aef900a6bb99,Robert Perez,07/03/2025,12:52:34
Knowby Examples,7b6bc469-eaa6-4170-9c8f-7e32c8460776,Making the Perfect Bed ,44ed-a978-e8d990e2----8b3d-aef900a6bb99,Robert Perez,23/08/2025,10:27:30
Knowby Examples,7b6bc469-eaa6-4170-9c8f-7e32c8460776,Making the Perfect Bed ,44ed-a978-e8d990e2----8b3d-aef900a6bb99,Robert Perez,09/03/2025,10:41:56
Knowby Examples,7b6bc469-eaa6-4170-9c8f-7e32c8460776,Making the Perfect Bed ,44ed-a978-e8d990e2----8b3d-aef900a6bb99,Robert Perez,09/06/2025,12:30:40
Knowby Examples,7b6bc469-eaa6-4170-9c8f-7e32c8460776,Making the Perfect Bed ,44ed-a978-e8d990e2----8b3d-aef900a6bb99,Robert Perez,09/12/2025,12:13:27
Knowby Examples,7b6bc469-eaa6-4170-9c8f-7e32c8460776,Making the Perfect Bed ,44ed-a978-e8d990e2----8b3d-aef900a6bb99,Robert Perez,27/02/2025,09:39:34
Knowby Examples,7b6bc469-eaa6-4170-9c8f-7e32c8460776,Making the Perfect Bed ,4ed4-864f-db17168a----9128-a3c9ddb6e3ea,Carol Jones,22/08/2025,09:55:46
Knowby Examples,7b6bc469-eaa6-4170-9c8f-7e32c8460776,Making the Perfect Bed ,4ed4-864f-db17168a----9128-a3c9ddb6e3ea,Carol Jones,10/11/2025,16:42:19
Knowby Examples,7b6bc469-eaa6-4170-9c8f-7e32c8460776,Making the Perfect Bed ,4a03-290e-7ab16f5f----99f5-ecabe6f9e6bf,Jacqueline Reed,25/07/2025,16:57:02
Knowby Examples,7b6bc469-eaa6-4170-9c8f-7e32c8460776,Making the Perfect Bed ,4e42-3ecf-a947652f----8d8f-1b0d973d1bbf,Robert Taylor,13/02/2025,16:15:09
Knowby Examples,9dca2cfb-2597-4435-a392-39331bef9ba9,Tube Feeding Using a Pump ,400d-dbe2-f01d079d----af6e-af3d005280aa,Rhonda Evans,22/04/2025,15:05:53
Knowby Examples,9dca2cfb-2597-4435-a392-39331bef9ba9,Tube Feeding Using a Pump ,4dd1-509e-67e290d9----bb68-afdb00c8af51,Cristian Gonzalez,06/06/2025,13:28:49
Knowby Examples,9dca2cfb-2597-4435-a392-39331bef9ba9,Tube Feeding Using a Pump ,4dd1-509e-67e290d9----bb68-afdb00c8af51,Cristian Gonzalez,10/08/2025,12:37:26
Knowby Examples,9dca2cfb-2597-4435-a392-39331bef9ba9,Tube Feeding Using a Pump ,4dd1-509e-67e290d9----bb68-afdb00c8af51,Cristian Gonzalez,01/10/2025,17:32:57
Knowby Examples,9dca2cfb-2597-4435-a392-39331bef9ba9,Tube Feeding Using a Pump ,4d2c-583f-adfb71a0----947b-af0c00af8d6b,Adriana Sanders,17/05/2025,10:59:57
Knowby Examples,9dca2cfb-2597-4435-a392-39331bef9ba9,Tube Feeding Using a Pump ,44ed-a978-e8d990e2----8b3d-aef900a6bb99,Robert Perez,15/05/2025,16:23:16
Knowby Examples,9dca2cfb-2597-4435-a392-39331bef9ba9,Tube Feeding Using a Pump ,44ed-a978-e8d990e2----8b3d-aef900a6bb99,Robert Perez,16/05/2025,13:51:20
Knowby Examples,9dca2cfb-2597-4435-a392-39331bef9ba9,Tube Feeding Using a Pump ,4e42-3ecf-a947652f----8d8f-1b0d973d1bbf,Robert Taylor,02/12/2025,10:22:08
Knowby Examples,9dca2cfb-2597-4435-a392-39331bef9ba9,Tube Feeding Using a Pump ,4e42-3ecf-a947652f----8d8f-1b0d973d1bbf,Robert Taylor,02/12/2025,15:39:12
Knowby Examples,9dca2cfb-2597-4435-a392-39331bef9ba9,Tube Feeding Using a Pump ,46c1-3356-6e368907----9cbd-7fef344c8555,Lindsey Ross,13/08/2025,10:28:03
Knowby Examples,602f12c6-1e50-4003-8eb9-ad39373229e5,Proper Handwashing Technique ,4dd1-509e-67e290d9----bb68-afdb00c8af51,Cristian Gonzalez,31/08/2025,11:03:09
Knowby Examples,602f12c6-1e50-4003-8eb9-ad39373229e5,Proper Handwashing Technique ,4dd1-509e-67e290d9----bb68-afdb00c8af51,Cristian Gonzalez,10/11/2025,17:54:47
Knowby Examples,602f12c6-1e50-4003-8eb9-ad39373229e5,Proper Handwashing Technique ,44ed-a978-e8d990e2----8b3d-aef900a6bb99,Robert Perez,15/05/2025,11:20:20
Knowby Examples,602f12c6-1e50-4003-8eb9-ad39373229e5,Proper Handwashing Technique ,44ed-a978-e8d990e2----8b3d-aef900a6bb99,Robert Perez,09/03/2024,10:58:46
Knowby Examples,602f12c6-1e50-4003-8eb9-ad39373229e5,Proper Handwashing Technique ,4ed4-864f-db17168a----9128-a3c9ddb6e3ea,Carol Jones,31/08/2025,10:00:53
Knowby Examples,602f12c6-1e50-4003-8eb9-ad39373229e5,Proper Handwashing Technique ,4ed4-864f-db17168a----9128-a3c9ddb6e3ea,Carol Jones,10/11/2024,12:02:26
Knowby Examples,602f12c6-1e50-4003-8eb9-ad39373229e5,Proper Handwashing Technique ,4ed4-864f-db17168a----9128-a3c9ddb6e3ea,Carol Jones,07/12/2024,08:35:18
Knowby Examples,602f12c6-1e50-4003-8eb9-ad39373229e5,Proper Handwashing Technique ,4e42-3ecf-a947652f----8d8f-1b0d973d1bbf,Robert Taylor,02/12/2024,15:07:56
Knowby Examples,602f12c6-1e50-4003-8eb9-ad39373229e5,Proper Handwashing Technique ,4e42-3ecf-a947652f----8d8f-1b0d973d1bbf,Robert Taylor,02/12/2025,08:24:49
Knowby Examples,602f12c6-1e50-4003-8eb9-ad39373229e5,Proper Handwashing Technique ,4ed4-864f-db17168a----9128-a3c9ddb6e3ea,Carol Jones,21/02/2025,11:22:56
Knowby Examples,d7a6e9eb-28c7-4ffe-8300-b7c3c6984230,Carga tu vehículo eléctrico con AMPCHARGE,4dd1-509e-67e290d9----bb68-afdb00c8af51,Cristian Gonzalez,07/12/2025,16:02:55
Knowby Examples,d7a6e9eb-28c7-4ffe-8300-b7c3c6984230,Carga tu vehículo eléctrico con AMPCHARGE,4dd1-509e-67e290d9----bb68-afdb00c8af51,Cristian Gonzalez,16/07/2025,13:52:46
Knowby Examples,d7a6e9eb-28c7-4ffe-8300-b7c3c6984230,Carga tu vehículo eléctrico con AMPCHARGE,4dd1-509e-67e290d9----bb68-afdb00c8af51,Cristian Gonzalez,16/07/2024,10:39:36
Knowby Examples,d7a6e9eb-28c7-4ffe-8300-b7c3c6984230,Carga tu vehículo eléctrico con AMPCHARGE,4d2c-583f-adfb71a0----947b-af0c00af8d6b,Adriana Sanders,28/07/2024,09:39:36
Knowby Examples,d7a6e9eb-28c7-4ffe-8300-b7c3c6984230,Carga tu vehículo eléctrico con AMPCHARGE,44ed-a978-e8d990e2----8b3d-aef900a6bb99,Robert Perez,13/07/2025,15:48:47
Knowby Examples,d7a6e9eb-28c7-4ffe-8300-b7c3c6984230,Carga tu vehículo eléctrico con AMPCHARGE,44ed-a978-e8d990e2----8b3d-aef900a6bb99,Robert Perez,13/07/2025,11:23:25
Knowby Examples,d7a6e9eb-28c7-4ffe-8300-b7c3c6984230,Carga tu vehículo eléctrico con AMPCHARGE,44ed-a978-e8d990e2----8b3d-aef900a6bb99,Robert Perez,18/07/2025,11:28:18
Knowby Examples,d7a6e9eb-28c7-4ffe-8300-b7c3c6984230,Carga tu vehículo eléctrico con AMPCHARGE,44ed-a978-e8d990e2----8b3d-aef900a6bb99,Robert Perez,18/07/2025,09:20:03
Knowby Examples,d7a6e9eb-28c7-4ffe-8300-b7c3c6984230,Carga tu vehículo eléctrico con AMPCHARGE,44ed-a978-e8d990e2----8b3d-aef900a6bb99,Robert Perez,22/07/2024,09:24:16
Knowby Examples,d7a6e9eb-28c7-4ffe-8300-b7c3c6984230,Carga tu vehículo eléctrico con AMPCHARGE,44ed-a978-e8d990e2----8b3d-aef900a6bb99,Robert Perez,23/07/2025,10:12:25
Knowby Examples,d7a6e9eb-28c7-4ffe-8300-b7c3c6984230,Carga tu vehículo eléctrico con AMPCHARGE,44ed-a978-e8d990e2----8b3d-aef900a6bb99,Robert Perez,29/07/2025,09:52:58
Knowby Examples,d7a6e9eb-28c7-4ffe-8300-b7c3c6984230,Carga tu vehículo eléctrico con AMPCHARGE,44ed-a978-e8d990e2----8b3d-aef900a6bb99,Robert Perez,31/07/2025,12:57:10
Knowby Examples,d7a6e9eb-28c7-4ffe-8300-b7c3c6984230,Carga tu vehículo eléctrico con AMPCHARGE,44ed-a978-e8d990e2----8b3d-aef900a6bb99,Robert Perez,31/07/2025,14:14:15
Knowby Examples,d7a6e9eb-28c7-4ffe-8300-b7c3c6984230,Carga tu vehículo eléctrico con AMPCHARGE,44ed-a978-e8d990e2----8b3d-aef900a6bb99,Robert Perez,31/07/2025,11:16:56
Knowby Examples,d7a6e9eb-28c7-4ffe-8300-b7c3c6984230,Carga tu vehículo eléctrico con AMPCHARGE,44ed-a978-e8d990e2----8b3d-aef900a6bb99,Robert Perez,08/01/2025,14:55:47
Knowby Examples,d7a6e9eb-28c7-4ffe-8300-b7c3c6984230,Carga tu vehículo eléctrico con AMPCHARGE,44ed-a978-e8d990e2----8b3d-aef900a6bb99,Robert Perez,08/01/2025,08:54:42
Knowby Examples,d7a6e9eb-28c7-4ffe-8300-b7c3c6984230,Carga tu vehículo eléctrico con AMPCHARGE,44ed-a978-e8d990e2----8b3d-aef900a6bb99,Robert Perez,08/01/2024,09:42:14
Knowby Examples,d7a6e9eb-28c7-4ffe-8300-b7c3c6984230,Carga tu vehículo eléctrico con AMPCHARGE,44ed-a978-e8d990e2----8b3d-aef900a6bb99,Robert Perez,08/06/2025,10:08:31
Knowby Examples,d7a6e9eb-28c7-4ffe-8300-b7c3c6984230,Carga tu vehículo eléctrico con AMPCHARGE,44ed-a978-e8d990e2----8b3d-aef900a6bb99,Robert Perez,08/07/2024,10:49:20
Knowby Examples,d7a6e9eb-28c7-4ffe-8300-b7c3c6984230,Carga tu vehículo eléctrico con AMPCHARGE,44ed-a978-e8d990e2----8b3d-aef900a6bb99,Robert Perez,08/07/2025,15:54:13
Knowby Examples,d7a6e9eb-28c7-4ffe-8300-b7c3c6984230,Carga tu vehículo eléctrico con AMPCHARGE,44ed-a978-e8d990e2----8b3d-aef900a6bb99,Robert Perez,08/09/2025,17:49:15
Knowby Examples,d7a6e9eb-28c7-4ffe-8300-b7c3c6984230,Carga tu vehículo eléctrico con AMPCHARGE,44ed-a978-e8d990e2----8b3d-aef900a6bb99,Robert Perez,14/08/2025,11:31:51
Knowby Examples,d7a6e9eb-28c7-4ffe-8300-b7c3c6984230,Carga tu vehículo eléctrico con AMPCHARGE,44ed-a978-e8d990e2----8b3d-aef900a6bb99,Robert Perez,27/08/2025,15:00:47
Knowby Examples,d7a6e9eb-28c7-4ffe-8300-b7c3c6984230,Carga tu vehículo eléctrico con AMPCHARGE,44ed-a978-e8d990e2----8b3d-aef900a6bb99,Robert Perez,27/08/2025,13:47:03
Knowby Examples,d7a6e9eb-28c7-4ffe-8300-b7c3c6984230,Carga tu vehículo eléctrico con AMPCHARGE,44ed-a978-e8d990e2----8b3d-aef900a6bb99,Robert Perez,27/08/2025,16:09:06
Knowby Examples,d7a6e9eb-28c7-4ffe-8300-b7c3c6984230,Carga tu vehículo eléctrico con AMPCHARGE,44ed-a978-e8d990e2----8b3d-aef900a6bb99,Robert Perez,27/08/2025,10:34:16
Knowby Examples,d7a6e9eb-28c7-4ffe-8300-b7c3c6984230,Carga tu vehículo eléctrico con AMPCHARGE,44ed-a978-e8d990e2----8b3d-aef900a6bb99,Robert Perez,27/08/2025,16:52:52
Knowby Examples,d7a6e9eb-28c7-4ffe-8300-b7c3c6984230,Carga tu vehículo eléctrico con AMPCHARGE,44ed-a978-e8d990e2----8b3d-aef900a6bb99,Robert Perez,27/08/2025,08:29:53
Knowby Examples,d7a6e9eb-28c7-4ffe-8300-b7c3c6984230,Carga tu vehículo eléctrico con AMPCHARGE,44ed-a978-e8d990e2----8b3d-aef900a6bb99,Robert Perez,09/05/2025,13:21:45
Knowby Examples,d7a6e9eb-28c7-4ffe-8300-b7c3c6984230,Carga tu vehículo eléctrico con AMPCHARGE,44ed-a978-e8d990e2----8b3d-aef900a6bb99,Robert Perez,09/10/2025,08:36:40
Knowby Examples,d7a6e9eb-28c7-4ffe-8300-b7c3c6984230,Carga tu vehículo eléctrico con AMPCHARGE,44ed-a978-e8d990e2----8b3d-aef900a6bb99,Robert Perez,16/09/2025,15:24:13
Knowby Examples,d7a6e9eb-28c7-4ffe-8300-b7c3c6984230,Carga tu vehículo eléctrico con AMPCHARGE,44ed-a978-e8d990e2----8b3d-aef900a6bb99,Robert Perez,26/09/2025,17:05:42
Knowby Examples,d7a6e9eb-28c7-4ffe-8300-b7c3c6984230,Carga tu vehículo eléctrico con AMPCHARGE,44ed-a978-e8d990e2----8b3d-aef900a6bb99,Robert Perez,10/07/2025,09:24:12
Knowby Examples,d7a6e9eb-28c7-4ffe-8300-b7c3c6984230,Carga tu vehículo eléctrico con AMPCHARGE,44ed-a978-e8d990e2----8b3d-aef900a6bb99,Robert Perez,29/01/2025,09:48:25
Knowby Examples,d7a6e9eb-28c7-4ffe-8300-b7c3c6984230,Carga tu vehículo eléctrico con AMPCHARGE,44ed-a978-e8d990e2----8b3d-aef900a6bb99,Robert Perez,02/06/2025,17:53:38
Knowby Examples,d7a6e9eb-28c7-4ffe-8300-b7c3c6984230,Carga tu vehículo eléctrico con AMPCHARGE,4ed4-864f-db17168a----9128-a3c9ddb6e3ea,Carol Jones,27/08/2024,16:20:58
Knowby Examples,d7a6e9eb-28c7-4ffe-8300-b7c3c6984230,Carga tu vehículo eléctrico con AMPCHARGE,4ed1-affe-79057836----9ea2-adc551671be2,John Terrell,14/09/2025,09:14:42
Knowby Examples,d7a6e9eb-28c7-4ffe-8300-b7c3c6984230,Carga tu vehículo eléctrico con AMPCHARGE,4dd1-509e-67e290d9----bb68-afdb00c8af51,Cristian Gonzalez,20/02/2025,14:20:35
Knowby Examples,d7a6e9eb-28c7-4ffe-8300-b7c3c6984230,Carga tu vehículo eléctrico con AMPCHARGE,4dd1-509e-67e290d9----bb68-afdb00c8af51,Cristian Gonzalez,03/04/2025,14:37:58
Knowby Examples,d7a6e9eb-28c7-4ffe-8300-b7c3c6984230,Carga tu vehículo eléctrico con AMPCHARGE,4dd1-509e-67e290d9----bb68-afdb00c8af51,Cristian Gonzalez,03/04/2025,09:30:05
Knowby Examples,d7a6e9eb-28c7-4ffe-8300-b7c3c6984230,Carga tu vehículo eléctrico con AMPCHARGE,4dd1-509e-67e290d9----bb68-afdb00c8af51,Cristian Gonzalez,21/03/2025,09:24:14
Knowby Examples,52b97689-aeab-4e9f-94c9-f97481700adb,CONQOR 47B & 87B Install,4d2c-583f-adfb71a0----947b-af0c00af8d6b,Adriana Sanders,11/07/2025,10:56:24
Knowby Examples,52b97689-aeab-4e9f-94c9-f97481700adb,CONQOR 47B & 87B Install,44ed-a978-e8d990e2----8b3d-aef900a6bb99,Robert Perez,09/05/2025,15:15:28
Knowby Examples,52b97689-aeab-4e9f-94c9-f97481700adb,CONQOR 47B & 87B Install,44ed-a978-e8d990e2----8b3d-aef900a6bb99,Robert Perez,13/03/2025,09:48:07
Knowby Examples,52b97689-aeab-4e9f-94c9-f97481700adb,CONQOR 47B & 87B Install,4ed4-864f-db17168a----9128-a3c9ddb6e3ea,Carol Jones,09/10/2025,11:56:10
Knowby Examples,31d1189d-b946-4ab9-8717-6ed7fa6d62a8,Scrolling capture with Snagit,4cb2-65da-696d957b----9f0d-54f7230f93ca,Andrew Mueller,17/09/2025,11:27:10
Knowby Examples,31d1189d-b946-4ab9-8717-6ed7fa6d62a8,Scrolling capture with Snagit,4dd1-509e-67e290d9----bb68-afdb00c8af51,Cristian Gonzalez,26/06/2025,15:35:52
Knowby Examples,31d1189d-b946-4ab9-8717-6ed7fa6d62a8,Scrolling capture with Snagit,4dd1-509e-67e290d9----bb68-afdb00c8af51,Cristian Gonzalez,28/06/2025,15:56:03
Knowby Examples,31d1189d-b946-4ab9-8717-6ed7fa6d62a8,Scrolling capture with Snagit,4ea3-2234-ee1de7e0----99b4-aefa00ae2eab,William Wilkinson,08/12/2025,08:10:34
Knowby Examples,31d1189d-b946-4ab9-8717-6ed7fa6d62a8,Scrolling capture with Snagit,4ea3-2234-ee1de7e0----99b4-aefa00ae2eab,William Wilkinson,08/12/2024,16:46:56
Knowby Examples,31d1189d-b946-4ab9-8717-6ed7fa6d62a8,Scrolling capture with Snagit,4ea3-2234-ee1de7e0----99b4-aefa00ae2eab,William Wilkinson,13/08/2025,16:35:50
Knowby Examples,31d1189d-b946-4ab9-8717-6ed7fa6d62a8,Scrolling capture with Snagit,4ea3-2234-ee1de7e0----99b4-aefa00ae2eab,William Wilkinson,13/08/2025,10:15:37
Knowby Examples,31d1189d-b946-4ab9-8717-6ed7fa6d62a8,Scrolling capture with Snagit,44ed-a978-e8d990e2----8b3d-aef900a6bb99,Robert Perez,07/07/2025,12:40:02
Knowby Examples,31d1189d-b946-4ab9-8717-6ed7fa6d62a8,Scrolling capture with Snagit,44ed-a978-e8d990e2----8b3d-aef900a6bb99,Robert Perez,16/09/2025,14:06:07
Knowby Examples,31d1189d-b946-4ab9-8717-6ed7fa6d62a8,Scrolling capture with Snagit,44ed-a978-e8d990e2----8b3d-aef900a6bb99,Robert Perez,11/04/2025,09:45:17
Knowby Examples,31d1189d-b946-4ab9-8717-6ed7fa6d62a8,Scrolling capture with Snagit,4ed4-864f-db17168a----9128-a3c9ddb6e3ea,Carol Jones,23/10/2025,16:50:30
Knowby Examples,1bd152f5-edfa-4258-85e5-bc07a923ff2b,Build and Launch a Satellite,4dd1-509e-67e290d9----bb68-afdb00c8af51,Cristian Gonzalez,24/09/2025,09:06:57
Knowby Examples,1bd152f5-edfa-4258-85e5-bc07a923ff2b,Build and Launch a Satellite,4dd1-509e-67e290d9----bb68-afdb00c8af51,Cristian Gonzalez,25/09/2025,12:11:39
Knowby Examples,1bd152f5-edfa-4258-85e5-bc07a923ff2b,Build and Launch a Satellite,4dd1-509e-67e290d9----bb68-afdb00c8af51,Cristian Gonzalez,10/11/2025,12:17:30
Knowby Examples,1bd152f5-edfa-4258-85e5-bc07a923ff2b,Build and Launch a Satellite,4dd1-509e-67e290d9----bb68-afdb00c8af51,Cristian Gonzalez,21/12/2025,12:00:19
Knowby Examples,1bd152f5-edfa-4258-85e5-bc07a923ff2b,Build and Launch a Satellite,4dd1-509e-67e290d9----bb68-afdb00c8af51,Cristian Gonzalez,01/06/2025,17:07:08
Knowby Examples,1bd152f5-edfa-4258-85e5-bc07a923ff2b,Build and Launch a Satellite,4d2c-583f-adfb71a0----947b-af0c00af8d6b,Adriana Sanders,14/01/2025,10:46:23
Knowby Examples,1bd152f5-edfa-4258-85e5-bc07a923ff2b,Build and Launch a Satellite,44ed-a978-e8d990e2----8b3d-aef900a6bb99,Robert Perez,24/09/2025,09:26:52
Knowby Examples,1bd152f5-edfa-4258-85e5-bc07a923ff2b,Build and Launch a Satellite,44ed-a978-e8d990e2----8b3d-aef900a6bb99,Robert Perez,24/09/2025,11:05:04
Knowby Examples,1bd152f5-edfa-4258-85e5-bc07a923ff2b,Build and Launch a Satellite,44ed-a978-e8d990e2----8b3d-aef900a6bb99,Robert Perez,24/09/2025,15:22:20
Knowby Examples,1bd152f5-edfa-4258-85e5-bc07a923ff2b,Build and Launch a Satellite,44ed-a978-e8d990e2----8b3d-aef900a6bb99,Robert Perez,24/09/2024,11:08:39
Knowby Examples,1bd152f5-edfa-4258-85e5-bc07a923ff2b,Build and Launch a Satellite,44ed-a978-e8d990e2----8b3d-aef900a6bb99,Robert Perez,24/09/2025,08:01:34
Knowby Examples,1bd152f5-edfa-4258-85e5-bc07a923ff2b,Build and Launch a Satellite,44ed-a978-e8d990e2----8b3d-aef900a6bb99,Robert Perez,25/09/2025,09:49:00
Knowby Examples,1bd152f5-edfa-4258-85e5-bc07a923ff2b,Build and Launch a Satellite,44ed-a978-e8d990e2----8b3d-aef900a6bb99,Robert Perez,25/09/2025,13:40:28
Knowby Examples,1bd152f5-edfa-4258-85e5-bc07a923ff2b,Build and Launch a Satellite,44ed-a978-e8d990e2----8b3d-aef900a6bb99,Robert Perez,25/09/2025,11:43:27
Knowby Examples,1bd152f5-edfa-4258-85e5-bc07a923ff2b,Build and Launch a Satellite,44ed-a978-e8d990e2----8b3d-aef900a6bb99,Robert Perez,25/09/2025,15:04:05
Knowby Examples,1bd152f5-edfa-4258-85e5-bc07a923ff2b,Build and Launch a Satellite,44ed-a978-e8d990e2----8b3d-aef900a6bb99,Robert Perez,25/09/2025,08:20:07
Knowby Examples,1bd152f5-edfa-4258-85e5-bc07a923ff2b,Build and Launch a Satellite,4ed4-864f-db17168a----9128-a3c9ddb6e3ea,Carol Jones,23/10/2025,10:08:19
Knowby Examples,1bd152f5-edfa-4258-85e5-bc07a923ff2b,Build and Launch a Satellite,4ed4-864f-db17168a----9128-a3c9ddb6e3ea,Carol Jones,20/11/2025,12:04:40
Knowby Examples,2b4c3151-9cb4-439e-8eda-a7ba59592d04,MMU - E-Stop Familiarisation - Wayfinder Version,400d-dbe2-f01d079d----af6e-af3d005280aa,Rhonda Evans,22/04/2024,17:14:16
Knowby Examples,2b4c3151-9cb4-439e-8eda-a7ba59592d04,MMU - E-Stop Familiarisation - Wayfinder Version,4dd1-509e-67e290d9----bb68-afdb00c8af51,Cristian Gonzalez,18/08/2025,14:32:28
Knowby Examples,2b4c3151-9cb4-439e-8eda-a7ba59592d04,MMU - E-Stop Familiarisation - Wayfinder Version,4dd1-509e-67e290d9----bb68-afdb00c8af51,Cristian Gonzalez,18/08/2025,16:06:45
Knowby Examples,2b4c3151-9cb4-439e-8eda-a7ba59592d04,MMU - E-Stop Familiarisation - Wayfinder Version,4dd1-509e-67e290d9----bb68-afdb00c8af51,Cristian Gonzalez,18/08/2025,10:56:05
Knowby Examples,2b4c3151-9cb4-439e-8eda-a7ba59592d04,MMU - E-Stop Familiarisation - Wayfinder Version,4dd1-509e-67e290d9----bb68-afdb00c8af51,Cristian Gonzalez,18/08/2025,10:11:16
Knowby Examples,2b4c3151-9cb4-439e-8eda-a7ba59592d04,MMU - E-Stop Familiarisation - Wayfinder Version,4dd1-509e-67e290d9----bb68-afdb00c8af51,Cristian Gonzalez,18/08/2025,13:49:19
Knowby Examples,2b4c3151-9cb4-439e-8eda-a7ba59592d04,MMU - E-Stop Familiarisation - Wayfinder Version,4dd1-509e-67e290d9----bb68-afdb00c8af51,Cristian Gonzalez,22/08/2025,09:40:25
Knowby Examples,2b4c3151-9cb4-439e-8eda-a7ba59592d04,MMU - E-Stop Familiarisation - Wayfinder Version,4dd1-509e-67e290d9----bb68-afdb00c8af51,Cristian Gonzalez,22/08/2025,12:00:10
Knowby Examples,2b4c3151-9cb4-439e-8eda-a7ba59592d04,MMU - E-Stop Familiarisation - Wayfinder Version,4dd1-509e-67e290d9----bb68-afdb00c8af51,Cristian Gonzalez,27/08/2024,15:40:37
Knowby Examples,2b4c3151-9cb4-439e-8eda-a7ba59592d04,MMU - E-Stop Familiarisation - Wayfinder Version,4dd1-509e-67e290d9----bb68-afdb00c8af51,Cristian Gonzalez,09/07/2025,17:02:50
Knowby Examples,2b4c3151-9cb4-439e-8eda-a7ba59592d04,MMU - E-Stop Familiarisation - Wayfinder Version,4dd1-509e-67e290d9----bb68-afdb00c8af51,Cristian Gonzalez,09/07/2025,12:06:02
Knowby Examples,2b4c3151-9cb4-439e-8eda-a7ba59592d04,MMU - E-Stop Familiarisation - Wayfinder Version,4dd1-509e-67e290d9----bb68-afdb00c8af51,Cristian Gonzalez,19/09/2025,13:11:52
Knowby Examples,2b4c3151-9cb4-439e-8eda-a7ba59592d04,MMU - E-Stop Familiarisation - Wayfinder Version,4dd1-509e-67e290d9----bb68-afdb00c8af51,Cristian Gonzalez,19/09/2025,12:10:53
Knowby Examples,2b4c3151-9cb4-439e-8eda-a7ba59592d04,MMU - E-Stop Familiarisation - Wayfinder Version,4dd1-509e-67e290d9----bb68-afdb00c8af51,Cristian Gonzalez,22/09/2025,12:19:34
Knowby Examples,2b4c3151-9cb4-439e-8eda-a7ba59592d04,MMU - E-Stop Familiarisation - Wayfinder Version,4dd1-509e-67e290d9----bb68-afdb00c8af51,Cristian Gonzalez,28/09/2025,09:19:47
Knowby Examples,2b4c3151-9cb4-439e-8eda-a7ba59592d04,MMU - E-Stop Familiarisation - Wayfinder Version,4dd1-509e-67e290d9----bb68-afdb00c8af51,Cristian Gonzalez,28/09/2025,10:01:35
Knowby Examples,2b4c3151-9cb4-439e-8eda-a7ba59592d04,MMU - E-Stop Familiarisation - Wayfinder Version,4dd1-509e-67e290d9----bb68-afdb00c8af51,Cristian Gonzalez,23/11/2025,14:11:33
Knowby Examples,2b4c3151-9cb4-439e-8eda-a7ba59592d04,MMU - E-Stop Familiarisation - Wayfinder Version,4dd1-509e-67e290d9----bb68-afdb00c8af51,Cristian Gonzalez,18/04/2025,11:13:48
Knowby Examples,2b4c3151-9cb4-439e-8eda-a7ba59592d04,MMU - E-Stop Familiarisation - Wayfinder Version,4dd1-509e-67e290d9----bb68-afdb00c8af51,Cristian Gonzalez,07/10/2025,13:12:28
Knowby Examples,2b4c3151-9cb4-439e-8eda-a7ba59592d04,MMU - E-Stop Familiarisation - Wayfinder Version,4dd1-509e-67e290d9----bb68-afdb00c8af51,Cristian Gonzalez,24/09/2025,10:43:02
Knowby Examples,2b4c3151-9cb4-439e-8eda-a7ba59592d04,MMU - E-Stop Familiarisation - Wayfinder Version,4dd1-509e-67e290d9----bb68-afdb00c8af51,Cristian Gonzalez,25/09/2025,12:05:33
Knowby Examples,2b4c3151-9cb4-439e-8eda-a7ba59592d04,MMU - E-Stop Familiarisation - Wayfinder Version,4dd1-509e-67e290d9----bb68-afdb00c8af51,Cristian Gonzalez,25/10/2025,13:57:50
Knowby Examples,2b4c3151-9cb4-439e-8eda-a7ba59592d04,MMU - E-Stop Familiarisation - Wayfinder Version,4dd1-509e-67e290d9----bb68-afdb00c8af51,Cristian Gonzalez,25/10/2025,13:41:24
Knowby Examples,2b4c3151-9cb4-439e-8eda-a7ba59592d04,MMU - E-Stop Familiarisation - Wayfinder Version,4dd1-509e-67e290d9----bb68-afdb00c8af51,Cristian Gonzalez,25/10/2025,09:49:03
Knowby Examples,2b4c3151-9cb4-439e-8eda-a7ba59592d04,MMU - E-Stop Familiarisation - Wayfinder Version,4dd1-509e-67e290d9----bb68-afdb00c8af51,Cristian Gonzalez,25/10/2024,15:57:13
Knowby Examples,2b4c3151-9cb4-439e-8eda-a7ba59592d04,MMU - E-Stop Familiarisation - Wayfinder Version,4dd1-509e-67e290d9----bb68-afdb00c8af51,Cristian Gonzalez,25/10/2025,10:17:11
Knowby Examples,2b4c3151-9cb4-439e-8eda-a7ba59592d04,MMU - E-Stop Familiarisation - Wayfinder Version,4dd1-509e-67e290d9----bb68-afdb00c8af51,Cristian Gonzalez,30/10/2025,17:39:17
Knowby Examples,2b4c3151-9cb4-439e-8eda-a7ba59592d04,MMU - E-Stop Familiarisation - Wayfinder Version,4dd1-509e-67e290d9----bb68-afdb00c8af51,Cristian Gonzalez,22/11/2025,13:16:52
Knowby Examples,2b4c3151-9cb4-439e-8eda-a7ba59592d04,MMU - E-Stop Familiarisation - Wayfinder Version,4d2c-583f-adfb71a0----947b-af0c00af8d6b,Adriana Sanders,21/08/2025,10:27:06
Knowby Examples,2b4c3151-9cb4-439e-8eda-a7ba59592d04,MMU - E-Stop Familiarisation - Wayfinder Version,4d2c-583f-adfb71a0----947b-af0c00af8d6b,Adriana Sanders,21/08/2025,13:13:42
Knowby Examples,2b4c3151-9cb4-439e-8eda-a7ba59592d04,MMU - E-Stop Familiarisation - Wayfinder Version,4d2c-583f-adfb71a0----947b-af0c00af8d6b,Adriana Sanders,22/08/2025,11:37:49
Knowby Examples,2b4c3151-9cb4-439e-8eda-a7ba59592d04,MMU - E-Stop Familiarisation - Wayfinder Version,4d2c-583f-adfb71a0----947b-af0c00af8d6b,Adriana Sanders,12/12/2025,10:52:25
Knowby Examples,2b4c3151-9cb4-439e-8eda-a7ba59592d04,MMU - E-Stop Familiarisation - Wayfinder Version,4d2c-583f-adfb71a0----947b-af0c00af8d6b,Adriana Sanders,15/12/2025,17:50:37
Knowby Examples,2b4c3151-9cb4-439e-8eda-a7ba59592d04,MMU - E-Stop Familiarisation - Wayfinder Version,4d2c-583f-adfb71a0----947b-af0c00af8d6b,Adriana Sanders,05/05/2025,08:28:57
Knowby Examples,2b4c3151-9cb4-439e-8eda-a7ba59592d04,MMU - E-Stop Familiarisation - Wayfinder Version,4d2c-583f-adfb71a0----947b-af0c00af8d6b,Adriana Sanders,13/08/2025,16:56:07
Knowby Examples,2b4c3151-9cb4-439e-8eda-a7ba59592d04,MMU - E-Stop Familiarisation - Wayfinder Version,4d2c-583f-adfb71a0----947b-af0c00af8d6b,Adriana Sanders,16/08/2025,17:21:32
Knowby Examples,2b4c3151-9cb4-439e-8eda-a7ba59592d04,MMU - E-Stop Familiarisation - Wayfinder Version,4d2c-583f-adfb71a0----947b-af0c00af8d6b,Adriana Sanders,16/08/2025,14:03:19
Knowby Examples,2b4c3151-9cb4-439e-8eda-a7ba59592d04,MMU - E-Stop Familiarisation - Wayfinder Version,4d2c-583f-adfb71a0----947b-af0c00af8d6b,Adriana Sanders,29/09/2025,10:40:05
Knowby Examples,2b4c3151-9cb4-439e-8eda-a7ba59592d04,MMU - E-Stop Familiarisation - Wayfinder Version,4d2c-583f-adfb71a0----947b-af0c00af8d6b,Adriana Sanders,29/09/2024,17:43:42
Knowby Examples,2b4c3151-9cb4-439e-8eda-a7ba59592d04,MMU - E-Stop Familiarisation - Wayfinder Version,4d2c-583f-adfb71a0----947b-af0c00af8d6b,Adriana Sanders,10/02/2025,14:41:48
Knowby Examples,2b4c3151-9cb4-439e-8eda-a7ba59592d04,MMU - E-Stop Familiarisation - Wayfinder Version,4d2c-583f-adfb71a0----947b-af0c00af8d6b,Adriana Sanders,10/02/2025,14:58:05
Knowby Examples,2b4c3151-9cb4-439e-8eda-a7ba59592d04,MMU - E-Stop Familiarisation - Wayfinder Version,4d2c-583f-adfb71a0----947b-af0c00af8d6b,Adriana Sanders,10/08/2024,11:27:45
Knowby Examples,2b4c3151-9cb4-439e-8eda-a7ba59592d04,MMU - E-Stop Familiarisation - Wayfinder Version,4d2c-583f-adfb71a0----947b-af0c00af8d6b,Adriana Sanders,10/10/2025,16:40:28
Knowby Examples,2b4c3151-9cb4-439e-8eda-a7ba59592d04,MMU - E-Stop Familiarisation - Wayfinder Version,4d2c-583f-adfb71a0----947b-af0c00af8d6b,Adriana Sanders,11/06/2025,09:27:42
Knowby Examples,2b4c3151-9cb4-439e-8eda-a7ba59592d04,MMU - E-Stop Familiarisation - Wayfinder Version,4d2c-583f-adfb71a0----947b-af0c00af8d6b,Adriana Sanders,25/11/2024,12:43:07
Knowby Examples,2b4c3151-9cb4-439e-8eda-a7ba59592d04,MMU - E-Stop Familiarisation - Wayfinder Version,4d2c-583f-adfb71a0----947b-af0c00af8d6b,Adriana Sanders,25/11/2025,16:05:05
Knowby Examples,2b4c3151-9cb4-439e-8eda-a7ba59592d04,MMU - E-Stop Familiarisation - Wayfinder Version,4d2c-583f-adfb71a0----947b-af0c00af8d6b,Adriana Sanders,25/11/2024,15:12:05
Knowby Examples,2b4c3151-9cb4-439e-8eda-a7ba59592d04,MMU - E-Stop Familiarisation - Wayfinder Version,4d2c-583f-adfb71a0----947b-af0c00af8d6b,Adriana Sanders,26/11/2024,11:45:35
Knowby Examples,2b4c3151-9cb4-439e-8eda-a7ba59592d04,MMU - E-Stop Familiarisation - Wayfinder Version,4d2c-583f-adfb71a0----947b-af0c00af8d6b,Adriana Sanders,26/11/2025,13:35:49
Knowby Examples,2b4c3151-9cb4-439e-8eda-a7ba59592d04,MMU - E-Stop Familiarisation - Wayfinder Version,4d2c-583f-adfb71a0----947b-af0c00af8d6b,Adriana Sanders,26/11/2025,16:26:37
Knowby Examples,2b4c3151-9cb4-439e-8eda-a7ba59592d04,MMU - E-Stop Familiarisation - Wayfinder Version,4d2c-583f-adfb71a0----947b-af0c00af8d6b,Adriana Sanders,26/11/2025,08:55:57
Knowby Examples,2b4c3151-9cb4-439e-8eda-a7ba59592d04,MMU - E-Stop Familiarisation - Wayfinder Version,4d2c-583f-adfb71a0----947b-af0c00af8d6b,Adriana Sanders,28/11/2025,10:09:23
Knowby Examples,2b4c3151-9cb4-439e-8eda-a7ba59592d04,MMU - E-Stop Familiarisation - Wayfinder Version,4d2c-583f-adfb71a0----947b-af0c00af8d6b,Adriana Sanders,12/09/2025,14:59:24
Knowby Examples,2b4c3151-9cb4-439e-8eda-a7ba59592d04,MMU - E-Stop Familiarisation - Wayfinder Version,4d2c-583f-adfb71a0----947b-af0c00af8d6b,Adriana Sanders,18/12/2025,12:28:33
Knowby Examples,2b4c3151-9cb4-439e-8eda-a7ba59592d04,MMU - E-Stop Familiarisation - Wayfinder Version,4d2c-583f-adfb71a0----947b-af0c00af8d6b,Adriana Sanders,21/12/2025,10:33:36
Knowby Examples,2b4c3151-9cb4-439e-8eda-a7ba59592d04,MMU - E-Stop Familiarisation - Wayfinder Version,4d2c-583f-adfb71a0----947b-af0c00af8d6b,Adriana Sanders,25/12/2025,15:58:38
Knowby Examples,2b4c3151-9cb4-439e-8eda-a7ba59592d04,MMU - E-Stop Familiarisation - Wayfinder Version,4d2c-583f-adfb71a0----947b-af0c00af8d6b,Adriana Sanders,28/12/2025,12:01:10
Knowby Examples,2b4c3151-9cb4-439e-8eda-a7ba59592d04,MMU - E-Stop Familiarisation - Wayfinder Version,4d2c-583f-adfb71a0----947b-af0c00af8d6b,Adriana Sanders,26/01/2025,16:17:33
Knowby Examples,2b4c3151-9cb4-439e-8eda-a7ba59592d04,MMU - E-Stop Familiarisation - Wayfinder Version,4d2c-583f-adfb71a0----947b-af0c00af8d6b,Adriana Sanders,27/01/2025,09:15:36
Knowby Examples,2b4c3151-9cb4-439e-8eda-a7ba59592d04,MMU - E-Stop Familiarisation - Wayfinder Version,4d2c-583f-adfb71a0----947b-af0c00af8d6b,Adriana Sanders,29/01/2025,15:23:46
Knowby Examples,2b4c3151-9cb4-439e-8eda-a7ba59592d04,MMU - E-Stop Familiarisation - Wayfinder Version,4d2c-583f-adfb71a0----947b-af0c00af8d6b,Adriana Sanders,31/01/2024,15:06:11
Knowby Examples,2b4c3151-9cb4-439e-8eda-a7ba59592d04,MMU - E-Stop Familiarisation - Wayfinder Version,4d2c-583f-adfb71a0----947b-af0c00af8d6b,Adriana Sanders,02/01/2025,09:55:43
Knowby Examples,2b4c3151-9cb4-439e-8eda-a7ba59592d04,MMU - E-Stop Familiarisation - Wayfinder Version,4d2c-583f-adfb71a0----947b-af0c00af8d6b,Adriana Sanders,02/07/2025,12:08:54
Knowby Examples,2b4c3151-9cb4-439e-8eda-a7ba59592d04,MMU - E-Stop Familiarisation - Wayfinder Version,4d2c-583f-adfb71a0----947b-af0c00af8d6b,Adriana Sanders,02/07/2025,11:50:30
Knowby Examples,2b4c3151-9cb4-439e-8eda-a7ba59592d04,MMU - E-Stop Familiarisation - Wayfinder Version,4d2c-583f-adfb71a0----947b-af0c00af8d6b,Adriana Sanders,02/12/2025,10:35:07
Knowby Examples,2b4c3151-9cb4-439e-8eda-a7ba59592d04,MMU - E-Stop Familiarisation - Wayfinder Version,4d2c-583f-adfb71a0----947b-af0c00af8d6b,Adriana Sanders,04/08/2025,14:30:23
Knowby Examples,2b4c3151-9cb4-439e-8eda-a7ba59592d04,MMU - E-Stop Familiarisation - Wayfinder Version,4d2c-583f-adfb71a0----947b-af0c00af8d6b,Adriana Sanders,04/08/2025,15:46:53
Knowby Examples,2b4c3151-9cb4-439e-8eda-a7ba59592d04,MMU - E-Stop Familiarisation - Wayfinder Version,4d2c-583f-adfb71a0----947b-af0c00af8d6b,Adriana Sanders,04/08/2025,09:05:28
Knowby Examples,2b4c3151-9cb4-439e-8eda-a7ba59592d04,MMU - E-Stop Familiarisation - Wayfinder Version,4d2c-583f-adfb71a0----947b-af0c00af8d6b,Adriana Sanders,25/04/2025,15:42:47
Knowby Examples,2b4c3151-9cb4-439e-8eda-a7ba59592d04,MMU - E-Stop Familiarisation - Wayfinder Version,4ea3-2234-ee1de7e0----99b4-aefa00ae2eab,William Wilkinson,25/10/2025,12:53:12
Knowby Examples,2b4c3151-9cb4-439e-8eda-a7ba59592d04,MMU - E-Stop Familiarisation - Wayfinder Version,4ea3-2234-ee1de7e0----99b4-aefa00ae2eab,William Wilkinson,25/10/2024,16:26:08
Knowby Examples,2b4c3151-9cb4-439e-8eda-a7ba59592d04,MMU - E-Stop Familiarisation - Wayfinder Version,4ea3-2234-ee1de7e0----99b4-aefa00ae2eab,William Wilkinson,25/10/2025,17:24:11
Knowby Examples,2b4c3151-9cb4-439e-8eda-a7ba59592d04,MMU - E-Stop Familiarisation - Wayfinder Version,4405-d6f6-e37511ad----906f-aefa00b1a961,Jeffrey Brown,19/09/2025,09:23:29
Knowby Examples,2b4c3151-9cb4-439e-8eda-a7ba59592d04,MMU - E-Stop Familiarisation - Wayfinder Version,4405-d6f6-e37511ad----906f-aefa00b1a961,Jeffrey Brown,20/09/2024,12:57:29
Knowby Examples,2b4c3151-9cb4-439e-8eda-a7ba59592d04,MMU - E-Stop Familiarisation - Wayfinder Version,411c-f567-2e4c7697----90d9-1cccc21596a3,Regina Evans,12/02/2025,13:57:31
Knowby Examples,2b4c3151-9cb4-439e-8eda-a7ba59592d04,MMU - E-Stop Familiarisation - Wayfinder Version,44ed-a978-e8d990e2----8b3d-aef900a6bb99,Robert Perez,19/08/2025,17:51:47
Knowby Examples,2b4c3151-9cb4-439e-8eda-a7ba59592d04,MMU - E-Stop Familiarisation - Wayfinder Version,44ed-a978-e8d990e2----8b3d-aef900a6bb99,Robert Perez,19/08/2024,16:24:06
Knowby Examples,2b4c3151-9cb4-439e-8eda-a7ba59592d04,MMU - E-Stop Familiarisation - Wayfinder Version,44ed-a978-e8d990e2----8b3d-aef900a6bb99,Robert Perez,19/08/2025,15:13:57
Knowby Examples,2b4c3151-9cb4-439e-8eda-a7ba59592d04,MMU - E-Stop Familiarisation - Wayfinder Version,44ed-a978-e8d990e2----8b3d-aef900a6bb99,Robert Perez,22/08/2025,16:15:37
Knowby Examples,2b4c3151-9cb4-439e-8eda-a7ba59592d04,MMU - E-Stop Familiarisation - Wayfinder Version,44ed-a978-e8d990e2----8b3d-aef900a6bb99,Robert Perez,23/08/2025,14:34:11
Knowby Examples,2b4c3151-9cb4-439e-8eda-a7ba59592d04,MMU - E-Stop Familiarisation - Wayfinder Version,44ed-a978-e8d990e2----8b3d-aef900a6bb99,Robert Perez,23/08/2025,10:53:19
Knowby Examples,2b4c3151-9cb4-439e-8eda-a7ba59592d04,MMU - E-Stop Familiarisation - Wayfinder Version,44ed-a978-e8d990e2----8b3d-aef900a6bb99,Robert Perez,25/08/2025,14:13:25
Knowby Examples,2b4c3151-9cb4-439e-8eda-a7ba59592d04,MMU - E-Stop Familiarisation - Wayfinder Version,44ed-a978-e8d990e2----8b3d-aef900a6bb99,Robert Perez,25/08/2025,08:15:52
Knowby Examples,2b4c3151-9cb4-439e-8eda-a7ba59592d04,MMU - E-Stop Familiarisation - Wayfinder Version,44ed-a978-e8d990e2----8b3d-aef900a6bb99,Robert Perez,30/08/2024,14:12:01
Knowby Examples,2b4c3151-9cb4-439e-8eda-a7ba59592d04,MMU - E-Stop Familiarisation - Wayfinder Version,44ed-a978-e8d990e2----8b3d-aef900a6bb99,Robert Perez,30/08/2024,12:38:28
Knowby Examples,2b4c3151-9cb4-439e-8eda-a7ba59592d04,MMU - E-Stop Familiarisation - Wayfinder Version,44ed-a978-e8d990e2----8b3d-aef900a6bb99,Robert Perez,31/08/2025,10:30:05
Knowby Examples,2b4c3151-9cb4-439e-8eda-a7ba59592d04,MMU - E-Stop Familiarisation - Wayfinder Version,44ed-a978-e8d990e2----8b3d-aef900a6bb99,Robert Perez,31/08/2025,17:27:38
Knowby Examples,2b4c3151-9cb4-439e-8eda-a7ba59592d04,MMU - E-Stop Familiarisation - Wayfinder Version,44ed-a978-e8d990e2----8b3d-aef900a6bb99,Robert Perez,31/08/2025,16:33:54
Knowby Examples,2b4c3151-9cb4-439e-8eda-a7ba59592d04,MMU - E-Stop Familiarisation - Wayfinder Version,44ed-a978-e8d990e2----8b3d-aef900a6bb99,Robert Perez,31/08/2025,17:56:47
Knowby Examples,2b4c3151-9cb4-439e-8eda-a7ba59592d04,MMU - E-Stop Familiarisation - Wayfinder Version,44ed-a978-e8d990e2----8b3d-aef900a6bb99,Robert Perez,31/08/2025,15:10:23
Knowby Examples,2b4c3151-9cb4-439e-8eda-a7ba59592d04,MMU - E-Stop Familiarisation - Wayfinder Version,44ed-a978-e8d990e2----8b3d-aef900a6bb99,Robert Perez,31/08/2025,15:51:11
Knowby Examples,2b4c3151-9cb4-439e-8eda-a7ba59592d04,MMU - E-Stop Familiarisation - Wayfinder Version,44ed-a978-e8d990e2----8b3d-aef900a6bb99,Robert Perez,09/01/2025,16:27:18
Knowby Examples,2b4c3151-9cb4-439e-8eda-a7ba59592d04,MMU - E-Stop Familiarisation - Wayfinder Version,44ed-a978-e8d990e2----8b3d-aef900a6bb99,Robert Perez,09/01/2025,09:14:09
Knowby Examples,2b4c3151-9cb4-439e-8eda-a7ba59592d04,MMU - E-Stop Familiarisation - Wayfinder Version,44ed-a978-e8d990e2----8b3d-aef900a6bb99,Robert Perez,09/07/2025,15:42:24
Knowby Examples,2b4c3151-9cb4-439e-8eda-a7ba59592d04,MMU - E-Stop Familiarisation - Wayfinder Version,44ed-a978-e8d990e2----8b3d-aef900a6bb99,Robert Perez,09/07/2025,17:30:13
Knowby Examples,2b4c3151-9cb4-439e-8eda-a7ba59592d04,MMU - E-Stop Familiarisation - Wayfinder Version,44ed-a978-e8d990e2----8b3d-aef900a6bb99,Robert Perez,09/11/2024,08:19:18
Knowby Examples,2b4c3151-9cb4-439e-8eda-a7ba59592d04,MMU - E-Stop Familiarisation - Wayfinder Version,44ed-a978-e8d990e2----8b3d-aef900a6bb99,Robert Perez,09/11/2025,15:14:35
Knowby Examples,2b4c3151-9cb4-439e-8eda-a7ba59592d04,MMU - E-Stop Familiarisation - Wayfinder Version,44ed-a978-e8d990e2----8b3d-aef900a6bb99,Robert Perez,14/09/2025,17:42:39
Knowby Examples,2b4c3151-9cb4-439e-8eda-a7ba59592d04,MMU - E-Stop Familiarisation - Wayfinder Version,44ed-a978-e8d990e2----8b3d-aef900a6bb99,Robert Perez,14/09/2025,14:18:02
Knowby Examples,2b4c3151-9cb4-439e-8eda-a7ba59592d04,MMU - E-Stop Familiarisation - Wayfinder Version,44ed-a978-e8d990e2----8b3d-aef900a6bb99,Robert Perez,20/09/2024,14:39:16
Knowby Examples,2b4c3151-9cb4-439e-8eda-a7ba59592d04,MMU - E-Stop Familiarisation - Wayfinder Version,44ed-a978-e8d990e2----8b3d-aef900a6bb99,Robert Perez,25/09/2025,09:59:21
Knowby Examples,2b4c3151-9cb4-439e-8eda-a7ba59592d04,MMU - E-Stop Familiarisation - Wayfinder Version,44ed-a978-e8d990e2----8b3d-aef900a6bb99,Robert Perez,27/09/2025,12:33:42
Knowby Examples,2b4c3151-9cb4-439e-8eda-a7ba59592d04,MMU - E-Stop Familiarisation - Wayfinder Version,44ed-a978-e8d990e2----8b3d-aef900a6bb99,Robert Perez,17/10/2025,15:34:53
Knowby Examples,2b4c3151-9cb4-439e-8eda-a7ba59592d04,MMU - E-Stop Familiarisation - Wayfinder Version,44ed-a978-e8d990e2----8b3d-aef900a6bb99,Robert Perez,18/10/2024,13:49:27
Knowby Examples,2b4c3151-9cb4-439e-8eda-a7ba59592d04,MMU - E-Stop Familiarisation - Wayfinder Version,44ed-a978-e8d990e2----8b3d-aef900a6bb99,Robert Perez,19/10/2025,12:52:24
Knowby Examples,2b4c3151-9cb4-439e-8eda-a7ba59592d04,MMU - E-Stop Familiarisation - Wayfinder Version,44ed-a978-e8d990e2----8b3d-aef900a6bb99,Robert Perez,15/11/2025,10:14:49
Knowby Examples,2b4c3151-9cb4-439e-8eda-a7ba59592d04,MMU - E-Stop Familiarisation - Wayfinder Version,44ed-a978-e8d990e2----8b3d-aef900a6bb99,Robert Perez,15/11/2025,08:45:22
Knowby Examples,2b4c3151-9cb4-439e-8eda-a7ba59592d04,MMU - E-Stop Familiarisation - Wayfinder Version,44ed-a978-e8d990e2----8b3d-aef900a6bb99,Robert Perez,20/11/2025,12:09:09
Knowby Examples,2b4c3151-9cb4-439e-8eda-a7ba59592d04,MMU - E-Stop Familiarisation - Wayfinder Version,44ed-a978-e8d990e2----8b3d-aef900a6bb99,Robert Perez,20/11/2025,10:45:38
Knowby Examples,2b4c3151-9cb4-439e-8eda-a7ba59592d04,MMU - E-Stop Familiarisation - Wayfinder Version,44ed-a978-e8d990e2----8b3d-aef900a6bb99,Robert Perez,20/11/2024,10:40:51
Knowby Examples,2b4c3151-9cb4-439e-8eda-a7ba59592d04,MMU - E-Stop Familiarisation - Wayfinder Version,44ed-a978-e8d990e2----8b3d-aef900a6bb99,Robert Perez,20/11/2025,13:19:10
Knowby Examples,2b4c3151-9cb4-439e-8eda-a7ba59592d04,MMU - E-Stop Familiarisation - Wayfinder Version,44ed-a978-e8d990e2----8b3d-aef900a6bb99,Robert Perez,20/11/2025,09:15:18
Knowby Examples,2b4c3151-9cb4-439e-8eda-a7ba59592d04,MMU - E-Stop Familiarisation - Wayfinder Version,44ed-a978-e8d990e2----8b3d-aef900a6bb99,Robert Perez,20/11/2025,09:20:53
Knowby Examples,2b4c3151-9cb4-439e-8eda-a7ba59592d04,MMU - E-Stop Familiarisation - Wayfinder Version,44ed-a978-e8d990e2----8b3d-aef900a6bb99,Robert Perez,20/11/2025,14:20:04
Knowby Examples,2b4c3151-9cb4-439e-8eda-a7ba59592d04,MMU - E-Stop Familiarisation - Wayfinder Version,44ed-a978-e8d990e2----8b3d-aef900a6bb99,Robert Perez,20/11/2025,10:10:33
Knowby Examples,2b4c3151-9cb4-439e-8eda-a7ba59592d04,MMU - E-Stop Familiarisation - Wayfinder Version,44ed-a978-e8d990e2----8b3d-aef900a6bb99,Robert Perez,30/11/2025,10:19:48
Knowby Examples,2b4c3151-9cb4-439e-8eda-a7ba59592d04,MMU - E-Stop Familiarisation - Wayfinder Version,44ed-a978-e8d990e2----8b3d-aef900a6bb99,Robert Perez,12/01/2025,10:46:30
Knowby Examples,2b4c3151-9cb4-439e-8eda-a7ba59592d04,MMU - E-Stop Familiarisation - Wayfinder Version,44ed-a978-e8d990e2----8b3d-aef900a6bb99,Robert Perez,12/01/2025,13:57:27
Knowby Examples,2b4c3151-9cb4-439e-8eda-a7ba59592d04,MMU - E-Stop Familiarisation - Wayfinder Version,44ed-a978-e8d990e2----8b3d-aef900a6bb99,Robert Perez,05/01/2025,14:39:16
Knowby Examples,2b4c3151-9cb4-439e-8eda-a7ba59592d04,MMU - E-Stop Familiarisation - Wayfinder Version,44ed-a978-e8d990e2----8b3d-aef900a6bb99,Robert Perez,05/03/2025,13:23:03
Knowby Examples,2b4c3151-9cb4-439e-8eda-a7ba59592d04,MMU - E-Stop Familiarisation - Wayfinder Version,44ed-a978-e8d990e2----8b3d-aef900a6bb99,Robert Perez,05/03/2025,17:35:12
Knowby Examples,2b4c3151-9cb4-439e-8eda-a7ba59592d04,MMU - E-Stop Familiarisation - Wayfinder Version,44ed-a978-e8d990e2----8b3d-aef900a6bb99,Robert Perez,15/05/2025,15:20:37
Knowby Examples,2b4c3151-9cb4-439e-8eda-a7ba59592d04,MMU - E-Stop Familiarisation - Wayfinder Version,44ed-a978-e8d990e2----8b3d-aef900a6bb99,Robert Perez,24/05/2025,11:14:25
Knowby Examples,2b4c3151-9cb4-439e-8eda-a7ba59592d04,MMU - E-Stop Familiarisation - Wayfinder Version,44ed-a978-e8d990e2----8b3d-aef900a6bb99,Robert Perez,29/05/2025,17:20:33
Knowby Examples,2b4c3151-9cb4-439e-8eda-a7ba59592d04,MMU - E-Stop Familiarisation - Wayfinder Version,44ed-a978-e8d990e2----8b3d-aef900a6bb99,Robert Perez,31/05/2025,09:39:09
Knowby Examples,2b4c3151-9cb4-439e-8eda-a7ba59592d04,MMU - E-Stop Familiarisation - Wayfinder Version,44ed-a978-e8d990e2----8b3d-aef900a6bb99,Robert Perez,31/05/2025,12:42:32
Knowby Examples,2b4c3151-9cb4-439e-8eda-a7ba59592d04,MMU - E-Stop Familiarisation - Wayfinder Version,44ed-a978-e8d990e2----8b3d-aef900a6bb99,Robert Perez,17/07/2025,09:20:56
Knowby Examples,2b4c3151-9cb4-439e-8eda-a7ba59592d04,MMU - E-Stop Familiarisation - Wayfinder Version,44ed-a978-e8d990e2----8b3d-aef900a6bb99,Robert Perez,23/07/2025,14:37:21
Knowby Examples,2b4c3151-9cb4-439e-8eda-a7ba59592d04,MMU - E-Stop Familiarisation - Wayfinder Version,44ed-a978-e8d990e2----8b3d-aef900a6bb99,Robert Perez,31/07/2025,12:42:14
Knowby Examples,2b4c3151-9cb4-439e-8eda-a7ba59592d04,MMU - E-Stop Familiarisation - Wayfinder Version,44ed-a978-e8d990e2----8b3d-aef900a6bb99,Robert Perez,08/02/2025,08:18:08
Knowby Examples,2b4c3151-9cb4-439e-8eda-a7ba59592d04,MMU - E-Stop Familiarisation - Wayfinder Version,44ed-a978-e8d990e2----8b3d-aef900a6bb99,Robert Perez,14/08/2025,15:31:26
Knowby Examples,2b4c3151-9cb4-439e-8eda-a7ba59592d04,MMU - E-Stop Familiarisation - Wayfinder Version,44ed-a978-e8d990e2----8b3d-aef900a6bb99,Robert Perez,25/09/2025,08:55:51
Knowby Examples,2b4c3151-9cb4-439e-8eda-a7ba59592d04,MMU - E-Stop Familiarisation - Wayfinder Version,44ed-a978-e8d990e2----8b3d-aef900a6bb99,Robert Perez,25/09/2025,10:15:20
Knowby Examples,2b4c3151-9cb4-439e-8eda-a7ba59592d04,MMU - E-Stop Familiarisation - Wayfinder Version,44ed-a978-e8d990e2----8b3d-aef900a6bb99,Robert Perez,10/08/2025,08:12:36
Knowby Examples,2b4c3151-9cb4-439e-8eda-a7ba59592d04,MMU - E-Stop Familiarisation - Wayfinder Version,44ed-a978-e8d990e2----8b3d-aef900a6bb99,Robert Perez,22/10/2025,17:30:03
Knowby Examples,2b4c3151-9cb4-439e-8eda-a7ba59592d04,MMU - E-Stop Familiarisation - Wayfinder Version,44ed-a978-e8d990e2----8b3d-aef900a6bb99,Robert Perez,23/10/2025,12:31:53
Knowby Examples,2b4c3151-9cb4-439e-8eda-a7ba59592d04,MMU - E-Stop Familiarisation - Wayfinder Version,44ed-a978-e8d990e2----8b3d-aef900a6bb99,Robert Perez,23/10/2025,10:34:33
Knowby Examples,2b4c3151-9cb4-439e-8eda-a7ba59592d04,MMU - E-Stop Familiarisation - Wayfinder Version,44ed-a978-e8d990e2----8b3d-aef900a6bb99,Robert Perez,28/10/2025,14:09:27
Knowby Examples,2b4c3151-9cb4-439e-8eda-a7ba59592d04,MMU - E-Stop Familiarisation - Wayfinder Version,44ed-a978-e8d990e2----8b3d-aef900a6bb99,Robert Perez,29/10/2024,13:06:43
Knowby Examples,2b4c3151-9cb4-439e-8eda-a7ba59592d04,MMU - E-Stop Familiarisation - Wayfinder Version,44ed-a978-e8d990e2----8b3d-aef900a6bb99,Robert Perez,30/10/2024,10:51:43
Knowby Examples,2b4c3151-9cb4-439e-8eda-a7ba59592d04,MMU - E-Stop Familiarisation - Wayfinder Version,44ed-a978-e8d990e2----8b3d-aef900a6bb99,Robert Perez,17/11/2025,12:18:08
Knowby Examples,2b4c3151-9cb4-439e-8eda-a7ba59592d04,MMU - E-Stop Familiarisation - Wayfinder Version,44ed-a978-e8d990e2----8b3d-aef900a6bb99,Robert Perez,21/11/2025,14:35:45
Knowby Examples,2b4c3151-9cb4-439e-8eda-a7ba59592d04,MMU - E-Stop Familiarisation - Wayfinder Version,44ed-a978-e8d990e2----8b3d-aef900a6bb99,Robert Perez,27/11/2025,15:48:30
Knowby Examples,2b4c3151-9cb4-439e-8eda-a7ba59592d04,MMU - E-Stop Familiarisation - Wayfinder Version,44ed-a978-e8d990e2----8b3d-aef900a6bb99,Robert Perez,16/01/2025,09:26:27
Knowby Examples,2b4c3151-9cb4-439e-8eda-a7ba59592d04,MMU - E-Stop Familiarisation - Wayfinder Version,44ed-a978-e8d990e2----8b3d-aef900a6bb99,Robert Perez,17/01/2025,10:02:30
Knowby Examples,2b4c3151-9cb4-439e-8eda-a7ba59592d04,MMU - E-Stop Familiarisation - Wayfinder Version,44ed-a978-e8d990e2----8b3d-aef900a6bb99,Robert Perez,17/01/2024,09:31:30
Knowby Examples,2b4c3151-9cb4-439e-8eda-a7ba59592d04,MMU - E-Stop Familiarisation - Wayfinder Version,44ed-a978-e8d990e2----8b3d-aef900a6bb99,Robert Perez,17/01/2025,08:05:05
Knowby Examples,2b4c3151-9cb4-439e-8eda-a7ba59592d04,MMU - E-Stop Familiarisation - Wayfinder Version,44ed-a978-e8d990e2----8b3d-aef900a6bb99,Robert Perez,17/01/2025,16:56:03
Knowby Examples,2b4c3151-9cb4-439e-8eda-a7ba59592d04,MMU - E-Stop Familiarisation - Wayfinder Version,44ed-a978-e8d990e2----8b3d-aef900a6bb99,Robert Perez,21/01/2025,08:27:51
Knowby Examples,2b4c3151-9cb4-439e-8eda-a7ba59592d04,MMU - E-Stop Familiarisation - Wayfinder Version,44ed-a978-e8d990e2----8b3d-aef900a6bb99,Robert Perez,21/01/2024,14:42:12
Knowby Examples,2b4c3151-9cb4-439e-8eda-a7ba59592d04,MMU - E-Stop Familiarisation - Wayfinder Version,44ed-a978-e8d990e2----8b3d-aef900a6bb99,Robert Perez,22/01/2024,13:12:40
Knowby Examples,2b4c3151-9cb4-439e-8eda-a7ba59592d04,MMU - E-Stop Familiarisation - Wayfinder Version,44ed-a978-e8d990e2----8b3d-aef900a6bb99,Robert Perez,22/01/2025,15:33:22
Knowby Examples,2b4c3151-9cb4-439e-8eda-a7ba59592d04,MMU - E-Stop Familiarisation - Wayfinder Version,44ed-a978-e8d990e2----8b3d-aef900a6bb99,Robert Perez,22/01/2025,15:14:01
Knowby Examples,2b4c3151-9cb4-439e-8eda-a7ba59592d04,MMU - E-Stop Familiarisation - Wayfinder Version,44ed-a978-e8d990e2----8b3d-aef900a6bb99,Robert Perez,22/01/2025,13:37:53
Knowby Examples,2b4c3151-9cb4-439e-8eda-a7ba59592d04,MMU - E-Stop Familiarisation - Wayfinder Version,44ed-a978-e8d990e2----8b3d-aef900a6bb99,Robert Perez,22/01/2025,14:53:01
Knowby Examples,2b4c3151-9cb4-439e-8eda-a7ba59592d04,MMU - E-Stop Familiarisation - Wayfinder Version,44ed-a978-e8d990e2----8b3d-aef900a6bb99,Robert Perez,22/01/2025,12:25:17
Knowby Examples,2b4c3151-9cb4-439e-8eda-a7ba59592d04,MMU - E-Stop Familiarisation - Wayfinder Version,44ed-a978-e8d990e2----8b3d-aef900a6bb99,Robert Perez,29/01/2025,15:00:26
Knowby Examples,2b4c3151-9cb4-439e-8eda-a7ba59592d04,MMU - E-Stop Familiarisation - Wayfinder Version,44ed-a978-e8d990e2----8b3d-aef900a6bb99,Robert Perez,29/01/2025,13:52:02
Knowby Examples,2b4c3151-9cb4-439e-8eda-a7ba59592d04,MMU - E-Stop Familiarisation - Wayfinder Version,44ed-a978-e8d990e2----8b3d-aef900a6bb99,Robert Perez,29/01/2025,10:55:34
Knowby Examples,2b4c3151-9cb4-439e-8eda-a7ba59592d04,MMU - E-Stop Familiarisation - Wayfinder Version,44ed-a978-e8d990e2----8b3d-aef900a6bb99,Robert Perez,29/01/2025,14:23:30
Knowby Examples,2b4c3151-9cb4-439e-8eda-a7ba59592d04,MMU - E-Stop Familiarisation - Wayfinder Version,44ed-a978-e8d990e2----8b3d-aef900a6bb99,Robert Perez,02/03/2025,08:13:23
Knowby Examples,2b4c3151-9cb4-439e-8eda-a7ba59592d04,MMU - E-Stop Familiarisation - Wayfinder Version,44ed-a978-e8d990e2----8b3d-aef900a6bb99,Robert Perez,02/03/2025,13:46:54
Knowby Examples,2b4c3151-9cb4-439e-8eda-a7ba59592d04,MMU - E-Stop Familiarisation - Wayfinder Version,44ed-a978-e8d990e2----8b3d-aef900a6bb99,Robert Perez,02/05/2025,10:53:58
Knowby Examples,2b4c3151-9cb4-439e-8eda-a7ba59592d04,MMU - E-Stop Familiarisation - Wayfinder Version,44ed-a978-e8d990e2----8b3d-aef900a6bb99,Robert Perez,02/05/2025,14:28:57
Knowby Examples,2b4c3151-9cb4-439e-8eda-a7ba59592d04,MMU - E-Stop Familiarisation - Wayfinder Version,44ed-a978-e8d990e2----8b3d-aef900a6bb99,Robert Perez,02/10/2025,08:07:08
Knowby Examples,2b4c3151-9cb4-439e-8eda-a7ba59592d04,MMU - E-Stop Familiarisation - Wayfinder Version,44ed-a978-e8d990e2----8b3d-aef900a6bb99,Robert Perez,02/10/2025,13:03:04
Knowby Examples,2b4c3151-9cb4-439e-8eda-a7ba59592d04,MMU - E-Stop Familiarisation - Wayfinder Version,44ed-a978-e8d990e2----8b3d-aef900a6bb99,Robert Perez,02/10/2025,14:37:20
Knowby Examples,2b4c3151-9cb4-439e-8eda-a7ba59592d04,MMU - E-Stop Familiarisation - Wayfinder Version,44ed-a978-e8d990e2----8b3d-aef900a6bb99,Robert Perez,13/02/2025,16:34:19
Knowby Examples,2b4c3151-9cb4-439e-8eda-a7ba59592d04,MMU - E-Stop Familiarisation - Wayfinder Version,44ed-a978-e8d990e2----8b3d-aef900a6bb99,Robert Perez,13/02/2024,15:38:03
Knowby Examples,2b4c3151-9cb4-439e-8eda-a7ba59592d04,MMU - E-Stop Familiarisation - Wayfinder Version,44ed-a978-e8d990e2----8b3d-aef900a6bb99,Robert Perez,03/10/2025,15:56:01
Knowby Examples,2b4c3151-9cb4-439e-8eda-a7ba59592d04,MMU - E-Stop Familiarisation - Wayfinder Version,44ed-a978-e8d990e2----8b3d-aef900a6bb99,Robert Perez,03/10/2025,08:25:11
Knowby Examples,2b4c3151-9cb4-439e-8eda-a7ba59592d04,MMU - E-Stop Familiarisation - Wayfinder Version,44ed-a978-e8d990e2----8b3d-aef900a6bb99,Robert Perez,27/03/2025,17:40:25
Knowby Examples,2b4c3151-9cb4-439e-8eda-a7ba59592d04,MMU - E-Stop Familiarisation - Wayfinder Version,44ed-a978-e8d990e2----8b3d-aef900a6bb99,Robert Perez,04/01/2025,15:12:50
Knowby Examples,2b4c3151-9cb4-439e-8eda-a7ba59592d04,MMU - E-Stop Familiarisation - Wayfinder Version,44ed-a978-e8d990e2----8b3d-aef900a6bb99,Robert Perez,04/01/2025,11:32:15
Knowby Examples,2b4c3151-9cb4-439e-8eda-a7ba59592d04,MMU - E-Stop Familiarisation - Wayfinder Version,44ed-a978-e8d990e2----8b3d-aef900a6bb99,Robert Perez,04/01/2025,11:38:05
Knowby Examples,2b4c3151-9cb4-439e-8eda-a7ba59592d04,MMU - E-Stop Familiarisation - Wayfinder Version,44ed-a978-e8d990e2----8b3d-aef900a6bb99,Robert Perez,04/02/2025,11:37:38
Knowby Examples,2b4c3151-9cb4-439e-8eda-a7ba59592d04,MMU - E-Stop Familiarisation - Wayfinder Version,44ed-a978-e8d990e2----8b3d-aef900a6bb99,Robert Perez,04/07/2024,17:21:21
Knowby Examples,2b4c3151-9cb4-439e-8eda-a7ba59592d04,MMU - E-Stop Familiarisation - Wayfinder Version,44ed-a978-e8d990e2----8b3d-aef900a6bb99,Robert Perez,04/07/2024,14:18:35
Knowby Examples,2b4c3151-9cb4-439e-8eda-a7ba59592d04,MMU - E-Stop Familiarisation - Wayfinder Version,44ed-a978-e8d990e2----8b3d-aef900a6bb99,Robert Perez,15/04/2025,14:26:03
Knowby Examples,2b4c3151-9cb4-439e-8eda-a7ba59592d04,MMU - E-Stop Familiarisation - Wayfinder Version,44ed-a978-e8d990e2----8b3d-aef900a6bb99,Robert Perez,15/04/2025,15:02:49
Knowby Examples,2b4c3151-9cb4-439e-8eda-a7ba59592d04,MMU - E-Stop Familiarisation - Wayfinder Version,44ed-a978-e8d990e2----8b3d-aef900a6bb99,Robert Perez,22/04/2024,13:10:20
Knowby Examples,2b4c3151-9cb4-439e-8eda-a7ba59592d04,MMU - E-Stop Familiarisation - Wayfinder Version,44ed-a978-e8d990e2----8b3d-aef900a6bb99,Robert Perez,30/04/2025,13:47:42
Knowby Examples,2b4c3151-9cb4-439e-8eda-a7ba59592d04,MMU - E-Stop Familiarisation - Wayfinder Version,44ed-a978-e8d990e2----8b3d-aef900a6bb99,Robert Perez,05/01/2025,14:50:57
Knowby Examples,2b4c3151-9cb4-439e-8eda-a7ba59592d04,MMU - E-Stop Familiarisation - Wayfinder Version,44ed-a978-e8d990e2----8b3d-aef900a6bb99,Robert Perez,05/01/2025,08:30:13
Knowby Examples,2b4c3151-9cb4-439e-8eda-a7ba59592d04,MMU - E-Stop Familiarisation - Wayfinder Version,44ed-a978-e8d990e2----8b3d-aef900a6bb99,Robert Perez,05/01/2025,17:36:31
Knowby Examples,2b4c3151-9cb4-439e-8eda-a7ba59592d04,MMU - E-Stop Familiarisation - Wayfinder Version,461a-a7ab-cd6791bf----a425-ad2b7c56ee35,Rebecca Walker,21/01/2025,09:15:24
Knowby Examples,2b4c3151-9cb4-439e-8eda-a7ba59592d04,MMU - E-Stop Familiarisation - Wayfinder Version,4ed4-864f-db17168a----9128-a3c9ddb6e3ea,Carol Jones,07/06/2025,11:53:02
Knowby Examples,2b4c3151-9cb4-439e-8eda-a7ba59592d04,MMU - E-Stop Familiarisation - Wayfinder Version,4ed4-864f-db17168a----9128-a3c9ddb6e3ea,Carol Jones,08/12/2025,10:30:41
Knowby Examples,2b4c3151-9cb4-439e-8eda-a7ba59592d04,MMU - E-Stop Familiarisation - Wayfinder Version,4ed4-864f-db17168a----9128-a3c9ddb6e3ea,Carol Jones,23/10/2025,11:16:20
Knowby Examples,2b4c3151-9cb4-439e-8eda-a7ba59592d04,MMU - E-Stop Familiarisation - Wayfinder Version,4ed4-864f-db17168a----9128-a3c9ddb6e3ea,Carol Jones,25/10/2025,11:03:57
Knowby Examples,2b4c3151-9cb4-439e-8eda-a7ba59592d04,MMU - E-Stop Familiarisation - Wayfinder Version,4ed4-864f-db17168a----9128-a3c9ddb6e3ea,Carol Jones,21/11/2025,13:56:58
Knowby Examples,2b4c3151-9cb4-439e-8eda-a7ba59592d04,MMU - E-Stop Familiarisation - Wayfinder Version,4ed4-864f-db17168a----9128-a3c9ddb6e3ea,Carol Jones,21/11/2024,11:55:05
Knowby Examples,2b4c3151-9cb4-439e-8eda-a7ba59592d04,MMU - E-Stop Familiarisation - Wayfinder Version,4ed4-864f-db17168a----9128-a3c9ddb6e3ea,Carol Jones,21/11/2024,11:33:59
Knowby Examples,2b4c3151-9cb4-439e-8eda-a7ba59592d04,MMU - E-Stop Familiarisation - Wayfinder Version,4ed4-864f-db17168a----9128-a3c9ddb6e3ea,Carol Jones,18/12/2025,15:46:41
Knowby Examples,2b4c3151-9cb4-439e-8eda-a7ba59592d04,MMU - E-Stop Familiarisation - Wayfinder Version,4ed4-864f-db17168a----9128-a3c9ddb6e3ea,Carol Jones,16/01/2025,08:34:21
Knowby Examples,2b4c3151-9cb4-439e-8eda-a7ba59592d04,MMU - E-Stop Familiarisation - Wayfinder Version,40cf-6eb7-521cd9aa----b44e-b3bc2ae815ea,Robert Rodriguez,14/10/2025,17:12:18
Knowby Examples,2b4c3151-9cb4-439e-8eda-a7ba59592d04,MMU - E-Stop Familiarisation - Wayfinder Version,40cf-6eb7-521cd9aa----b44e-b3bc2ae815ea,Robert Rodriguez,14/10/2025,11:20:08
Knowby Examples,2b4c3151-9cb4-439e-8eda-a7ba59592d04,MMU - E-Stop Familiarisation - Wayfinder Version,4f16-eda6-7db766e9----bc66-af8100c46bb3,Jared Foster,21/11/2025,10:20:03
Knowby Examples,2b4c3151-9cb4-439e-8eda-a7ba59592d04,MMU - E-Stop Familiarisation - Wayfinder Version,4d1a-2d52-b574cc8e----b6c0-af3b0075112b,Melanie Wilson,20/08/2024,15:08:15
Knowby Examples,2b4c3151-9cb4-439e-8eda-a7ba59592d04,MMU - E-Stop Familiarisation - Wayfinder Version,4d1a-2d52-b574cc8e----b6c0-af3b0075112b,Melanie Wilson,20/08/2025,11:54:33
Knowby Examples,2b4c3151-9cb4-439e-8eda-a7ba59592d04,MMU - E-Stop Familiarisation - Wayfinder Version,4d1a-2d52-b574cc8e----b6c0-af3b0075112b,Melanie Wilson,30/08/2025,16:13:07
Knowby Examples,2b4c3151-9cb4-439e-8eda-a7ba59592d04,MMU - E-Stop Familiarisation - Wayfinder Version,4dd1-509e-67e290d9----bb68-afdb00c8af51,Cristian Gonzalez,03/11/2025,11:02:34
Knowby Examples,2b4c3151-9cb4-439e-8eda-a7ba59592d04,MMU - E-Stop Familiarisation - Wayfinder Version,4dd1-509e-67e290d9----bb68-afdb00c8af51,Cristian Gonzalez,29/04/2025,09:27:29
Knowby Examples,2b4c3151-9cb4-439e-8eda-a7ba59592d04,MMU - E-Stop Familiarisation - Wayfinder Version,4ed4-864f-db17168a----9128-a3c9ddb6e3ea,Carol Jones,25/02/2025,08:57:30
Knowby Examples,2b4c3151-9cb4-439e-8eda-a7ba59592d04,MMU - E-Stop Familiarisation - Wayfinder Version,4ed4-864f-db17168a----9128-a3c9ddb6e3ea,Carol Jones,25/02/2025,16:18:13
Knowby Examples,100b5b42-9303-485d-81b4-8f3ecc636387,Creating a Work Order in SAP,4cb2-65da-696d957b----9f0d-54f7230f93ca,Andrew Mueller,16/09/2025,15:45:28
Knowby Examples,100b5b42-9303-485d-81b4-8f3ecc636387,Creating a Work Order in SAP,4cb2-65da-696d957b----9f0d-54f7230f93ca,Andrew Mueller,16/09/2025,15:52:22
Knowby Examples,100b5b42-9303-485d-81b4-8f3ecc636387,Creating a Work Order in SAP,4cb2-65da-696d957b----9f0d-54f7230f93ca,Andrew Mueller,16/09/2025,09:24:59
Knowby Examples,100b5b42-9303-485d-81b4-8f3ecc636387,Creating a Work Order in SAP,4dd1-509e-67e290d9----bb68-afdb00c8af51,Cristian Gonzalez,14/08/2024,12:50:08
Knowby Examples,100b5b42-9303-485d-81b4-8f3ecc636387,Creating a Work Order in SAP,4dd1-509e-67e290d9----bb68-afdb00c8af51,Cristian Gonzalez,23/09/2025,13:46:03
Knowby Examples,100b5b42-9303-485d-81b4-8f3ecc636387,Creating a Work Order in SAP,4dd1-509e-67e290d9----bb68-afdb00c8af51,Cristian Gonzalez,23/09/2025,17:23:09
Knowby Examples,100b5b42-9303-485d-81b4-8f3ecc636387,Creating a Work Order in SAP,4dd1-509e-67e290d9----bb68-afdb00c8af51,Cristian Gonzalez,24/09/2025,11:27:40
Knowby Examples,100b5b42-9303-485d-81b4-8f3ecc636387,Creating a Work Order in SAP,4dd1-509e-67e290d9----bb68-afdb00c8af51,Cristian Gonzalez,25/09/2025,11:08:26
Knowby Examples,100b5b42-9303-485d-81b4-8f3ecc636387,Creating a Work Order in SAP,4dd1-509e-67e290d9----bb68-afdb00c8af51,Cristian Gonzalez,25/09/2025,15:24:48
Knowby Examples,100b5b42-9303-485d-81b4-8f3ecc636387,Creating a Work Order in SAP,4dd1-509e-67e290d9----bb68-afdb00c8af51,Cristian Gonzalez,25/09/2025,16:21:28
Knowby Examples,100b5b42-9303-485d-81b4-8f3ecc636387,Creating a Work Order in SAP,4dd1-509e-67e290d9----bb68-afdb00c8af51,Cristian Gonzalez,25/09/2025,08:59:02
Knowby Examples,100b5b42-9303-485d-81b4-8f3ecc636387,Creating a Work Order in SAP,4dd1-509e-67e290d9----bb68-afdb00c8af51,Cristian Gonzalez,25/09/2025,11:33:11
Knowby Examples,100b5b42-9303-485d-81b4-8f3ecc636387,Creating a Work Order in SAP,4dd1-509e-67e290d9----bb68-afdb00c8af51,Cristian Gonzalez,25/09/2024,12:09:15
Knowby Examples,100b5b42-9303-485d-81b4-8f3ecc636387,Creating a Work Order in SAP,4dd1-509e-67e290d9----bb68-afdb00c8af51,Cristian Gonzalez,25/09/2024,17:27:36
Knowby Examples,100b5b42-9303-485d-81b4-8f3ecc636387,Creating a Work Order in SAP,4dd1-509e-67e290d9----bb68-afdb00c8af51,Cristian Gonzalez,26/09/2025,17:09:01
Knowby Examples,100b5b42-9303-485d-81b4-8f3ecc636387,Creating a Work Order in SAP,4dd1-509e-67e290d9----bb68-afdb00c8af51,Cristian Gonzalez,26/09/2025,11:11:46
Knowby Examples,100b5b42-9303-485d-81b4-8f3ecc636387,Creating a Work Order in SAP,4dd1-509e-67e290d9----bb68-afdb00c8af51,Cristian Gonzalez,10/08/2025,08:37:08
Knowby Examples,100b5b42-9303-485d-81b4-8f3ecc636387,Creating a Work Order in SAP,4d2c-583f-adfb71a0----947b-af0c00af8d6b,Adriana Sanders,15/08/2025,11:34:35
Knowby Examples,100b5b42-9303-485d-81b4-8f3ecc636387,Creating a Work Order in SAP,4d2c-583f-adfb71a0----947b-af0c00af8d6b,Adriana Sanders,29/09/2025,09:46:17
Knowby Examples,100b5b42-9303-485d-81b4-8f3ecc636387,Creating a Work Order in SAP,4d2c-583f-adfb71a0----947b-af0c00af8d6b,Adriana Sanders,11/01/2025,12:28:00
Knowby Examples,100b5b42-9303-485d-81b4-8f3ecc636387,Creating a Work Order in SAP,4d2c-583f-adfb71a0----947b-af0c00af8d6b,Adriana Sanders,26/01/2025,11:39:48
Knowby Examples,100b5b42-9303-485d-81b4-8f3ecc636387,Creating a Work Order in SAP,411c-f567-2e4c7697----90d9-1cccc21596a3,Regina Evans,13/08/2025,09:57:56
Knowby Examples,100b5b42-9303-485d-81b4-8f3ecc636387,Creating a Work Order in SAP,411c-f567-2e4c7697----90d9-1cccc21596a3,Regina Evans,13/08/2025,15:32:56
Knowby Examples,100b5b42-9303-485d-81b4-8f3ecc636387,Creating a Work Order in SAP,411c-f567-2e4c7697----90d9-1cccc21596a3,Regina Evans,13/08/2025,16:15:55
Knowby Examples,100b5b42-9303-485d-81b4-8f3ecc636387,Creating a Work Order in SAP,411c-f567-2e4c7697----90d9-1cccc21596a3,Regina Evans,11/03/2024,14:59:13
Knowby Examples,100b5b42-9303-485d-81b4-8f3ecc636387,Creating a Work Order in SAP,44ed-a978-e8d990e2----8b3d-aef900a6bb99,Robert Perez,26/06/2025,12:42:37
Knowby Examples,100b5b42-9303-485d-81b4-8f3ecc636387,Creating a Work Order in SAP,44ed-a978-e8d990e2----8b3d-aef900a6bb99,Robert Perez,07/08/2025,14:14:36
Knowby Examples,100b5b42-9303-485d-81b4-8f3ecc636387,Creating a Work Order in SAP,44ed-a978-e8d990e2----8b3d-aef900a6bb99,Robert Perez,08/01/2025,09:52:54
Knowby Examples,100b5b42-9303-485d-81b4-8f3ecc636387,Creating a Work Order in SAP,44ed-a978-e8d990e2----8b3d-aef900a6bb99,Robert Perez,14/08/2025,16:54:20
Knowby Examples,100b5b42-9303-485d-81b4-8f3ecc636387,Creating a Work Order in SAP,44ed-a978-e8d990e2----8b3d-aef900a6bb99,Robert Perez,21/08/2025,15:56:00
Knowby Examples,100b5b42-9303-485d-81b4-8f3ecc636387,Creating a Work Order in SAP,44ed-a978-e8d990e2----8b3d-aef900a6bb99,Robert Perez,22/08/2025,13:11:47
Knowby Examples,100b5b42-9303-485d-81b4-8f3ecc636387,Creating a Work Order in SAP,44ed-a978-e8d990e2----8b3d-aef900a6bb99,Robert Perez,09/10/2025,12:40:21
Knowby Examples,100b5b42-9303-485d-81b4-8f3ecc636387,Creating a Work Order in SAP,44ed-a978-e8d990e2----8b3d-aef900a6bb99,Robert Perez,09/10/2025,12:38:07
Knowby Examples,100b5b42-9303-485d-81b4-8f3ecc636387,Creating a Work Order in SAP,44ed-a978-e8d990e2----8b3d-aef900a6bb99,Robert Perez,16/09/2025,08:40:37
Knowby Examples,100b5b42-9303-485d-81b4-8f3ecc636387,Creating a Work Order in SAP,44ed-a978-e8d990e2----8b3d-aef900a6bb99,Robert Perez,24/09/2025,08:50:24
Knowby Examples,100b5b42-9303-485d-81b4-8f3ecc636387,Creating a Work Order in SAP,44ed-a978-e8d990e2----8b3d-aef900a6bb99,Robert Perez,25/09/2025,17:53:10
Knowby Examples,100b5b42-9303-485d-81b4-8f3ecc636387,Creating a Work Order in SAP,44ed-a978-e8d990e2----8b3d-aef900a6bb99,Robert Perez,25/09/2025,11:35:38
Knowby Examples,100b5b42-9303-485d-81b4-8f3ecc636387,Creating a Work Order in SAP,44ed-a978-e8d990e2----8b3d-aef900a6bb99,Robert Perez,10/07/2025,09:39:44
Knowby Examples,100b5b42-9303-485d-81b4-8f3ecc636387,Creating a Work Order in SAP,44ed-a978-e8d990e2----8b3d-aef900a6bb99,Robert Perez,28/10/2024,09:08:40
Knowby Examples,100b5b42-9303-485d-81b4-8f3ecc636387,Creating a Work Order in SAP,44ed-a978-e8d990e2----8b3d-aef900a6bb99,Robert Perez,28/10/2025,16:53:11
Knowby Examples,100b5b42-9303-485d-81b4-8f3ecc636387,Creating a Work Order in SAP,44ed-a978-e8d990e2----8b3d-aef900a6bb99,Robert Perez,29/10/2024,08:39:31
Knowby Examples,100b5b42-9303-485d-81b4-8f3ecc636387,Creating a Work Order in SAP,44ed-a978-e8d990e2----8b3d-aef900a6bb99,Robert Perez,29/10/2025,16:00:56
Knowby Examples,100b5b42-9303-485d-81b4-8f3ecc636387,Creating a Work Order in SAP,44ed-a978-e8d990e2----8b3d-aef900a6bb99,Robert Perez,18/11/2024,17:43:58
Knowby Examples,100b5b42-9303-485d-81b4-8f3ecc636387,Creating a Work Order in SAP,44ed-a978-e8d990e2----8b3d-aef900a6bb99,Robert Perez,30/01/2025,09:35:13
Knowby Examples,100b5b42-9303-485d-81b4-8f3ecc636387,Creating a Work Order in SAP,44ed-a978-e8d990e2----8b3d-aef900a6bb99,Robert Perez,02/10/2025,17:20:52
Knowby Examples,100b5b42-9303-485d-81b4-8f3ecc636387,Creating a Work Order in SAP,44ed-a978-e8d990e2----8b3d-aef900a6bb99,Robert Perez,15/04/2025,14:22:10
Knowby Examples,100b5b42-9303-485d-81b4-8f3ecc636387,Creating a Work Order in SAP,4ed4-864f-db17168a----9128-a3c9ddb6e3ea,Carol Jones,26/06/2025,13:31:26
Knowby Examples,100b5b42-9303-485d-81b4-8f3ecc636387,Creating a Work Order in SAP,4ed4-864f-db17168a----9128-a3c9ddb6e3ea,Carol Jones,09/01/2025,08:32:17
Knowby Examples,100b5b42-9303-485d-81b4-8f3ecc636387,Creating a Work Order in SAP,4ed4-864f-db17168a----9128-a3c9ddb6e3ea,Carol Jones,01/04/2025,10:34:08
Knowby Examples,100b5b42-9303-485d-81b4-8f3ecc636387,Creating a Work Order in SAP,4ed1-affe-79057836----9ea2-adc551671be2,John Terrell,14/09/2025,10:18:51
Knowby Examples,100b5b42-9303-485d-81b4-8f3ecc636387,Creating a Work Order in SAP,4e42-3ecf-a947652f----8d8f-1b0d973d1bbf,Robert Taylor,02/04/2025,14:35:54
Knowby Examples,100b5b42-9303-485d-81b4-8f3ecc636387,Creating a Work Order in SAP,4e42-3ecf-a947652f----8d8f-1b0d973d1bbf,Robert Taylor,02/12/2025,14:39:01
Knowby Examples,100b5b42-9303-485d-81b4-8f3ecc636387,Creating a Work Order in SAP,409d-3bdc-4417dd91----8aea-d6ea712d295b,Lisa Reeves,05/01/2025,11:52:03
Knowby Examples,100b5b42-9303-485d-81b4-8f3ecc636387,Creating a Work Order in SAP,409d-3bdc-4417dd91----8aea-d6ea712d295b,Lisa Reeves,05/01/2025,09:52:19
Knowby Examples,100b5b42-9303-485d-81b4-8f3ecc636387,Creating a Work Order in SAP,409d-3bdc-4417dd91----8aea-d6ea712d295b,Lisa Reeves,05/01/2025,14:54:18
Knowby Examples,100b5b42-9303-485d-81b4-8f3ecc636387,Creating a Work Order in SAP,4dd1-509e-67e290d9----bb68-afdb00c8af51,Cristian Gonzalez,21/03/2025,17:23:15
Knowby Examples,100b5b42-9303-485d-81b4-8f3ecc636387,Creating a Work Order in SAP,4dd1-509e-67e290d9----bb68-afdb00c8af51,Cristian Gonzalez,29/04/2025,16:35:36
Knowby Examples,100b5b42-9303-485d-81b4-8f3ecc636387,Creating a Work Order in SAP,4ed4-864f-db17168a----9128-a3c9ddb6e3ea,Carol Jones,03/11/2025,15:42:02
Knowby Examples,100b5b42-9303-485d-81b4-8f3ecc636387,Creating a Work Order in SAP,4e42-3ecf-a947652f----8d8f-1b0d973d1bbf,Robert Taylor,15/04/2024,11:02:01
Knowby Examples,d545a703-e204-4ef7-9c4b-597c86cdcd39,Business Change Impact Assessment,489c-c9c4-29fad270----aab7-af440073e71a,John Jones,15/11/2025,11:40:54
Knowby Examples,d545a703-e204-4ef7-9c4b-597c86cdcd39,Business Change Impact Assessment,4dd1-509e-67e290d9----bb68-afdb00c8af51,Cristian Gonzalez,10/04/2025,13:03:27
Knowby Examples,d545a703-e204-4ef7-9c4b-597c86cdcd39,Business Change Impact Assessment,4dd1-509e-67e290d9----bb68-afdb00c8af51,Cristian Gonzalez,10/04/2024,17:29:51
Knowby Examples,d545a703-e204-4ef7-9c4b-597c86cdcd39,Business Change Impact Assessment,4dd1-509e-67e290d9----bb68-afdb00c8af51,Cristian Gonzalez,10/04/2025,13:30:00
Knowby Examples,d545a703-e204-4ef7-9c4b-597c86cdcd39,Business Change Impact Assessment,4dd1-509e-67e290d9----bb68-afdb00c8af51,Cristian Gonzalez,10/04/2025,08:14:38
Knowby Examples,d545a703-e204-4ef7-9c4b-597c86cdcd39,Business Change Impact Assessment,4dd1-509e-67e290d9----bb68-afdb00c8af51,Cristian Gonzalez,10/04/2025,10:55:22
Knowby Examples,d545a703-e204-4ef7-9c4b-597c86cdcd39,Business Change Impact Assessment,4dd1-509e-67e290d9----bb68-afdb00c8af51,Cristian Gonzalez,10/11/2025,17:58:13
Knowby Examples,d545a703-e204-4ef7-9c4b-597c86cdcd39,Business Change Impact Assessment,4dd1-509e-67e290d9----bb68-afdb00c8af51,Cristian Gonzalez,19/10/2025,17:41:40
Knowby Examples,d545a703-e204-4ef7-9c4b-597c86cdcd39,Business Change Impact Assessment,4dd1-509e-67e290d9----bb68-afdb00c8af51,Cristian Gonzalez,19/10/2025,16:41:33
Knowby Examples,d545a703-e204-4ef7-9c4b-597c86cdcd39,Business Change Impact Assessment,4dd1-509e-67e290d9----bb68-afdb00c8af51,Cristian Gonzalez,19/10/2025,14:24:15
Knowby Examples,d545a703-e204-4ef7-9c4b-597c86cdcd39,Business Change Impact Assessment,4dd1-509e-67e290d9----bb68-afdb00c8af51,Cristian Gonzalez,19/10/2025,17:06:22
Knowby Examples,d545a703-e204-4ef7-9c4b-597c86cdcd39,Business Change Impact Assessment,4dd1-509e-67e290d9----bb68-afdb00c8af51,Cristian Gonzalez,19/10/2024,16:04:29
Knowby Examples,d545a703-e204-4ef7-9c4b-597c86cdcd39,Business Change Impact Assessment,4dd1-509e-67e290d9----bb68-afdb00c8af51,Cristian Gonzalez,19/10/2025,13:54:52
Knowby Examples,d545a703-e204-4ef7-9c4b-597c86cdcd39,Business Change Impact Assessment,4dd1-509e-67e290d9----bb68-afdb00c8af51,Cristian Gonzalez,15/11/2025,12:01:20
Knowby Examples,d545a703-e204-4ef7-9c4b-597c86cdcd39,Business Change Impact Assessment,4dd1-509e-67e290d9----bb68-afdb00c8af51,Cristian Gonzalez,24/11/2025,10:43:14
Knowby Examples,d545a703-e204-4ef7-9c4b-597c86cdcd39,Business Change Impact Assessment,4dd1-509e-67e290d9----bb68-afdb00c8af51,Cristian Gonzalez,05/10/2025,09:16:57
Knowby Examples,d545a703-e204-4ef7-9c4b-597c86cdcd39,Business Change Impact Assessment,4dd1-509e-67e290d9----bb68-afdb00c8af51,Cristian Gonzalez,05/10/2025,16:27:08
Knowby Examples,d545a703-e204-4ef7-9c4b-597c86cdcd39,Business Change Impact Assessment,4dd1-509e-67e290d9----bb68-afdb00c8af51,Cristian Gonzalez,09/03/2025,08:54:42
Knowby Examples,d545a703-e204-4ef7-9c4b-597c86cdcd39,Business Change Impact Assessment,4dd1-509e-67e290d9----bb68-afdb00c8af51,Cristian Gonzalez,19/09/2025,10:18:21
Knowby Examples,d545a703-e204-4ef7-9c4b-597c86cdcd39,Business Change Impact Assessment,4dd1-509e-67e290d9----bb68-afdb00c8af51,Cristian Gonzalez,19/09/2025,17:25:49
Knowby Examples,d545a703-e204-4ef7-9c4b-597c86cdcd39,Business Change Impact Assessment,4dd1-509e-67e290d9----bb68-afdb00c8af51,Cristian Gonzalez,30/10/2025,08:03:16
Knowby Examples,d545a703-e204-4ef7-9c4b-597c86cdcd39,Business Change Impact Assessment,4dd1-509e-67e290d9----bb68-afdb00c8af51,Cristian Gonzalez,30/10/2025,17:33:52
Knowby Examples,d545a703-e204-4ef7-9c4b-597c86cdcd39,Business Change Impact Assessment,4dd1-509e-67e290d9----bb68-afdb00c8af51,Cristian Gonzalez,30/10/2025,14:44:34
Knowby Examples,d545a703-e204-4ef7-9c4b-597c86cdcd39,Business Change Impact Assessment,4d2c-583f-adfb71a0----947b-af0c00af8d6b,Adriana Sanders,12/08/2025,09:40:20
Knowby Examples,d545a703-e204-4ef7-9c4b-597c86cdcd39,Business Change Impact Assessment,4d2c-583f-adfb71a0----947b-af0c00af8d6b,Adriana Sanders,08/07/2024,08:18:02
Knowby Examples,d545a703-e204-4ef7-9c4b-597c86cdcd39,Business Change Impact Assessment,4d2c-583f-adfb71a0----947b-af0c00af8d6b,Adriana Sanders,11/01/2025,08:44:45
Knowby Examples,d545a703-e204-4ef7-9c4b-597c86cdcd39,Business Change Impact Assessment,411c-f567-2e4c7697----90d9-1cccc21596a3,Regina Evans,13/08/2024,15:06:48
Knowby Examples,d545a703-e204-4ef7-9c4b-597c86cdcd39,Business Change Impact Assessment,411c-f567-2e4c7697----90d9-1cccc21596a3,Regina Evans,11/06/2024,14:51:15
Knowby Examples,d545a703-e204-4ef7-9c4b-597c86cdcd39,Business Change Impact Assessment,44ed-a978-e8d990e2----8b3d-aef900a6bb99,Robert Perez,10/04/2024,11:34:32
Knowby Examples,d545a703-e204-4ef7-9c4b-597c86cdcd39,Business Change Impact Assessment,44ed-a978-e8d990e2----8b3d-aef900a6bb99,Robert Perez,10/04/2025,12:37:01
Knowby Examples,d545a703-e204-4ef7-9c4b-597c86cdcd39,Business Change Impact Assessment,44ed-a978-e8d990e2----8b3d-aef900a6bb99,Robert Perez,14/11/2025,09:46:45
Knowby Examples,d545a703-e204-4ef7-9c4b-597c86cdcd39,Business Change Impact Assessment,44ed-a978-e8d990e2----8b3d-aef900a6bb99,Robert Perez,16/11/2025,13:17:48
Knowby Examples,d545a703-e204-4ef7-9c4b-597c86cdcd39,Business Change Impact Assessment,44ed-a978-e8d990e2----8b3d-aef900a6bb99,Robert Perez,24/11/2025,08:20:21
Knowby Examples,d545a703-e204-4ef7-9c4b-597c86cdcd39,Business Change Impact Assessment,44ed-a978-e8d990e2----8b3d-aef900a6bb99,Robert Perez,30/11/2024,17:50:03
Knowby Examples,d545a703-e204-4ef7-9c4b-597c86cdcd39,Business Change Impact Assessment,44ed-a978-e8d990e2----8b3d-aef900a6bb99,Robert Perez,12/01/2025,14:53:20
Knowby Examples,d545a703-e204-4ef7-9c4b-597c86cdcd39,Business Change Impact Assessment,44ed-a978-e8d990e2----8b3d-aef900a6bb99,Robert Perez,12/01/2025,14:12:03
Knowby Examples,d545a703-e204-4ef7-9c4b-597c86cdcd39,Business Change Impact Assessment,44ed-a978-e8d990e2----8b3d-aef900a6bb99,Robert Perez,05/01/2025,16:46:39
Knowby Examples,d545a703-e204-4ef7-9c4b-597c86cdcd39,Business Change Impact Assessment,44ed-a978-e8d990e2----8b3d-aef900a6bb99,Robert Perez,05/10/2025,09:22:30
Knowby Examples,d545a703-e204-4ef7-9c4b-597c86cdcd39,Business Change Impact Assessment,44ed-a978-e8d990e2----8b3d-aef900a6bb99,Robert Perez,29/05/2025,08:22:40
Knowby Examples,d545a703-e204-4ef7-9c4b-597c86cdcd39,Business Change Impact Assessment,44ed-a978-e8d990e2----8b3d-aef900a6bb99,Robert Perez,31/05/2025,11:04:34
Knowby Examples,d545a703-e204-4ef7-9c4b-597c86cdcd39,Business Change Impact Assessment,44ed-a978-e8d990e2----8b3d-aef900a6bb99,Robert Perez,18/07/2025,15:58:56
Knowby Examples,d545a703-e204-4ef7-9c4b-597c86cdcd39,Business Change Impact Assessment,44ed-a978-e8d990e2----8b3d-aef900a6bb99,Robert Perez,16/09/2024,15:22:29
Knowby Examples,d545a703-e204-4ef7-9c4b-597c86cdcd39,Business Change Impact Assessment,44ed-a978-e8d990e2----8b3d-aef900a6bb99,Robert Perez,24/09/2025,14:28:42
Knowby Examples,d545a703-e204-4ef7-9c4b-597c86cdcd39,Business Change Impact Assessment,44ed-a978-e8d990e2----8b3d-aef900a6bb99,Robert Perez,25/09/2025,13:23:58
Knowby Examples,d545a703-e204-4ef7-9c4b-597c86cdcd39,Business Change Impact Assessment,44ed-a978-e8d990e2----8b3d-aef900a6bb99,Robert Perez,10/08/2025,13:58:58
Knowby Examples,d545a703-e204-4ef7-9c4b-597c86cdcd39,Business Change Impact Assessment,44ed-a978-e8d990e2----8b3d-aef900a6bb99,Robert Perez,27/10/2025,09:43:06
Knowby Examples,d545a703-e204-4ef7-9c4b-597c86cdcd39,Business Change Impact Assessment,44ed-a978-e8d990e2----8b3d-aef900a6bb99,Robert Perez,28/10/2025,14:36:29
Knowby Examples,d545a703-e204-4ef7-9c4b-597c86cdcd39,Business Change Impact Assessment,44ed-a978-e8d990e2----8b3d-aef900a6bb99,Robert Perez,28/10/2025,17:48:44
Knowby Examples,d545a703-e204-4ef7-9c4b-597c86cdcd39,Business Change Impact Assessment,44ed-a978-e8d990e2----8b3d-aef900a6bb99,Robert Perez,29/10/2025,08:19:57
Knowby Examples,d545a703-e204-4ef7-9c4b-597c86cdcd39,Business Change Impact Assessment,44ed-a978-e8d990e2----8b3d-aef900a6bb99,Robert Perez,29/10/2025,08:14:38
Knowby Examples,d545a703-e204-4ef7-9c4b-597c86cdcd39,Business Change Impact Assessment,44ed-a978-e8d990e2----8b3d-aef900a6bb99,Robert Perez,17/11/2025,08:56:00
Knowby Examples,d545a703-e204-4ef7-9c4b-597c86cdcd39,Business Change Impact Assessment,44ed-a978-e8d990e2----8b3d-aef900a6bb99,Robert Perez,14/01/2025,10:47:26
Knowby Examples,d545a703-e204-4ef7-9c4b-597c86cdcd39,Business Change Impact Assessment,44ed-a978-e8d990e2----8b3d-aef900a6bb99,Robert Perez,14/01/2024,13:54:23
Knowby Examples,d545a703-e204-4ef7-9c4b-597c86cdcd39,Business Change Impact Assessment,44ed-a978-e8d990e2----8b3d-aef900a6bb99,Robert Perez,14/01/2025,08:36:09
Knowby Examples,d545a703-e204-4ef7-9c4b-597c86cdcd39,Business Change Impact Assessment,44ed-a978-e8d990e2----8b3d-aef900a6bb99,Robert Perez,02/10/2024,15:18:01
Knowby Examples,d545a703-e204-4ef7-9c4b-597c86cdcd39,Business Change Impact Assessment,461a-a7ab-cd6791bf----a425-ad2b7c56ee35,Rebecca Walker,28/10/2025,10:45:16
Knowby Examples,d545a703-e204-4ef7-9c4b-597c86cdcd39,Business Change Impact Assessment,43bc-e7ae-89d089c6----851d-5f6cf54a10ec,Christopher Cunningham,11/01/2025,09:10:49
Knowby Examples,d545a703-e204-4ef7-9c4b-597c86cdcd39,Business Change Impact Assessment,4ed4-864f-db17168a----9128-a3c9ddb6e3ea,Carol Jones,10/02/2025,08:36:52
Knowby Examples,d545a703-e204-4ef7-9c4b-597c86cdcd39,Business Change Impact Assessment,4ed4-864f-db17168a----9128-a3c9ddb6e3ea,Carol Jones,10/02/2025,14:47:00
Knowby Examples,d545a703-e204-4ef7-9c4b-597c86cdcd39,Business Change Impact Assessment,4ed4-864f-db17168a----9128-a3c9ddb6e3ea,Carol Jones,10/03/2025,10:33:29
Knowby Examples,d545a703-e204-4ef7-9c4b-597c86cdcd39,Business Change Impact Assessment,4ed4-864f-db17168a----9128-a3c9ddb6e3ea,Carol Jones,10/04/2025,13:02:31
Knowby Examples,d545a703-e204-4ef7-9c4b-597c86cdcd39,Business Change Impact Assessment,4ed4-864f-db17168a----9128-a3c9ddb6e3ea,Carol Jones,10/04/2024,12:27:51
Knowby Examples,d545a703-e204-4ef7-9c4b-597c86cdcd39,Business Change Impact Assessment,4ed4-864f-db17168a----9128-a3c9ddb6e3ea,Carol Jones,10/04/2025,16:06:10
Knowby Examples,d545a703-e204-4ef7-9c4b-597c86cdcd39,Business Change Impact Assessment,4ed4-864f-db17168a----9128-a3c9ddb6e3ea,Carol Jones,27/10/2025,14:05:38
Knowby Examples,d545a703-e204-4ef7-9c4b-597c86cdcd39,Business Change Impact Assessment,4ed4-864f-db17168a----9128-a3c9ddb6e3ea,Carol Jones,19/11/2025,08:49:05
Knowby Examples,d545a703-e204-4ef7-9c4b-597c86cdcd39,Business Change Impact Assessment,4ed4-864f-db17168a----9128-a3c9ddb6e3ea,Carol Jones,19/11/2025,11:53:21
Knowby Examples,d545a703-e204-4ef7-9c4b-597c86cdcd39,Business Change Impact Assessment,4ed4-864f-db17168a----9128-a3c9ddb6e3ea,Carol Jones,31/10/2025,14:31:24
Knowby Examples,d545a703-e204-4ef7-9c4b-597c86cdcd39,Business Change Impact Assessment,4ed4-864f-db17168a----9128-a3c9ddb6e3ea,Carol Jones,19/12/2025,14:09:33
Knowby Examples,56ea8eea-cb7c-46a2-a60b-6008c4b2f204,Creating a Work Notification in SAP,4dd1-509e-67e290d9----bb68-afdb00c8af51,Cristian Gonzalez,11/08/2025,10:55:14
Knowby Examples,56ea8eea-cb7c-46a2-a60b-6008c4b2f204,Creating a Work Notification in SAP,4d2c-583f-adfb71a0----947b-af0c00af8d6b,Adriana Sanders,22/11/2025,13:56:35
Knowby Examples,56ea8eea-cb7c-46a2-a60b-6008c4b2f204,Creating a Work Notification in SAP,411c-f567-2e4c7697----90d9-1cccc21596a3,Regina Evans,28/11/2025,13:44:20
Knowby Examples,56ea8eea-cb7c-46a2-a60b-6008c4b2f204,Creating a Work Notification in SAP,411c-f567-2e4c7697----90d9-1cccc21596a3,Regina Evans,12/02/2025,12:34:18
Knowby Examples,56ea8eea-cb7c-46a2-a60b-6008c4b2f204,Creating a Work Notification in SAP,44ed-a978-e8d990e2----8b3d-aef900a6bb99,Robert Perez,26/06/2025,16:27:31
Knowby Examples,56ea8eea-cb7c-46a2-a60b-6008c4b2f204,Creating a Work Notification in SAP,44ed-a978-e8d990e2----8b3d-aef900a6bb99,Robert Perez,07/03/2025,09:58:41
Knowby Examples,56ea8eea-cb7c-46a2-a60b-6008c4b2f204,Creating a Work Notification in SAP,44ed-a978-e8d990e2----8b3d-aef900a6bb99,Robert Perez,07/08/2025,15:27:38
Knowby Examples,56ea8eea-cb7c-46a2-a60b-6008c4b2f204,Creating a Work Notification in SAP,44ed-a978-e8d990e2----8b3d-aef900a6bb99,Robert Perez,09/10/2024,11:02:48
Knowby Examples,56ea8eea-cb7c-46a2-a60b-6008c4b2f204,Creating a Work Notification in SAP,44ed-a978-e8d990e2----8b3d-aef900a6bb99,Robert Perez,11/07/2024,09:09:58
Knowby Examples,56ea8eea-cb7c-46a2-a60b-6008c4b2f204,Creating a Work Notification in SAP,44ed-a978-e8d990e2----8b3d-aef900a6bb99,Robert Perez,18/11/2025,14:28:45
Knowby Examples,56ea8eea-cb7c-46a2-a60b-6008c4b2f204,Creating a Work Notification in SAP,44ed-a978-e8d990e2----8b3d-aef900a6bb99,Robert Perez,22/11/2025,13:04:11
Knowby Examples,56ea8eea-cb7c-46a2-a60b-6008c4b2f204,Creating a Work Notification in SAP,44ed-a978-e8d990e2----8b3d-aef900a6bb99,Robert Perez,12/05/2025,16:17:59
Knowby Examples,56ea8eea-cb7c-46a2-a60b-6008c4b2f204,Creating a Work Notification in SAP,44ed-a978-e8d990e2----8b3d-aef900a6bb99,Robert Perez,17/12/2025,11:49:33
Knowby Examples,56ea8eea-cb7c-46a2-a60b-6008c4b2f204,Creating a Work Notification in SAP,44ed-a978-e8d990e2----8b3d-aef900a6bb99,Robert Perez,17/12/2025,16:44:05
Knowby Examples,56ea8eea-cb7c-46a2-a60b-6008c4b2f204,Creating a Work Notification in SAP,44ed-a978-e8d990e2----8b3d-aef900a6bb99,Robert Perez,02/06/2025,13:39:26
Knowby Examples,56ea8eea-cb7c-46a2-a60b-6008c4b2f204,Creating a Work Notification in SAP,43bc-e7ae-89d089c6----851d-5f6cf54a10ec,Christopher Cunningham,15/11/2025,14:19:55
Knowby Examples,56ea8eea-cb7c-46a2-a60b-6008c4b2f204,Creating a Work Notification in SAP,4ed4-864f-db17168a----9128-a3c9ddb6e3ea,Carol Jones,26/06/2025,17:54:17
Knowby Examples,56ea8eea-cb7c-46a2-a60b-6008c4b2f204,Creating a Work Notification in SAP,4ed4-864f-db17168a----9128-a3c9ddb6e3ea,Carol Jones,26/06/2024,08:34:09
Knowby Examples,56ea8eea-cb7c-46a2-a60b-6008c4b2f204,Creating a Work Notification in SAP,4ed4-864f-db17168a----9128-a3c9ddb6e3ea,Carol Jones,26/06/2025,09:25:58
Knowby Examples,56ea8eea-cb7c-46a2-a60b-6008c4b2f204,Creating a Work Notification in SAP,4ed4-864f-db17168a----9128-a3c9ddb6e3ea,Carol Jones,07/04/2025,14:04:20
Knowby Examples,56ea8eea-cb7c-46a2-a60b-6008c4b2f204,Creating a Work Notification in SAP,409d-3bdc-4417dd91----8aea-d6ea712d295b,Lisa Reeves,05/01/2025,13:42:31
Knowby Examples,cf1dfb02-3df6-4cc6-a1d5-57cbcf4c97fa,Working Safely on Tractors,4dd1-509e-67e290d9----bb68-afdb00c8af51,Cristian Gonzalez,09/05/2024,16:02:55
Knowby Examples,cf1dfb02-3df6-4cc6-a1d5-57cbcf4c97fa,Working Safely on Tractors,4dd1-509e-67e290d9----bb68-afdb00c8af51,Cristian Gonzalez,15/09/2025,12:09:28
Knowby Examples,cf1dfb02-3df6-4cc6-a1d5-57cbcf4c97fa,Working Safely on Tractors,4dd1-509e-67e290d9----bb68-afdb00c8af51,Cristian Gonzalez,15/09/2024,17:56:31
Knowby Examples,cf1dfb02-3df6-4cc6-a1d5-57cbcf4c97fa,Working Safely on Tractors,4dd1-509e-67e290d9----bb68-afdb00c8af51,Cristian Gonzalez,14/11/2025,09:45:46
Knowby Examples,cf1dfb02-3df6-4cc6-a1d5-57cbcf4c97fa,Working Safely on Tractors,4dd1-509e-67e290d9----bb68-afdb00c8af51,Cristian Gonzalez,14/11/2025,08:44:13
Knowby Examples,cf1dfb02-3df6-4cc6-a1d5-57cbcf4c97fa,Working Safely on Tractors,4dd1-509e-67e290d9----bb68-afdb00c8af51,Cristian Gonzalez,14/11/2025,10:13:44
Knowby Examples,cf1dfb02-3df6-4cc6-a1d5-57cbcf4c97fa,Working Safely on Tractors,4dd1-509e-67e290d9----bb68-afdb00c8af51,Cristian Gonzalez,15/11/2025,15:13:48
Knowby Examples,cf1dfb02-3df6-4cc6-a1d5-57cbcf4c97fa,Working Safely on Tractors,4dd1-509e-67e290d9----bb68-afdb00c8af51,Cristian Gonzalez,23/11/2025,12:36:11
Knowby Examples,cf1dfb02-3df6-4cc6-a1d5-57cbcf4c97fa,Working Safely on Tractors,4dd1-509e-67e290d9----bb68-afdb00c8af51,Cristian Gonzalez,25/10/2024,10:30:54
Knowby Examples,cf1dfb02-3df6-4cc6-a1d5-57cbcf4c97fa,Working Safely on Tractors,4dd1-509e-67e290d9----bb68-afdb00c8af51,Cristian Gonzalez,22/11/2025,16:04:20
Knowby Examples,cf1dfb02-3df6-4cc6-a1d5-57cbcf4c97fa,Working Safely on Tractors,4dd1-509e-67e290d9----bb68-afdb00c8af51,Cristian Gonzalez,22/11/2025,11:03:32
Knowby Examples,cf1dfb02-3df6-4cc6-a1d5-57cbcf4c97fa,Working Safely on Tractors,4d2c-583f-adfb71a0----947b-af0c00af8d6b,Adriana Sanders,12/09/2025,09:50:14
Knowby Examples,cf1dfb02-3df6-4cc6-a1d5-57cbcf4c97fa,Working Safely on Tractors,4405-d6f6-e37511ad----906f-aefa00b1a961,Jeffrey Brown,09/05/2025,17:06:55
Knowby Examples,cf1dfb02-3df6-4cc6-a1d5-57cbcf4c97fa,Working Safely on Tractors,44ed-a978-e8d990e2----8b3d-aef900a6bb99,Robert Perez,09/07/2025,16:51:21
Knowby Examples,cf1dfb02-3df6-4cc6-a1d5-57cbcf4c97fa,Working Safely on Tractors,44ed-a978-e8d990e2----8b3d-aef900a6bb99,Robert Perez,15/11/2025,17:10:30
Knowby Examples,cf1dfb02-3df6-4cc6-a1d5-57cbcf4c97fa,Working Safely on Tractors,44ed-a978-e8d990e2----8b3d-aef900a6bb99,Robert Perez,27/10/2025,15:49:10
Knowby Examples,cf1dfb02-3df6-4cc6-a1d5-57cbcf4c97fa,Working Safely on Tractors,44ed-a978-e8d990e2----8b3d-aef900a6bb99,Robert Perez,28/10/2025,13:03:21
Knowby Examples,cf1dfb02-3df6-4cc6-a1d5-57cbcf4c97fa,Working Safely on Tractors,44ed-a978-e8d990e2----8b3d-aef900a6bb99,Robert Perez,19/11/2025,13:36:57
Knowby Examples,cf1dfb02-3df6-4cc6-a1d5-57cbcf4c97fa,Working Safely on Tractors,44ed-a978-e8d990e2----8b3d-aef900a6bb99,Robert Perez,21/12/2025,14:37:26
Knowby Examples,cf1dfb02-3df6-4cc6-a1d5-57cbcf4c97fa,Working Safely on Tractors,4ed4-864f-db17168a----9128-a3c9ddb6e3ea,Carol Jones,09/02/2025,15:49:56
Knowby Examples,cf1dfb02-3df6-4cc6-a1d5-57cbcf4c97fa,Working Safely on Tractors,4ed4-864f-db17168a----9128-a3c9ddb6e3ea,Carol Jones,09/02/2025,09:05:01
Knowby Examples,cf1dfb02-3df6-4cc6-a1d5-57cbcf4c97fa,Working Safely on Tractors,4ed4-864f-db17168a----9128-a3c9ddb6e3ea,Carol Jones,09/02/2025,14:11:24
Knowby Examples,cf1dfb02-3df6-4cc6-a1d5-57cbcf4c97fa,Working Safely on Tractors,4ed4-864f-db17168a----9128-a3c9ddb6e3ea,Carol Jones,09/02/2025,14:42:14
Knowby Examples,cf1dfb02-3df6-4cc6-a1d5-57cbcf4c97fa,Working Safely on Tractors,4ed4-864f-db17168a----9128-a3c9ddb6e3ea,Carol Jones,09/05/2025,08:49:45
Knowby Examples,cf1dfb02-3df6-4cc6-a1d5-57cbcf4c97fa,Working Safely on Tractors,4ed4-864f-db17168a----9128-a3c9ddb6e3ea,Carol Jones,10/11/2025,12:10:44
Knowby Examples,cf1dfb02-3df6-4cc6-a1d5-57cbcf4c97fa,Working Safely on Tractors,4ed4-864f-db17168a----9128-a3c9ddb6e3ea,Carol Jones,15/11/2025,13:12:13
Knowby Examples,cf1dfb02-3df6-4cc6-a1d5-57cbcf4c97fa,Working Safely on Tractors,4ed4-864f-db17168a----9128-a3c9ddb6e3ea,Carol Jones,22/11/2025,12:57:51
Knowby Examples,cf1dfb02-3df6-4cc6-a1d5-57cbcf4c97fa,Working Safely on Tractors,4ed4-864f-db17168a----9128-a3c9ddb6e3ea,Carol Jones,19/09/2025,13:44:44
Knowby Examples,cf1dfb02-3df6-4cc6-a1d5-57cbcf4c97fa,Working Safely on Tractors,4ed4-864f-db17168a----9128-a3c9ddb6e3ea,Carol Jones,23/10/2025,10:28:23
Knowby Examples,cf1dfb02-3df6-4cc6-a1d5-57cbcf4c97fa,Working Safely on Tractors,4ed4-864f-db17168a----9128-a3c9ddb6e3ea,Carol Jones,25/10/2025,10:01:32
Knowby Examples,cf1dfb02-3df6-4cc6-a1d5-57cbcf4c97fa,Working Safely on Tractors,4ed4-864f-db17168a----9128-a3c9ddb6e3ea,Carol Jones,31/10/2024,16:05:24
Knowby Examples,cf1dfb02-3df6-4cc6-a1d5-57cbcf4c97fa,Working Safely on Tractors,4ed4-864f-db17168a----9128-a3c9ddb6e3ea,Carol Jones,17/11/2025,09:39:43
Knowby Examples,cf1dfb02-3df6-4cc6-a1d5-57cbcf4c97fa,Working Safely on Tractors,4ed4-864f-db17168a----9128-a3c9ddb6e3ea,Carol Jones,20/11/2025,17:01:02
Knowby Examples,cf1dfb02-3df6-4cc6-a1d5-57cbcf4c97fa,Working Safely on Tractors,4ed4-864f-db17168a----9128-a3c9ddb6e3ea,Carol Jones,18/12/2025,13:31:10
Knowby Examples,cf1dfb02-3df6-4cc6-a1d5-57cbcf4c97fa,Working Safely on Tractors,4ed1-affe-79057836----9ea2-adc551671be2,John Terrell,22/07/2025,13:47:45
Knowby Examples,cf1dfb02-3df6-4cc6-a1d5-57cbcf4c97fa,Working Safely on Tractors,4ed1-affe-79057836----9ea2-adc551671be2,John Terrell,25/07/2025,08:54:44
Knowby Examples,cf1dfb02-3df6-4cc6-a1d5-57cbcf4c97fa,Working Safely on Tractors,4bef-ea84-e0f46fbc----aa63-7db9aa8bfec9,Mathew Ross,23/11/2025,15:31:23
Knowby Examples,cf1dfb02-3df6-4cc6-a1d5-57cbcf4c97fa,Working Safely on Tractors,409d-3bdc-4417dd91----8aea-d6ea712d295b,Lisa Reeves,14/04/2025,11:56:40
Knowby Examples,cf1dfb02-3df6-4cc6-a1d5-57cbcf4c97fa,Working Safely on Tractors,4d1a-2d52-b574cc8e----b6c0-af3b0075112b,Melanie Wilson,14/11/2025,14:41:58
Knowby Examples,cf1dfb02-3df6-4cc6-a1d5-57cbcf4c97fa,Working Safely on Tractors,4d1a-2d52-b574cc8e----b6c0-af3b0075112b,Melanie Wilson,23/01/2024,11:11:14
Knowby Examples,cf1dfb02-3df6-4cc6-a1d5-57cbcf4c97fa,Working Safely on Tractors,4d1a-2d52-b574cc8e----b6c0-af3b0075112b,Melanie Wilson,23/01/2024,11:40:55
Knowby Examples,0f48f69b-005d-4a45-ba21-8c49a683c4d7,Storco Series 1000 Locker Assembly,400d-dbe2-f01d079d----af6e-af3d005280aa,Rhonda Evans,20/09/2025,17:49:35
Knowby Examples,0f48f69b-005d-4a45-ba21-8c49a683c4d7,Storco Series 1000 Locker Assembly,400d-dbe2-f01d079d----af6e-af3d005280aa,Rhonda Evans,11/01/2025,12:31:12
Knowby Examples,0f48f69b-005d-4a45-ba21-8c49a683c4d7,Storco Series 1000 Locker Assembly,4dd1-509e-67e290d9----bb68-afdb00c8af51,Cristian Gonzalez,28/07/2025,15:35:00
Knowby Examples,0f48f69b-005d-4a45-ba21-8c49a683c4d7,Storco Series 1000 Locker Assembly,4dd1-509e-67e290d9----bb68-afdb00c8af51,Cristian Gonzalez,28/07/2025,16:55:09
Knowby Examples,0f48f69b-005d-4a45-ba21-8c49a683c4d7,Storco Series 1000 Locker Assembly,4dd1-509e-67e290d9----bb68-afdb00c8af51,Cristian Gonzalez,28/07/2024,13:49:41
Knowby Examples,0f48f69b-005d-4a45-ba21-8c49a683c4d7,Storco Series 1000 Locker Assembly,4dd1-509e-67e290d9----bb68-afdb00c8af51,Cristian Gonzalez,24/08/2025,17:05:31
Knowby Examples,0f48f69b-005d-4a45-ba21-8c49a683c4d7,Storco Series 1000 Locker Assembly,4dd1-509e-67e290d9----bb68-afdb00c8af51,Cristian Gonzalez,27/08/2024,08:27:58
Knowby Examples,0f48f69b-005d-4a45-ba21-8c49a683c4d7,Storco Series 1000 Locker Assembly,4dd1-509e-67e290d9----bb68-afdb00c8af51,Cristian Gonzalez,09/07/2025,17:51:13
Knowby Examples,0f48f69b-005d-4a45-ba21-8c49a683c4d7,Storco Series 1000 Locker Assembly,4dd1-509e-67e290d9----bb68-afdb00c8af51,Cristian Gonzalez,14/09/2025,11:23:57
Knowby Examples,0f48f69b-005d-4a45-ba21-8c49a683c4d7,Storco Series 1000 Locker Assembly,4dd1-509e-67e290d9----bb68-afdb00c8af51,Cristian Gonzalez,19/09/2025,15:13:17
Knowby Examples,0f48f69b-005d-4a45-ba21-8c49a683c4d7,Storco Series 1000 Locker Assembly,4dd1-509e-67e290d9----bb68-afdb00c8af51,Cristian Gonzalez,19/10/2025,09:11:38
Knowby Examples,0f48f69b-005d-4a45-ba21-8c49a683c4d7,Storco Series 1000 Locker Assembly,4dd1-509e-67e290d9----bb68-afdb00c8af51,Cristian Gonzalez,19/10/2025,10:30:46
Knowby Examples,0f48f69b-005d-4a45-ba21-8c49a683c4d7,Storco Series 1000 Locker Assembly,4dd1-509e-67e290d9----bb68-afdb00c8af51,Cristian Gonzalez,12/01/2025,16:12:28
Knowby Examples,0f48f69b-005d-4a45-ba21-8c49a683c4d7,Storco Series 1000 Locker Assembly,4dd1-509e-67e290d9----bb68-afdb00c8af51,Cristian Gonzalez,05/09/2025,15:17:13
Knowby Examples,0f48f69b-005d-4a45-ba21-8c49a683c4d7,Storco Series 1000 Locker Assembly,4dd1-509e-67e290d9----bb68-afdb00c8af51,Cristian Gonzalez,07/11/2025,17:29:39
Knowby Examples,0f48f69b-005d-4a45-ba21-8c49a683c4d7,Storco Series 1000 Locker Assembly,4dd1-509e-67e290d9----bb68-afdb00c8af51,Cristian Gonzalez,07/11/2025,17:49:27
Knowby Examples,0f48f69b-005d-4a45-ba21-8c49a683c4d7,Storco Series 1000 Locker Assembly,4dd1-509e-67e290d9----bb68-afdb00c8af51,Cristian Gonzalez,16/07/2025,09:17:36
Knowby Examples,0f48f69b-005d-4a45-ba21-8c49a683c4d7,Storco Series 1000 Locker Assembly,4dd1-509e-67e290d9----bb68-afdb00c8af51,Cristian Gonzalez,21/09/2025,09:10:44
Knowby Examples,0f48f69b-005d-4a45-ba21-8c49a683c4d7,Storco Series 1000 Locker Assembly,4dd1-509e-67e290d9----bb68-afdb00c8af51,Cristian Gonzalez,21/09/2025,17:33:31
Knowby Examples,0f48f69b-005d-4a45-ba21-8c49a683c4d7,Storco Series 1000 Locker Assembly,4dd1-509e-67e290d9----bb68-afdb00c8af51,Cristian Gonzalez,23/09/2025,16:43:23
Knowby Examples,0f48f69b-005d-4a45-ba21-8c49a683c4d7,Storco Series 1000 Locker Assembly,4dd1-509e-67e290d9----bb68-afdb00c8af51,Cristian Gonzalez,25/09/2025,14:40:25
Knowby Examples,0f48f69b-005d-4a45-ba21-8c49a683c4d7,Storco Series 1000 Locker Assembly,4dd1-509e-67e290d9----bb68-afdb00c8af51,Cristian Gonzalez,25/09/2025,10:40:18
Knowby Examples,0f48f69b-005d-4a45-ba21-8c49a683c4d7,Storco Series 1000 Locker Assembly,4dd1-509e-67e290d9----bb68-afdb00c8af51,Cristian Gonzalez,25/09/2025,17:20:49
Knowby Examples,0f48f69b-005d-4a45-ba21-8c49a683c4d7,Storco Series 1000 Locker Assembly,4dd1-509e-67e290d9----bb68-afdb00c8af51,Cristian Gonzalez,25/09/2025,17:59:12
Knowby Examples,0f48f69b-005d-4a45-ba21-8c49a683c4d7,Storco Series 1000 Locker Assembly,4dd1-509e-67e290d9----bb68-afdb00c8af51,Cristian Gonzalez,25/09/2025,10:10:35
Knowby Examples,0f48f69b-005d-4a45-ba21-8c49a683c4d7,Storco Series 1000 Locker Assembly,4dd1-509e-67e290d9----bb68-afdb00c8af51,Cristian Gonzalez,25/09/2024,17:38:25
Knowby Examples,0f48f69b-005d-4a45-ba21-8c49a683c4d7,Storco Series 1000 Locker Assembly,4dd1-509e-67e290d9----bb68-afdb00c8af51,Cristian Gonzalez,25/09/2025,09:16:22
Knowby Examples,0f48f69b-005d-4a45-ba21-8c49a683c4d7,Storco Series 1000 Locker Assembly,4dd1-509e-67e290d9----bb68-afdb00c8af51,Cristian Gonzalez,25/09/2025,10:45:10
Knowby Examples,0f48f69b-005d-4a45-ba21-8c49a683c4d7,Storco Series 1000 Locker Assembly,4dd1-509e-67e290d9----bb68-afdb00c8af51,Cristian Gonzalez,25/09/2025,11:43:48
Knowby Examples,0f48f69b-005d-4a45-ba21-8c49a683c4d7,Storco Series 1000 Locker Assembly,4dd1-509e-67e290d9----bb68-afdb00c8af51,Cristian Gonzalez,25/09/2025,11:02:11
Knowby Examples,0f48f69b-005d-4a45-ba21-8c49a683c4d7,Storco Series 1000 Locker Assembly,4dd1-509e-67e290d9----bb68-afdb00c8af51,Cristian Gonzalez,26/09/2025,10:17:39
Knowby Examples,0f48f69b-005d-4a45-ba21-8c49a683c4d7,Storco Series 1000 Locker Assembly,4dd1-509e-67e290d9----bb68-afdb00c8af51,Cristian Gonzalez,26/09/2025,12:32:44
Knowby Examples,0f48f69b-005d-4a45-ba21-8c49a683c4d7,Storco Series 1000 Locker Assembly,4dd1-509e-67e290d9----bb68-afdb00c8af51,Cristian Gonzalez,10/04/2025,11:42:54
Knowby Examples,0f48f69b-005d-4a45-ba21-8c49a683c4d7,Storco Series 1000 Locker Assembly,4dd1-509e-67e290d9----bb68-afdb00c8af51,Cristian Gonzalez,10/09/2025,17:53:04
Knowby Examples,0f48f69b-005d-4a45-ba21-8c49a683c4d7,Storco Series 1000 Locker Assembly,4dd1-509e-67e290d9----bb68-afdb00c8af51,Cristian Gonzalez,10/11/2025,11:28:59
Knowby Examples,0f48f69b-005d-4a45-ba21-8c49a683c4d7,Storco Series 1000 Locker Assembly,4dd1-509e-67e290d9----bb68-afdb00c8af51,Cristian Gonzalez,30/10/2025,13:18:55
Knowby Examples,0f48f69b-005d-4a45-ba21-8c49a683c4d7,Storco Series 1000 Locker Assembly,4dd1-509e-67e290d9----bb68-afdb00c8af51,Cristian Gonzalez,11/05/2025,13:27:26
Knowby Examples,0f48f69b-005d-4a45-ba21-8c49a683c4d7,Storco Series 1000 Locker Assembly,4dd1-509e-67e290d9----bb68-afdb00c8af51,Cristian Gonzalez,13/11/2025,12:39:01
Knowby Examples,0f48f69b-005d-4a45-ba21-8c49a683c4d7,Storco Series 1000 Locker Assembly,4dd1-509e-67e290d9----bb68-afdb00c8af51,Cristian Gonzalez,21/11/2025,16:01:50
Knowby Examples,0f48f69b-005d-4a45-ba21-8c49a683c4d7,Storco Series 1000 Locker Assembly,4dd1-509e-67e290d9----bb68-afdb00c8af51,Cristian Gonzalez,21/11/2025,11:23:45
Knowby Examples,0f48f69b-005d-4a45-ba21-8c49a683c4d7,Storco Series 1000 Locker Assembly,4dd1-509e-67e290d9----bb68-afdb00c8af51,Cristian Gonzalez,22/11/2024,12:33:35
Knowby Examples,0f48f69b-005d-4a45-ba21-8c49a683c4d7,Storco Series 1000 Locker Assembly,4dd1-509e-67e290d9----bb68-afdb00c8af51,Cristian Gonzalez,22/11/2025,12:31:00
Knowby Examples,0f48f69b-005d-4a45-ba21-8c49a683c4d7,Storco Series 1000 Locker Assembly,4dd1-509e-67e290d9----bb68-afdb00c8af51,Cristian Gonzalez,22/11/2025,17:36:33
Knowby Examples,0f48f69b-005d-4a45-ba21-8c49a683c4d7,Storco Series 1000 Locker Assembly,4dd1-509e-67e290d9----bb68-afdb00c8af51,Cristian Gonzalez,01/10/2025,12:52:14
Knowby Examples,0f48f69b-005d-4a45-ba21-8c49a683c4d7,Storco Series 1000 Locker Assembly,4dd1-509e-67e290d9----bb68-afdb00c8af51,Cristian Gonzalez,17/01/2024,11:39:57
Knowby Examples,0f48f69b-005d-4a45-ba21-8c49a683c4d7,Storco Series 1000 Locker Assembly,4d2c-583f-adfb71a0----947b-af0c00af8d6b,Adriana Sanders,09/01/2025,10:57:57
Knowby Examples,0f48f69b-005d-4a45-ba21-8c49a683c4d7,Storco Series 1000 Locker Assembly,4d2c-583f-adfb71a0----947b-af0c00af8d6b,Adriana Sanders,28/12/2025,10:04:50
Knowby Examples,0f48f69b-005d-4a45-ba21-8c49a683c4d7,Storco Series 1000 Locker Assembly,4d2c-583f-adfb71a0----947b-af0c00af8d6b,Adriana Sanders,01/01/2025,11:57:02
Knowby Examples,0f48f69b-005d-4a45-ba21-8c49a683c4d7,Storco Series 1000 Locker Assembly,4405-d6f6-e37511ad----906f-aefa00b1a961,Jeffrey Brown,08/10/2025,09:12:58
Knowby Examples,0f48f69b-005d-4a45-ba21-8c49a683c4d7,Storco Series 1000 Locker Assembly,4405-d6f6-e37511ad----906f-aefa00b1a961,Jeffrey Brown,20/09/2025,10:05:38
Knowby Examples,0f48f69b-005d-4a45-ba21-8c49a683c4d7,Storco Series 1000 Locker Assembly,4405-d6f6-e37511ad----906f-aefa00b1a961,Jeffrey Brown,20/09/2025,10:23:48
Knowby Examples,0f48f69b-005d-4a45-ba21-8c49a683c4d7,Storco Series 1000 Locker Assembly,4405-d6f6-e37511ad----906f-aefa00b1a961,Jeffrey Brown,20/09/2025,15:58:11
Knowby Examples,0f48f69b-005d-4a45-ba21-8c49a683c4d7,Storco Series 1000 Locker Assembly,4405-d6f6-e37511ad----906f-aefa00b1a961,Jeffrey Brown,20/09/2025,11:41:50
Knowby Examples,0f48f69b-005d-4a45-ba21-8c49a683c4d7,Storco Series 1000 Locker Assembly,4405-d6f6-e37511ad----906f-aefa00b1a961,Jeffrey Brown,20/09/2025,17:27:01
Knowby Examples,0f48f69b-005d-4a45-ba21-8c49a683c4d7,Storco Series 1000 Locker Assembly,4405-d6f6-e37511ad----906f-aefa00b1a961,Jeffrey Brown,21/09/2025,09:26:49
Knowby Examples,0f48f69b-005d-4a45-ba21-8c49a683c4d7,Storco Series 1000 Locker Assembly,4405-d6f6-e37511ad----906f-aefa00b1a961,Jeffrey Brown,26/09/2025,11:47:09
Knowby Examples,0f48f69b-005d-4a45-ba21-8c49a683c4d7,Storco Series 1000 Locker Assembly,4405-d6f6-e37511ad----906f-aefa00b1a961,Jeffrey Brown,05/02/2025,16:25:26
Knowby Examples,0f48f69b-005d-4a45-ba21-8c49a683c4d7,Storco Series 1000 Locker Assembly,4405-d6f6-e37511ad----906f-aefa00b1a961,Jeffrey Brown,13/07/2025,13:59:08
Knowby Examples,0f48f69b-005d-4a45-ba21-8c49a683c4d7,Storco Series 1000 Locker Assembly,4327-393b-53cbdfde----b9a4-aef900aa92ef,Kenneth Landry,21/09/2025,11:17:59
Knowby Examples,0f48f69b-005d-4a45-ba21-8c49a683c4d7,Storco Series 1000 Locker Assembly,4327-393b-53cbdfde----b9a4-aef900aa92ef,Kenneth Landry,21/09/2025,12:42:27
Knowby Examples,0f48f69b-005d-4a45-ba21-8c49a683c4d7,Storco Series 1000 Locker Assembly,4327-393b-53cbdfde----b9a4-aef900aa92ef,Kenneth Landry,21/09/2025,13:46:14
Knowby Examples,0f48f69b-005d-4a45-ba21-8c49a683c4d7,Storco Series 1000 Locker Assembly,4327-393b-53cbdfde----b9a4-aef900aa92ef,Kenneth Landry,21/09/2025,10:42:59
Knowby Examples,0f48f69b-005d-4a45-ba21-8c49a683c4d7,Storco Series 1000 Locker Assembly,4327-393b-53cbdfde----b9a4-aef900aa92ef,Kenneth Landry,21/09/2025,15:19:02
Knowby Examples,0f48f69b-005d-4a45-ba21-8c49a683c4d7,Storco Series 1000 Locker Assembly,4327-393b-53cbdfde----b9a4-aef900aa92ef,Kenneth Landry,21/09/2025,16:02:04
Knowby Examples,0f48f69b-005d-4a45-ba21-8c49a683c4d7,Storco Series 1000 Locker Assembly,4327-393b-53cbdfde----b9a4-aef900aa92ef,Kenneth Landry,21/09/2025,17:01:48
Knowby Examples,0f48f69b-005d-4a45-ba21-8c49a683c4d7,Storco Series 1000 Locker Assembly,4327-393b-53cbdfde----b9a4-aef900aa92ef,Kenneth Landry,21/09/2024,17:14:05
Knowby Examples,0f48f69b-005d-4a45-ba21-8c49a683c4d7,Storco Series 1000 Locker Assembly,4327-393b-53cbdfde----b9a4-aef900aa92ef,Kenneth Landry,21/09/2024,17:36:14
Knowby Examples,0f48f69b-005d-4a45-ba21-8c49a683c4d7,Storco Series 1000 Locker Assembly,4327-393b-53cbdfde----b9a4-aef900aa92ef,Kenneth Landry,21/09/2025,13:35:17
Knowby Examples,0f48f69b-005d-4a45-ba21-8c49a683c4d7,Storco Series 1000 Locker Assembly,4327-393b-53cbdfde----b9a4-aef900aa92ef,Kenneth Landry,21/09/2024,14:39:46
Knowby Examples,0f48f69b-005d-4a45-ba21-8c49a683c4d7,Storco Series 1000 Locker Assembly,44ed-a978-e8d990e2----8b3d-aef900a6bb99,Robert Perez,08/02/2025,10:33:38
Knowby Examples,0f48f69b-005d-4a45-ba21-8c49a683c4d7,Storco Series 1000 Locker Assembly,44ed-a978-e8d990e2----8b3d-aef900a6bb99,Robert Perez,08/02/2025,16:26:41
Knowby Examples,0f48f69b-005d-4a45-ba21-8c49a683c4d7,Storco Series 1000 Locker Assembly,44ed-a978-e8d990e2----8b3d-aef900a6bb99,Robert Perez,08/03/2025,17:45:27
Knowby Examples,0f48f69b-005d-4a45-ba21-8c49a683c4d7,Storco Series 1000 Locker Assembly,44ed-a978-e8d990e2----8b3d-aef900a6bb99,Robert Perez,08/03/2025,16:36:56
Knowby Examples,0f48f69b-005d-4a45-ba21-8c49a683c4d7,Storco Series 1000 Locker Assembly,44ed-a978-e8d990e2----8b3d-aef900a6bb99,Robert Perez,08/04/2025,11:27:55
Knowby Examples,0f48f69b-005d-4a45-ba21-8c49a683c4d7,Storco Series 1000 Locker Assembly,44ed-a978-e8d990e2----8b3d-aef900a6bb99,Robert Perez,08/05/2025,12:49:00
Knowby Examples,0f48f69b-005d-4a45-ba21-8c49a683c4d7,Storco Series 1000 Locker Assembly,44ed-a978-e8d990e2----8b3d-aef900a6bb99,Robert Perez,17/08/2025,16:34:24
Knowby Examples,0f48f69b-005d-4a45-ba21-8c49a683c4d7,Storco Series 1000 Locker Assembly,44ed-a978-e8d990e2----8b3d-aef900a6bb99,Robert Perez,19/08/2025,16:32:18
Knowby Examples,0f48f69b-005d-4a45-ba21-8c49a683c4d7,Storco Series 1000 Locker Assembly,44ed-a978-e8d990e2----8b3d-aef900a6bb99,Robert Perez,19/08/2025,10:08:37
Knowby Examples,0f48f69b-005d-4a45-ba21-8c49a683c4d7,Storco Series 1000 Locker Assembly,44ed-a978-e8d990e2----8b3d-aef900a6bb99,Robert Perez,19/08/2024,09:04:08
Knowby Examples,0f48f69b-005d-4a45-ba21-8c49a683c4d7,Storco Series 1000 Locker Assembly,44ed-a978-e8d990e2----8b3d-aef900a6bb99,Robert Perez,19/08/2025,13:24:19
Knowby Examples,0f48f69b-005d-4a45-ba21-8c49a683c4d7,Storco Series 1000 Locker Assembly,44ed-a978-e8d990e2----8b3d-aef900a6bb99,Robert Perez,23/08/2025,17:56:17
Knowby Examples,0f48f69b-005d-4a45-ba21-8c49a683c4d7,Storco Series 1000 Locker Assembly,44ed-a978-e8d990e2----8b3d-aef900a6bb99,Robert Perez,23/08/2025,10:42:38
Knowby Examples,0f48f69b-005d-4a45-ba21-8c49a683c4d7,Storco Series 1000 Locker Assembly,44ed-a978-e8d990e2----8b3d-aef900a6bb99,Robert Perez,23/08/2025,16:56:06
Knowby Examples,0f48f69b-005d-4a45-ba21-8c49a683c4d7,Storco Series 1000 Locker Assembly,44ed-a978-e8d990e2----8b3d-aef900a6bb99,Robert Perez,23/08/2025,16:13:42
Knowby Examples,0f48f69b-005d-4a45-ba21-8c49a683c4d7,Storco Series 1000 Locker Assembly,44ed-a978-e8d990e2----8b3d-aef900a6bb99,Robert Perez,23/08/2025,11:03:37
Knowby Examples,0f48f69b-005d-4a45-ba21-8c49a683c4d7,Storco Series 1000 Locker Assembly,44ed-a978-e8d990e2----8b3d-aef900a6bb99,Robert Perez,23/08/2025,16:10:01
Knowby Examples,0f48f69b-005d-4a45-ba21-8c49a683c4d7,Storco Series 1000 Locker Assembly,44ed-a978-e8d990e2----8b3d-aef900a6bb99,Robert Perez,24/08/2025,14:41:52
Knowby Examples,0f48f69b-005d-4a45-ba21-8c49a683c4d7,Storco Series 1000 Locker Assembly,44ed-a978-e8d990e2----8b3d-aef900a6bb99,Robert Perez,30/08/2024,12:31:58
Knowby Examples,0f48f69b-005d-4a45-ba21-8c49a683c4d7,Storco Series 1000 Locker Assembly,44ed-a978-e8d990e2----8b3d-aef900a6bb99,Robert Perez,31/08/2025,10:53:06
Knowby Examples,0f48f69b-005d-4a45-ba21-8c49a683c4d7,Storco Series 1000 Locker Assembly,44ed-a978-e8d990e2----8b3d-aef900a6bb99,Robert Perez,09/01/2025,12:31:34
Knowby Examples,0f48f69b-005d-4a45-ba21-8c49a683c4d7,Storco Series 1000 Locker Assembly,44ed-a978-e8d990e2----8b3d-aef900a6bb99,Robert Perez,09/07/2024,13:10:11
Knowby Examples,0f48f69b-005d-4a45-ba21-8c49a683c4d7,Storco Series 1000 Locker Assembly,44ed-a978-e8d990e2----8b3d-aef900a6bb99,Robert Perez,09/07/2025,11:53:33
Knowby Examples,0f48f69b-005d-4a45-ba21-8c49a683c4d7,Storco Series 1000 Locker Assembly,44ed-a978-e8d990e2----8b3d-aef900a6bb99,Robert Perez,14/09/2025,10:14:39
Knowby Examples,0f48f69b-005d-4a45-ba21-8c49a683c4d7,Storco Series 1000 Locker Assembly,44ed-a978-e8d990e2----8b3d-aef900a6bb99,Robert Perez,16/09/2025,12:09:34
Knowby Examples,0f48f69b-005d-4a45-ba21-8c49a683c4d7,Storco Series 1000 Locker Assembly,44ed-a978-e8d990e2----8b3d-aef900a6bb99,Robert Perez,19/09/2025,09:19:37
Knowby Examples,0f48f69b-005d-4a45-ba21-8c49a683c4d7,Storco Series 1000 Locker Assembly,44ed-a978-e8d990e2----8b3d-aef900a6bb99,Robert Perez,20/09/2025,15:37:20
Knowby Examples,0f48f69b-005d-4a45-ba21-8c49a683c4d7,Storco Series 1000 Locker Assembly,44ed-a978-e8d990e2----8b3d-aef900a6bb99,Robert Perez,25/09/2025,11:58:24
Knowby Examples,0f48f69b-005d-4a45-ba21-8c49a683c4d7,Storco Series 1000 Locker Assembly,44ed-a978-e8d990e2----8b3d-aef900a6bb99,Robert Perez,26/09/2025,09:52:55
Knowby Examples,0f48f69b-005d-4a45-ba21-8c49a683c4d7,Storco Series 1000 Locker Assembly,44ed-a978-e8d990e2----8b3d-aef900a6bb99,Robert Perez,17/10/2025,11:20:44
Knowby Examples,0f48f69b-005d-4a45-ba21-8c49a683c4d7,Storco Series 1000 Locker Assembly,44ed-a978-e8d990e2----8b3d-aef900a6bb99,Robert Perez,18/10/2025,10:50:27
Knowby Examples,0f48f69b-005d-4a45-ba21-8c49a683c4d7,Storco Series 1000 Locker Assembly,44ed-a978-e8d990e2----8b3d-aef900a6bb99,Robert Perez,18/04/2025,13:02:57
Knowby Examples,0f48f69b-005d-4a45-ba21-8c49a683c4d7,Storco Series 1000 Locker Assembly,44ed-a978-e8d990e2----8b3d-aef900a6bb99,Robert Perez,18/07/2025,17:57:20
Knowby Examples,0f48f69b-005d-4a45-ba21-8c49a683c4d7,Storco Series 1000 Locker Assembly,44ed-a978-e8d990e2----8b3d-aef900a6bb99,Robert Perez,25/09/2025,09:43:15
Knowby Examples,0f48f69b-005d-4a45-ba21-8c49a683c4d7,Storco Series 1000 Locker Assembly,44ed-a978-e8d990e2----8b3d-aef900a6bb99,Robert Perez,10/02/2025,09:38:02
Knowby Examples,0f48f69b-005d-4a45-ba21-8c49a683c4d7,Storco Series 1000 Locker Assembly,44ed-a978-e8d990e2----8b3d-aef900a6bb99,Robert Perez,10/03/2025,17:43:57
Knowby Examples,0f48f69b-005d-4a45-ba21-8c49a683c4d7,Storco Series 1000 Locker Assembly,44ed-a978-e8d990e2----8b3d-aef900a6bb99,Robert Perez,10/07/2025,12:09:09
Knowby Examples,0f48f69b-005d-4a45-ba21-8c49a683c4d7,Storco Series 1000 Locker Assembly,44ed-a978-e8d990e2----8b3d-aef900a6bb99,Robert Perez,10/07/2024,13:40:18
Knowby Examples,0f48f69b-005d-4a45-ba21-8c49a683c4d7,Storco Series 1000 Locker Assembly,44ed-a978-e8d990e2----8b3d-aef900a6bb99,Robert Perez,10/07/2025,08:57:23
Knowby Examples,0f48f69b-005d-4a45-ba21-8c49a683c4d7,Storco Series 1000 Locker Assembly,44ed-a978-e8d990e2----8b3d-aef900a6bb99,Robert Perez,22/10/2025,17:05:56
Knowby Examples,0f48f69b-005d-4a45-ba21-8c49a683c4d7,Storco Series 1000 Locker Assembly,44ed-a978-e8d990e2----8b3d-aef900a6bb99,Robert Perez,28/10/2024,08:04:41
Knowby Examples,0f48f69b-005d-4a45-ba21-8c49a683c4d7,Storco Series 1000 Locker Assembly,44ed-a978-e8d990e2----8b3d-aef900a6bb99,Robert Perez,29/10/2025,13:57:35
Knowby Examples,0f48f69b-005d-4a45-ba21-8c49a683c4d7,Storco Series 1000 Locker Assembly,44ed-a978-e8d990e2----8b3d-aef900a6bb99,Robert Perez,29/10/2025,14:25:49
Knowby Examples,0f48f69b-005d-4a45-ba21-8c49a683c4d7,Storco Series 1000 Locker Assembly,44ed-a978-e8d990e2----8b3d-aef900a6bb99,Robert Perez,18/11/2025,13:56:14
Knowby Examples,0f48f69b-005d-4a45-ba21-8c49a683c4d7,Storco Series 1000 Locker Assembly,44ed-a978-e8d990e2----8b3d-aef900a6bb99,Robert Perez,20/11/2025,11:45:18
Knowby Examples,0f48f69b-005d-4a45-ba21-8c49a683c4d7,Storco Series 1000 Locker Assembly,44ed-a978-e8d990e2----8b3d-aef900a6bb99,Robert Perez,21/11/2025,09:14:06
Knowby Examples,0f48f69b-005d-4a45-ba21-8c49a683c4d7,Storco Series 1000 Locker Assembly,44ed-a978-e8d990e2----8b3d-aef900a6bb99,Robert Perez,21/11/2025,16:00:19
Knowby Examples,0f48f69b-005d-4a45-ba21-8c49a683c4d7,Storco Series 1000 Locker Assembly,44ed-a978-e8d990e2----8b3d-aef900a6bb99,Robert Perez,21/11/2025,16:14:38
Knowby Examples,0f48f69b-005d-4a45-ba21-8c49a683c4d7,Storco Series 1000 Locker Assembly,44ed-a978-e8d990e2----8b3d-aef900a6bb99,Robert Perez,22/11/2025,12:20:08
Knowby Examples,0f48f69b-005d-4a45-ba21-8c49a683c4d7,Storco Series 1000 Locker Assembly,44ed-a978-e8d990e2----8b3d-aef900a6bb99,Robert Perez,22/11/2024,17:28:12
Knowby Examples,0f48f69b-005d-4a45-ba21-8c49a683c4d7,Storco Series 1000 Locker Assembly,44ed-a978-e8d990e2----8b3d-aef900a6bb99,Robert Perez,27/11/2025,15:21:49
Knowby Examples,0f48f69b-005d-4a45-ba21-8c49a683c4d7,Storco Series 1000 Locker Assembly,44ed-a978-e8d990e2----8b3d-aef900a6bb99,Robert Perez,27/11/2025,16:26:20
Knowby Examples,0f48f69b-005d-4a45-ba21-8c49a683c4d7,Storco Series 1000 Locker Assembly,44ed-a978-e8d990e2----8b3d-aef900a6bb99,Robert Perez,14/12/2025,13:47:44
Knowby Examples,0f48f69b-005d-4a45-ba21-8c49a683c4d7,Storco Series 1000 Locker Assembly,44ed-a978-e8d990e2----8b3d-aef900a6bb99,Robert Perez,16/12/2025,16:57:39
Knowby Examples,0f48f69b-005d-4a45-ba21-8c49a683c4d7,Storco Series 1000 Locker Assembly,44ed-a978-e8d990e2----8b3d-aef900a6bb99,Robert Perez,13/01/2025,12:12:16
Knowby Examples,0f48f69b-005d-4a45-ba21-8c49a683c4d7,Storco Series 1000 Locker Assembly,44ed-a978-e8d990e2----8b3d-aef900a6bb99,Robert Perez,22/01/2025,12:02:07
Knowby Examples,0f48f69b-005d-4a45-ba21-8c49a683c4d7,Storco Series 1000 Locker Assembly,44ed-a978-e8d990e2----8b3d-aef900a6bb99,Robert Perez,22/01/2025,13:21:19
Knowby Examples,0f48f69b-005d-4a45-ba21-8c49a683c4d7,Storco Series 1000 Locker Assembly,43bc-e7ae-89d089c6----851d-5f6cf54a10ec,Christopher Cunningham,23/10/2025,10:20:07
Knowby Examples,0f48f69b-005d-4a45-ba21-8c49a683c4d7,Storco Series 1000 Locker Assembly,43bc-e7ae-89d089c6----851d-5f6cf54a10ec,Christopher Cunningham,22/11/2025,08:09:20
Knowby Examples,0f48f69b-005d-4a45-ba21-8c49a683c4d7,Storco Series 1000 Locker Assembly,4ed4-864f-db17168a----9128-a3c9ddb6e3ea,Carol Jones,23/10/2025,11:56:21
Knowby Examples,0f48f69b-005d-4a45-ba21-8c49a683c4d7,Storco Series 1000 Locker Assembly,4dd1-509e-67e290d9----bb68-afdb00c8af51,Cristian Gonzalez,20/02/2025,11:40:26
Knowby Examples,61ef7d7c-3fc9-47a5-808b-667efe155201,How to Make the Iconic Bunnings Snag,400d-dbe2-f01d079d----af6e-af3d005280aa,Rhonda Evans,11/01/2025,10:05:18
Knowby Examples,61ef7d7c-3fc9-47a5-808b-667efe155201,How to Make the Iconic Bunnings Snag,4dd1-509e-67e290d9----bb68-afdb00c8af51,Cristian Gonzalez,30/10/2024,10:18:07
Knowby Examples,61ef7d7c-3fc9-47a5-808b-667efe155201,How to Make the Iconic Bunnings Snag,4dd1-509e-67e290d9----bb68-afdb00c8af51,Cristian Gonzalez,30/10/2025,10:17:32
Knowby Examples,61ef7d7c-3fc9-47a5-808b-667efe155201,How to Make the Iconic Bunnings Snag,4dd1-509e-67e290d9----bb68-afdb00c8af51,Cristian Gonzalez,30/10/2025,10:08:48
Knowby Examples,61ef7d7c-3fc9-47a5-808b-667efe155201,How to Make the Iconic Bunnings Snag,4dd1-509e-67e290d9----bb68-afdb00c8af51,Cristian Gonzalez,30/10/2025,11:51:25
Knowby Examples,61ef7d7c-3fc9-47a5-808b-667efe155201,How to Make the Iconic Bunnings Snag,4dd1-509e-67e290d9----bb68-afdb00c8af51,Cristian Gonzalez,30/10/2024,11:00:05
Knowby Examples,61ef7d7c-3fc9-47a5-808b-667efe155201,How to Make the Iconic Bunnings Snag,4dd1-509e-67e290d9----bb68-afdb00c8af51,Cristian Gonzalez,31/10/2025,11:18:07
Knowby Examples,61ef7d7c-3fc9-47a5-808b-667efe155201,How to Make the Iconic Bunnings Snag,4dd1-509e-67e290d9----bb68-afdb00c8af51,Cristian Gonzalez,11/05/2025,08:57:26
Knowby Examples,61ef7d7c-3fc9-47a5-808b-667efe155201,How to Make the Iconic Bunnings Snag,4dd1-509e-67e290d9----bb68-afdb00c8af51,Cristian Gonzalez,11/05/2025,10:34:56
Knowby Examples,61ef7d7c-3fc9-47a5-808b-667efe155201,How to Make the Iconic Bunnings Snag,4dd1-509e-67e290d9----bb68-afdb00c8af51,Cristian Gonzalez,11/05/2025,14:53:13
Knowby Examples,61ef7d7c-3fc9-47a5-808b-667efe155201,How to Make the Iconic Bunnings Snag,4dd1-509e-67e290d9----bb68-afdb00c8af51,Cristian Gonzalez,21/11/2025,10:43:54
Knowby Examples,61ef7d7c-3fc9-47a5-808b-667efe155201,How to Make the Iconic Bunnings Snag,4dd1-509e-67e290d9----bb68-afdb00c8af51,Cristian Gonzalez,21/11/2025,08:14:18
Knowby Examples,61ef7d7c-3fc9-47a5-808b-667efe155201,How to Make the Iconic Bunnings Snag,4dd1-509e-67e290d9----bb68-afdb00c8af51,Cristian Gonzalez,21/11/2025,15:31:02
Knowby Examples,61ef7d7c-3fc9-47a5-808b-667efe155201,How to Make the Iconic Bunnings Snag,4dd1-509e-67e290d9----bb68-afdb00c8af51,Cristian Gonzalez,21/11/2025,15:48:05
Knowby Examples,61ef7d7c-3fc9-47a5-808b-667efe155201,How to Make the Iconic Bunnings Snag,4dd1-509e-67e290d9----bb68-afdb00c8af51,Cristian Gonzalez,21/11/2024,09:57:48
Knowby Examples,61ef7d7c-3fc9-47a5-808b-667efe155201,How to Make the Iconic Bunnings Snag,4dd1-509e-67e290d9----bb68-afdb00c8af51,Cristian Gonzalez,21/11/2025,09:23:55
Knowby Examples,61ef7d7c-3fc9-47a5-808b-667efe155201,How to Make the Iconic Bunnings Snag,4dd1-509e-67e290d9----bb68-afdb00c8af51,Cristian Gonzalez,21/11/2025,13:14:55
Knowby Examples,61ef7d7c-3fc9-47a5-808b-667efe155201,How to Make the Iconic Bunnings Snag,4dd1-509e-67e290d9----bb68-afdb00c8af51,Cristian Gonzalez,21/11/2024,15:40:52
Knowby Examples,61ef7d7c-3fc9-47a5-808b-667efe155201,How to Make the Iconic Bunnings Snag,4dd1-509e-67e290d9----bb68-afdb00c8af51,Cristian Gonzalez,21/11/2025,08:48:59
Knowby Examples,61ef7d7c-3fc9-47a5-808b-667efe155201,How to Make the Iconic Bunnings Snag,4dd1-509e-67e290d9----bb68-afdb00c8af51,Cristian Gonzalez,21/11/2025,11:28:38
Knowby Examples,61ef7d7c-3fc9-47a5-808b-667efe155201,How to Make the Iconic Bunnings Snag,4dd1-509e-67e290d9----bb68-afdb00c8af51,Cristian Gonzalez,21/11/2025,14:54:06
Knowby Examples,61ef7d7c-3fc9-47a5-808b-667efe155201,How to Make the Iconic Bunnings Snag,4dd1-509e-67e290d9----bb68-afdb00c8af51,Cristian Gonzalez,22/11/2025,17:14:03
Knowby Examples,61ef7d7c-3fc9-47a5-808b-667efe155201,How to Make the Iconic Bunnings Snag,4dd1-509e-67e290d9----bb68-afdb00c8af51,Cristian Gonzalez,22/11/2025,10:45:45
Knowby Examples,61ef7d7c-3fc9-47a5-808b-667efe155201,How to Make the Iconic Bunnings Snag,4dd1-509e-67e290d9----bb68-afdb00c8af51,Cristian Gonzalez,22/11/2025,08:28:28
Knowby Examples,61ef7d7c-3fc9-47a5-808b-667efe155201,How to Make the Iconic Bunnings Snag,4dd1-509e-67e290d9----bb68-afdb00c8af51,Cristian Gonzalez,22/11/2025,16:44:08
Knowby Examples,61ef7d7c-3fc9-47a5-808b-667efe155201,How to Make the Iconic Bunnings Snag,4dd1-509e-67e290d9----bb68-afdb00c8af51,Cristian Gonzalez,27/11/2025,11:26:43
Knowby Examples,61ef7d7c-3fc9-47a5-808b-667efe155201,How to Make the Iconic Bunnings Snag,4dd1-509e-67e290d9----bb68-afdb00c8af51,Cristian Gonzalez,21/12/2025,16:34:03
Knowby Examples,61ef7d7c-3fc9-47a5-808b-667efe155201,How to Make the Iconic Bunnings Snag,4dd1-509e-67e290d9----bb68-afdb00c8af51,Cristian Gonzalez,17/01/2025,16:32:48
Knowby Examples,61ef7d7c-3fc9-47a5-808b-667efe155201,How to Make the Iconic Bunnings Snag,4d2c-583f-adfb71a0----947b-af0c00af8d6b,Adriana Sanders,11/01/2024,09:23:46
Knowby Examples,61ef7d7c-3fc9-47a5-808b-667efe155201,How to Make the Iconic Bunnings Snag,4d2c-583f-adfb71a0----947b-af0c00af8d6b,Adriana Sanders,11/07/2025,15:51:13
Knowby Examples,61ef7d7c-3fc9-47a5-808b-667efe155201,How to Make the Iconic Bunnings Snag,44ed-a978-e8d990e2----8b3d-aef900a6bb99,Robert Perez,19/11/2025,16:10:24
Knowby Examples,61ef7d7c-3fc9-47a5-808b-667efe155201,How to Make the Iconic Bunnings Snag,44ed-a978-e8d990e2----8b3d-aef900a6bb99,Robert Perez,22/11/2025,08:43:30
Knowby Examples,61ef7d7c-3fc9-47a5-808b-667efe155201,How to Make the Iconic Bunnings Snag,44ed-a978-e8d990e2----8b3d-aef900a6bb99,Robert Perez,22/11/2025,14:58:18
Knowby Examples,61ef7d7c-3fc9-47a5-808b-667efe155201,How to Make the Iconic Bunnings Snag,44ed-a978-e8d990e2----8b3d-aef900a6bb99,Robert Perez,13/01/2024,08:28:26
Knowby Examples,61ef7d7c-3fc9-47a5-808b-667efe155201,How to Make the Iconic Bunnings Snag,43bc-e7ae-89d089c6----851d-5f6cf54a10ec,Christopher Cunningham,11/01/2025,14:13:55
Knowby Examples,61ef7d7c-3fc9-47a5-808b-667efe155201,How to Make the Iconic Bunnings Snag,43bc-e7ae-89d089c6----851d-5f6cf54a10ec,Christopher Cunningham,22/11/2025,17:01:14
Knowby Examples,61ef7d7c-3fc9-47a5-808b-667efe155201,How to Make the Iconic Bunnings Snag,4ed4-864f-db17168a----9128-a3c9ddb6e3ea,Carol Jones,30/10/2024,15:53:36
Knowby Examples,61ef7d7c-3fc9-47a5-808b-667efe155201,How to Make the Iconic Bunnings Snag,4ed4-864f-db17168a----9128-a3c9ddb6e3ea,Carol Jones,31/10/2025,16:37:33
Knowby Examples,61ef7d7c-3fc9-47a5-808b-667efe155201,How to Make the Iconic Bunnings Snag,4ed4-864f-db17168a----9128-a3c9ddb6e3ea,Carol Jones,20/11/2025,13:39:13
Knowby Examples,61ef7d7c-3fc9-47a5-808b-667efe155201,How to Make the Iconic Bunnings Snag,4ed4-864f-db17168a----9128-a3c9ddb6e3ea,Carol Jones,21/11/2025,16:18:26
Knowby Examples,61ef7d7c-3fc9-47a5-808b-667efe155201,How to Make the Iconic Bunnings Snag,4ed4-864f-db17168a----9128-a3c9ddb6e3ea,Carol Jones,21/11/2025,10:17:10
Knowby Examples,61ef7d7c-3fc9-47a5-808b-667efe155201,How to Make the Iconic Bunnings Snag,4ed1-affe-79057836----9ea2-adc551671be2,John Terrell,25/11/2025,17:54:40
Knowby Examples,61ef7d7c-3fc9-47a5-808b-667efe155201,How to Make the Iconic Bunnings Snag,4d1a-2d52-b574cc8e----b6c0-af3b0075112b,Melanie Wilson,23/01/2025,13:36:44
Knowby Examples,61ef7d7c-3fc9-47a5-808b-667efe155201,How to Make the Iconic Bunnings Snag,4dd1-509e-67e290d9----bb68-afdb00c8af51,Cristian Gonzalez,03/03/2025,16:20:00
Knowby Examples,91f6d446-8c53-4c1a-b250-3c3499f1014c,Salsa and Corn Chips,4d2c-583f-adfb71a0----947b-af0c00af8d6b,Adriana Sanders,22/01/2025,16:00:30
Knowby Examples,91f6d446-8c53-4c1a-b250-3c3499f1014c,Salsa and Corn Chips,4d2c-583f-adfb71a0----947b-af0c00af8d6b,Adriana Sanders,28/01/2024,12:33:29
Knowby Examples,91f6d446-8c53-4c1a-b250-3c3499f1014c,Salsa and Corn Chips,4d2c-583f-adfb71a0----947b-af0c00af8d6b,Adriana Sanders,28/01/2025,12:18:49
Knowby Examples,91f6d446-8c53-4c1a-b250-3c3499f1014c,Salsa and Corn Chips,44ed-a978-e8d990e2----8b3d-aef900a6bb99,Robert Perez,12/05/2025,16:59:20
Knowby Examples,91f6d446-8c53-4c1a-b250-3c3499f1014c,Salsa and Corn Chips,4e42-3ecf-a947652f----8d8f-1b0d973d1bbf,Robert Taylor,02/12/2025,09:44:27
Knowby Examples,91f6d446-8c53-4c1a-b250-3c3499f1014c,Salsa and Corn Chips,413d-9823-596f7571----810c-1ba13bd37119,Jasmine Weeks,01/08/2025,08:39:08
Knowby Examples,1b226b5b-b455-4a05-8dd3-a4c731d930ac,Easy and Delicious Cheesecake Crust b,4dd1-509e-67e290d9----bb68-afdb00c8af51,Cristian Gonzalez,01/10/2025,13:44:24
Knowby Examples,1b226b5b-b455-4a05-8dd3-a4c731d930ac,Easy and Delicious Cheesecake Crust b,4dd1-509e-67e290d9----bb68-afdb00c8af51,Cristian Gonzalez,14/01/2025,08:42:22
Knowby Examples,1b226b5b-b455-4a05-8dd3-a4c731d930ac,Easy and Delicious Cheesecake Crust b,4dd1-509e-67e290d9----bb68-afdb00c8af51,Cristian Gonzalez,24/01/2025,10:12:18
Knowby Examples,1b226b5b-b455-4a05-8dd3-a4c731d930ac,Easy and Delicious Cheesecake Crust b,4d2c-583f-adfb71a0----947b-af0c00af8d6b,Adriana Sanders,14/01/2025,13:09:57
Knowby Examples,1b226b5b-b455-4a05-8dd3-a4c731d930ac,Easy and Delicious Cheesecake Crust b,4d2c-583f-adfb71a0----947b-af0c00af8d6b,Adriana Sanders,18/01/2025,12:28:35
Knowby Examples,1b226b5b-b455-4a05-8dd3-a4c731d930ac,Easy and Delicious Cheesecake Crust b,4d2c-583f-adfb71a0----947b-af0c00af8d6b,Adriana Sanders,22/01/2025,10:30:33
Knowby Examples,1b226b5b-b455-4a05-8dd3-a4c731d930ac,Easy and Delicious Cheesecake Crust b,4d2c-583f-adfb71a0----947b-af0c00af8d6b,Adriana Sanders,24/01/2025,14:28:51
Knowby Examples,1b226b5b-b455-4a05-8dd3-a4c731d930ac,Easy and Delicious Cheesecake Crust b,4d2c-583f-adfb71a0----947b-af0c00af8d6b,Adriana Sanders,25/01/2024,17:02:59
Knowby Examples,1b226b5b-b455-4a05-8dd3-a4c731d930ac,Easy and Delicious Cheesecake Crust b,4d2c-583f-adfb71a0----947b-af0c00af8d6b,Adriana Sanders,25/01/2025,11:19:19
Knowby Examples,1b226b5b-b455-4a05-8dd3-a4c731d930ac,Easy and Delicious Cheesecake Crust b,4d2c-583f-adfb71a0----947b-af0c00af8d6b,Adriana Sanders,25/01/2025,16:50:28
Knowby Examples,1b226b5b-b455-4a05-8dd3-a4c731d930ac,Easy and Delicious Cheesecake Crust b,4d2c-583f-adfb71a0----947b-af0c00af8d6b,Adriana Sanders,26/01/2025,10:39:01
Knowby Examples,1b226b5b-b455-4a05-8dd3-a4c731d930ac,Easy and Delicious Cheesecake Crust b,4d2c-583f-adfb71a0----947b-af0c00af8d6b,Adriana Sanders,28/01/2025,14:10:44
Knowby Examples,1b226b5b-b455-4a05-8dd3-a4c731d930ac,Easy and Delicious Cheesecake Crust b,4d2c-583f-adfb71a0----947b-af0c00af8d6b,Adriana Sanders,28/01/2025,14:44:36
Knowby Examples,1b226b5b-b455-4a05-8dd3-a4c731d930ac,Easy and Delicious Cheesecake Crust b,4d2c-583f-adfb71a0----947b-af0c00af8d6b,Adriana Sanders,28/01/2025,12:14:48
Knowby Examples,1b226b5b-b455-4a05-8dd3-a4c731d930ac,Easy and Delicious Cheesecake Crust b,4d2c-583f-adfb71a0----947b-af0c00af8d6b,Adriana Sanders,29/01/2025,10:38:43
Knowby Examples,1b226b5b-b455-4a05-8dd3-a4c731d930ac,Easy and Delicious Cheesecake Crust b,4d2c-583f-adfb71a0----947b-af0c00af8d6b,Adriana Sanders,31/01/2025,08:12:46
Knowby Examples,1b226b5b-b455-4a05-8dd3-a4c731d930ac,Easy and Delicious Cheesecake Crust b,4d2c-583f-adfb71a0----947b-af0c00af8d6b,Adriana Sanders,02/01/2025,15:08:07
Knowby Examples,1b226b5b-b455-4a05-8dd3-a4c731d930ac,Easy and Delicious Cheesecake Crust b,4d2c-583f-adfb71a0----947b-af0c00af8d6b,Adriana Sanders,02/02/2025,17:24:03
Knowby Examples,1b226b5b-b455-4a05-8dd3-a4c731d930ac,Easy and Delicious Cheesecake Crust b,4d2c-583f-adfb71a0----947b-af0c00af8d6b,Adriana Sanders,02/06/2025,13:20:06
Knowby Examples,1b226b5b-b455-4a05-8dd3-a4c731d930ac,Easy and Delicious Cheesecake Crust b,44ed-a978-e8d990e2----8b3d-aef900a6bb99,Robert Perez,01/08/2025,10:38:37
Knowby Examples,1b226b5b-b455-4a05-8dd3-a4c731d930ac,Easy and Delicious Cheesecake Crust b,44ed-a978-e8d990e2----8b3d-aef900a6bb99,Robert Perez,01/08/2025,15:33:20
Knowby Examples,1b226b5b-b455-4a05-8dd3-a4c731d930ac,Easy and Delicious Cheesecake Crust b,44ed-a978-e8d990e2----8b3d-aef900a6bb99,Robert Perez,01/10/2025,10:09:50
Knowby Examples,1b226b5b-b455-4a05-8dd3-a4c731d930ac,Easy and Delicious Cheesecake Crust b,44ed-a978-e8d990e2----8b3d-aef900a6bb99,Robert Perez,01/11/2025,13:50:56
Knowby Examples,1b226b5b-b455-4a05-8dd3-a4c731d930ac,Easy and Delicious Cheesecake Crust b,44ed-a978-e8d990e2----8b3d-aef900a6bb99,Robert Perez,01/12/2025,09:27:13
Knowby Examples,1b226b5b-b455-4a05-8dd3-a4c731d930ac,Easy and Delicious Cheesecake Crust b,44ed-a978-e8d990e2----8b3d-aef900a6bb99,Robert Perez,13/01/2025,12:01:19
Knowby Examples,1b226b5b-b455-4a05-8dd3-a4c731d930ac,Easy and Delicious Cheesecake Crust b,44ed-a978-e8d990e2----8b3d-aef900a6bb99,Robert Perez,13/01/2025,14:23:56
Knowby Examples,1b226b5b-b455-4a05-8dd3-a4c731d930ac,Easy and Delicious Cheesecake Crust b,44ed-a978-e8d990e2----8b3d-aef900a6bb99,Robert Perez,13/01/2024,10:38:45
Knowby Examples,1b226b5b-b455-4a05-8dd3-a4c731d930ac,Easy and Delicious Cheesecake Crust b,44ed-a978-e8d990e2----8b3d-aef900a6bb99,Robert Perez,13/01/2025,15:16:34
Knowby Examples,1b226b5b-b455-4a05-8dd3-a4c731d930ac,Easy and Delicious Cheesecake Crust b,44ed-a978-e8d990e2----8b3d-aef900a6bb99,Robert Perez,13/01/2025,17:29:35
Knowby Examples,1b226b5b-b455-4a05-8dd3-a4c731d930ac,Easy and Delicious Cheesecake Crust b,44ed-a978-e8d990e2----8b3d-aef900a6bb99,Robert Perez,13/01/2025,13:25:54
Knowby Examples,1b226b5b-b455-4a05-8dd3-a4c731d930ac,Easy and Delicious Cheesecake Crust b,44ed-a978-e8d990e2----8b3d-aef900a6bb99,Robert Perez,15/01/2025,08:05:46
Knowby Examples,1b226b5b-b455-4a05-8dd3-a4c731d930ac,Easy and Delicious Cheesecake Crust b,44ed-a978-e8d990e2----8b3d-aef900a6bb99,Robert Perez,16/01/2025,16:04:54
Knowby Examples,1b226b5b-b455-4a05-8dd3-a4c731d930ac,Easy and Delicious Cheesecake Crust b,44ed-a978-e8d990e2----8b3d-aef900a6bb99,Robert Perez,18/01/2025,14:54:17
Knowby Examples,1b226b5b-b455-4a05-8dd3-a4c731d930ac,Easy and Delicious Cheesecake Crust b,44ed-a978-e8d990e2----8b3d-aef900a6bb99,Robert Perez,18/01/2025,10:39:11
Knowby Examples,1b226b5b-b455-4a05-8dd3-a4c731d930ac,Easy and Delicious Cheesecake Crust b,44ed-a978-e8d990e2----8b3d-aef900a6bb99,Robert Perez,18/01/2025,12:00:20
Knowby Examples,1b226b5b-b455-4a05-8dd3-a4c731d930ac,Easy and Delicious Cheesecake Crust b,44ed-a978-e8d990e2----8b3d-aef900a6bb99,Robert Perez,18/01/2025,08:30:37
Knowby Examples,1b226b5b-b455-4a05-8dd3-a4c731d930ac,Easy and Delicious Cheesecake Crust b,44ed-a978-e8d990e2----8b3d-aef900a6bb99,Robert Perez,22/01/2025,09:01:47
Knowby Examples,1b226b5b-b455-4a05-8dd3-a4c731d930ac,Easy and Delicious Cheesecake Crust b,44ed-a978-e8d990e2----8b3d-aef900a6bb99,Robert Perez,22/01/2025,14:30:36
Knowby Examples,1b226b5b-b455-4a05-8dd3-a4c731d930ac,Easy and Delicious Cheesecake Crust b,44ed-a978-e8d990e2----8b3d-aef900a6bb99,Robert Perez,22/01/2024,14:14:48
Knowby Examples,1b226b5b-b455-4a05-8dd3-a4c731d930ac,Easy and Delicious Cheesecake Crust b,44ed-a978-e8d990e2----8b3d-aef900a6bb99,Robert Perez,22/01/2025,14:19:30
Knowby Examples,1b226b5b-b455-4a05-8dd3-a4c731d930ac,Easy and Delicious Cheesecake Crust b,44ed-a978-e8d990e2----8b3d-aef900a6bb99,Robert Perez,22/01/2024,15:52:53
Knowby Examples,1b226b5b-b455-4a05-8dd3-a4c731d930ac,Easy and Delicious Cheesecake Crust b,44ed-a978-e8d990e2----8b3d-aef900a6bb99,Robert Perez,22/01/2025,08:31:02
Knowby Examples,1b226b5b-b455-4a05-8dd3-a4c731d930ac,Easy and Delicious Cheesecake Crust b,44ed-a978-e8d990e2----8b3d-aef900a6bb99,Robert Perez,22/01/2024,10:57:33
Knowby Examples,1b226b5b-b455-4a05-8dd3-a4c731d930ac,Easy and Delicious Cheesecake Crust b,44ed-a978-e8d990e2----8b3d-aef900a6bb99,Robert Perez,22/01/2025,15:51:27
Knowby Examples,1b226b5b-b455-4a05-8dd3-a4c731d930ac,Easy and Delicious Cheesecake Crust b,44ed-a978-e8d990e2----8b3d-aef900a6bb99,Robert Perez,23/01/2024,14:49:56
Knowby Examples,1b226b5b-b455-4a05-8dd3-a4c731d930ac,Easy and Delicious Cheesecake Crust b,44ed-a978-e8d990e2----8b3d-aef900a6bb99,Robert Perez,26/01/2025,14:52:40
Knowby Examples,1b226b5b-b455-4a05-8dd3-a4c731d930ac,Easy and Delicious Cheesecake Crust b,44ed-a978-e8d990e2----8b3d-aef900a6bb99,Robert Perez,29/01/2025,17:10:08
Knowby Examples,1b226b5b-b455-4a05-8dd3-a4c731d930ac,Easy and Delicious Cheesecake Crust b,44ed-a978-e8d990e2----8b3d-aef900a6bb99,Robert Perez,29/01/2025,08:43:14
Knowby Examples,1b226b5b-b455-4a05-8dd3-a4c731d930ac,Easy and Delicious Cheesecake Crust b,44ed-a978-e8d990e2----8b3d-aef900a6bb99,Robert Perez,29/01/2025,10:25:44
Knowby Examples,1b226b5b-b455-4a05-8dd3-a4c731d930ac,Easy and Delicious Cheesecake Crust b,44ed-a978-e8d990e2----8b3d-aef900a6bb99,Robert Perez,02/04/2025,10:33:47
Knowby Examples,1b226b5b-b455-4a05-8dd3-a4c731d930ac,Easy and Delicious Cheesecake Crust b,461a-a7ab-cd6791bf----a425-ad2b7c56ee35,Rebecca Walker,21/01/2025,17:44:27
Knowby Examples,1b226b5b-b455-4a05-8dd3-a4c731d930ac,Easy and Delicious Cheesecake Crust b,4ed4-864f-db17168a----9128-a3c9ddb6e3ea,Carol Jones,17/02/2024,15:59:03
Knowby Examples,1b226b5b-b455-4a05-8dd3-a4c731d930ac,Easy and Delicious Cheesecake Crust b,4e42-3ecf-a947652f----8d8f-1b0d973d1bbf,Robert Taylor,02/04/2025,16:54:39
Knowby Examples,1b226b5b-b455-4a05-8dd3-a4c731d930ac,Easy and Delicious Cheesecake Crust b,4e42-3ecf-a947652f----8d8f-1b0d973d1bbf,Robert Taylor,02/10/2025,11:11:43
Knowby Examples,1b226b5b-b455-4a05-8dd3-a4c731d930ac,Easy and Delicious Cheesecake Crust b,4e42-3ecf-a947652f----8d8f-1b0d973d1bbf,Robert Taylor,02/12/2025,14:37:27
Knowby Examples,1b226b5b-b455-4a05-8dd3-a4c731d930ac,Easy and Delicious Cheesecake Crust b,4d1a-2d52-b574cc8e----b6c0-af3b0075112b,Melanie Wilson,30/01/2025,13:04:18
Knowby Examples,1b226b5b-b455-4a05-8dd3-a4c731d930ac,Easy and Delicious Cheesecake Crust b,413d-9823-596f7571----810c-1ba13bd37119,Jasmine Weeks,01/08/2025,09:56:48
Knowby Examples,e63d2153-a343-4c52-9ecc-55b0400fd971,Cannulation: Step-by-Step Guide,4cb2-65da-696d957b----9f0d-54f7230f93ca,Andrew Mueller,05/01/2025,13:10:27
Knowby Examples,e63d2153-a343-4c52-9ecc-55b0400fd971,Cannulation: Step-by-Step Guide,4cb2-65da-696d957b----9f0d-54f7230f93ca,Andrew Mueller,05/01/2025,12:26:10
Knowby Examples,e63d2153-a343-4c52-9ecc-55b0400fd971,Cannulation: Step-by-Step Guide,4cb2-65da-696d957b----9f0d-54f7230f93ca,Andrew Mueller,27/05/2025,12:49:11
Knowby Examples,e63d2153-a343-4c52-9ecc-55b0400fd971,Cannulation: Step-by-Step Guide,400d-dbe2-f01d079d----af6e-af3d005280aa,Rhonda Evans,05/07/2024,12:23:11
Knowby Examples,e63d2153-a343-4c52-9ecc-55b0400fd971,Cannulation: Step-by-Step Guide,400d-dbe2-f01d079d----af6e-af3d005280aa,Rhonda Evans,05/11/2025,17:34:39
Knowby Examples,e63d2153-a343-4c52-9ecc-55b0400fd971,Cannulation: Step-by-Step Guide,4dd1-509e-67e290d9----bb68-afdb00c8af51,Cristian Gonzalez,05/01/2025,14:24:59
Knowby Examples,e63d2153-a343-4c52-9ecc-55b0400fd971,Cannulation: Step-by-Step Guide,4dd1-509e-67e290d9----bb68-afdb00c8af51,Cristian Gonzalez,05/09/2025,15:48:03
Knowby Examples,e63d2153-a343-4c52-9ecc-55b0400fd971,Cannulation: Step-by-Step Guide,4dd1-509e-67e290d9----bb68-afdb00c8af51,Cristian Gonzalez,05/10/2025,15:13:49
Knowby Examples,e63d2153-a343-4c52-9ecc-55b0400fd971,Cannulation: Step-by-Step Guide,4d2c-583f-adfb71a0----947b-af0c00af8d6b,Adriana Sanders,05/04/2025,16:44:39
Knowby Examples,e63d2153-a343-4c52-9ecc-55b0400fd971,Cannulation: Step-by-Step Guide,4d2c-583f-adfb71a0----947b-af0c00af8d6b,Adriana Sanders,16/05/2024,12:37:29
Knowby Examples,e63d2153-a343-4c52-9ecc-55b0400fd971,Cannulation: Step-by-Step Guide,4d2c-583f-adfb71a0----947b-af0c00af8d6b,Adriana Sanders,16/05/2025,16:21:18
Knowby Examples,e63d2153-a343-4c52-9ecc-55b0400fd971,Cannulation: Step-by-Step Guide,4d2c-583f-adfb71a0----947b-af0c00af8d6b,Adriana Sanders,25/06/2025,11:51:16
Knowby Examples,e63d2153-a343-4c52-9ecc-55b0400fd971,Cannulation: Step-by-Step Guide,4ea3-2234-ee1de7e0----99b4-aefa00ae2eab,William Wilkinson,30/04/2025,13:49:23
Knowby Examples,e63d2153-a343-4c52-9ecc-55b0400fd971,Cannulation: Step-by-Step Guide,4405-d6f6-e37511ad----906f-aefa00b1a961,Jeffrey Brown,15/05/2025,08:53:51
Knowby Examples,e63d2153-a343-4c52-9ecc-55b0400fd971,Cannulation: Step-by-Step Guide,44ed-a978-e8d990e2----8b3d-aef900a6bb99,Robert Perez,30/04/2025,11:12:33
Knowby Examples,e63d2153-a343-4c52-9ecc-55b0400fd971,Cannulation: Step-by-Step Guide,44ed-a978-e8d990e2----8b3d-aef900a6bb99,Robert Perez,15/05/2025,10:13:35
Knowby Examples,e63d2153-a343-4c52-9ecc-55b0400fd971,Cannulation: Step-by-Step Guide,44ed-a978-e8d990e2----8b3d-aef900a6bb99,Robert Perez,25/06/2025,10:37:29
Knowby Examples,e63d2153-a343-4c52-9ecc-55b0400fd971,Cannulation: Step-by-Step Guide,44ed-a978-e8d990e2----8b3d-aef900a6bb99,Robert Perez,30/07/2025,10:46:53
Knowby Examples,e63d2153-a343-4c52-9ecc-55b0400fd971,Cannulation: Step-by-Step Guide,44ed-a978-e8d990e2----8b3d-aef900a6bb99,Robert Perez,16/02/2025,16:49:28
Knowby Examples,e63d2153-a343-4c52-9ecc-55b0400fd971,Cannulation: Step-by-Step Guide,4ed4-864f-db17168a----9128-a3c9ddb6e3ea,Carol Jones,30/04/2025,12:35:28
Knowby Examples,e63d2153-a343-4c52-9ecc-55b0400fd971,Cannulation: Step-by-Step Guide,4ed4-864f-db17168a----9128-a3c9ddb6e3ea,Carol Jones,30/04/2025,12:06:07
Knowby Examples,e63d2153-a343-4c52-9ecc-55b0400fd971,Cannulation: Step-by-Step Guide,4ed4-864f-db17168a----9128-a3c9ddb6e3ea,Carol Jones,30/04/2025,16:43:21
Knowby Examples,e63d2153-a343-4c52-9ecc-55b0400fd971,Cannulation: Step-by-Step Guide,4ed4-864f-db17168a----9128-a3c9ddb6e3ea,Carol Jones,30/04/2025,15:17:40
Knowby Examples,e63d2153-a343-4c52-9ecc-55b0400fd971,Cannulation: Step-by-Step Guide,4ed4-864f-db17168a----9128-a3c9ddb6e3ea,Carol Jones,30/04/2024,08:14:38
Knowby Examples,e63d2153-a343-4c52-9ecc-55b0400fd971,Cannulation: Step-by-Step Guide,4ed4-864f-db17168a----9128-a3c9ddb6e3ea,Carol Jones,30/04/2024,11:36:42
Knowby Examples,e63d2153-a343-4c52-9ecc-55b0400fd971,Cannulation: Step-by-Step Guide,4ed1-affe-79057836----9ea2-adc551671be2,John Terrell,15/05/2025,15:10:28
Knowby Examples,e63d2153-a343-4c52-9ecc-55b0400fd971,Cannulation: Step-by-Step Guide,4f16-eda6-7db766e9----bc66-af8100c46bb3,Jared Foster,30/04/2025,17:11:16
Knowby Examples,e63d2153-a343-4c52-9ecc-55b0400fd971,Cannulation: Step-by-Step Guide,4f16-eda6-7db766e9----bc66-af8100c46bb3,Jared Foster,05/01/2025,17:24:53
Knowby Examples,e63d2153-a343-4c52-9ecc-55b0400fd971,Cannulation: Step-by-Step Guide,4e42-3ecf-a947652f----8d8f-1b0d973d1bbf,Robert Taylor,17/01/2024,13:46:42
Knowby Examples,e63d2153-a343-4c52-9ecc-55b0400fd971,Cannulation: Step-by-Step Guide,4e42-3ecf-a947652f----8d8f-1b0d973d1bbf,Robert Taylor,17/01/2025,13:18:18
Knowby Examples,e63d2153-a343-4c52-9ecc-55b0400fd971,Cannulation: Step-by-Step Guide,4e42-3ecf-a947652f----8d8f-1b0d973d1bbf,Robert Taylor,02/11/2025,17:03:02
Knowby Examples,e63d2153-a343-4c52-9ecc-55b0400fd971,Cannulation: Step-by-Step Guide,4e42-3ecf-a947652f----8d8f-1b0d973d1bbf,Robert Taylor,02/12/2024,15:52:06
Knowby Examples,e63d2153-a343-4c52-9ecc-55b0400fd971,Cannulation: Step-by-Step Guide,4e42-3ecf-a947652f----8d8f-1b0d973d1bbf,Robert Taylor,02/12/2024,13:36:21
Knowby Examples,e63d2153-a343-4c52-9ecc-55b0400fd971,Cannulation: Step-by-Step Guide,4e42-3ecf-a947652f----8d8f-1b0d973d1bbf,Robert Taylor,02/12/2025,10:43:17
Knowby Examples,e63d2153-a343-4c52-9ecc-55b0400fd971,Cannulation: Step-by-Step Guide,4e42-3ecf-a947652f----8d8f-1b0d973d1bbf,Robert Taylor,02/12/2025,12:06:06
Knowby Examples,e63d2153-a343-4c52-9ecc-55b0400fd971,Cannulation: Step-by-Step Guide,4d1a-2d52-b574cc8e----b6c0-af3b0075112b,Melanie Wilson,13/08/2025,11:50:47
Knowby Examples,e63d2153-a343-4c52-9ecc-55b0400fd971,Cannulation: Step-by-Step Guide,4dd1-509e-67e290d9----bb68-afdb00c8af51,Cristian Gonzalez,20/02/2024,14:34:18
Knowby Examples,e63d2153-a343-4c52-9ecc-55b0400fd971,Cannulation: Step-by-Step Guide,4dd1-509e-67e290d9----bb68-afdb00c8af51,Cristian Gonzalez,03/03/2024,09:46:38
Knowby Examples,e63d2153-a343-4c52-9ecc-55b0400fd971,Cannulation: Step-by-Step Guide,4dd1-509e-67e290d9----bb68-afdb00c8af51,Cristian Gonzalez,03/04/2025,14:41:02
Knowby Examples,e63d2153-a343-4c52-9ecc-55b0400fd971,Cannulation: Step-by-Step Guide,4dd1-509e-67e290d9----bb68-afdb00c8af51,Cristian Gonzalez,03/04/2025,11:08:14
Knowby Examples,39d33362-3cf5-4ace-9641-022922960a3a,Wellingtons Underground Asset Register,4d2c-583f-adfb71a0----947b-af0c00af8d6b,Adriana Sanders,03/11/2025,10:52:31
Knowby Examples,39d33362-3cf5-4ace-9641-022922960a3a,Wellingtons Underground Asset Register,44ed-a978-e8d990e2----8b3d-aef900a6bb99,Robert Perez,16/02/2025,17:48:02
Knowby Examples,39d33362-3cf5-4ace-9641-022922960a3a,Wellingtons Underground Asset Register,44ed-a978-e8d990e2----8b3d-aef900a6bb99,Robert Perez,16/02/2025,14:02:15
Knowby Examples,39d33362-3cf5-4ace-9641-022922960a3a,Wellingtons Underground Asset Register,4e42-3ecf-a947652f----8d8f-1b0d973d1bbf,Robert Taylor,17/02/2025,16:25:11
Knowby Examples,39d33362-3cf5-4ace-9641-022922960a3a,Wellingtons Underground Asset Register,4ed4-864f-db17168a----9128-a3c9ddb6e3ea,Carol Jones,03/11/2024,14:58:03
Knowby Examples,39d33362-3cf5-4ace-9641-022922960a3a,Wellingtons Underground Asset Register,4ed4-864f-db17168a----9128-a3c9ddb6e3ea,Carol Jones,03/11/2025,09:59:37
Knowby Examples,39d33362-3cf5-4ace-9641-022922960a3a,Wellingtons Underground Asset Register,4ed4-864f-db17168a----9128-a3c9ddb6e3ea,Carol Jones,03/11/2025,13:43:47
Knowby Examples,ee9a2b72-f632-44d1-9e4b-86beb2fa19d6,image picker A2D185E3 F669 4438 967E 801E2C87271F 11400,44ed-a978-e8d990e2----8b3d-aef900a6bb99,Robert Perez,16/02/2025,09:51:36
Knowby Examples,aba03182-47a7-4072-86bd-44fde5fc0459,image picker FAEDBED3 7957 43D4 8B5B 6F6EBA6EB8C6 11400,44ed-a978-e8d990e2----8b3d-aef900a6bb99,Robert Perez,17/02/2024,14:09:47
Knowby Examples,04e22ea8-723c-4f08-8d94-e75f66cfee55,image picker F22A60D0 7623 4FD7 8905 4C0FB984219E 7906,44ed-a978-e8d990e2----8b3d-aef900a6bb99,Robert Perez,17/02/2025,16:10:26
Knowby Examples,04e22ea8-723c-4f08-8d94-e75f66cfee55,image picker F22A60D0 7623 4FD7 8905 4C0FB984219E 7906,44ed-a978-e8d990e2----8b3d-aef900a6bb99,Robert Perez,17/02/2025,16:18:53
Knowby Examples,7d42e80a-6d93-48a1-90b5-9fca38a1bfd5,How to Find Transaction Code from SAP Table,44ed-a978-e8d990e2----8b3d-aef900a6bb99,Robert Perez,18/02/2025,13:05:29
Knowby Examples,7d42e80a-6d93-48a1-90b5-9fca38a1bfd5,How to Find Transaction Code from SAP Table,44ed-a978-e8d990e2----8b3d-aef900a6bb99,Robert Perez,18/02/2025,17:19:58
Knowby Examples,7d42e80a-6d93-48a1-90b5-9fca38a1bfd5,How to Find Transaction Code from SAP Table,44ed-a978-e8d990e2----8b3d-aef900a6bb99,Robert Perez,13/03/2025,16:31:45
Knowby Examples,7d42e80a-6d93-48a1-90b5-9fca38a1bfd5,How to Find Transaction Code from SAP Table,44ed-a978-e8d990e2----8b3d-aef900a6bb99,Robert Perez,05/01/2025,11:09:27
Knowby Examples,7d42e80a-6d93-48a1-90b5-9fca38a1bfd5,How to Find Transaction Code from SAP Table,409d-3bdc-4417dd91----8aea-d6ea712d295b,Lisa Reeves,14/04/2025,17:02:35
Knowby Examples,7d42e80a-6d93-48a1-90b5-9fca38a1bfd5,How to Find Transaction Code from SAP Table,409d-3bdc-4417dd91----8aea-d6ea712d295b,Lisa Reeves,14/04/2025,13:03:39
Knowby Examples,7d42e80a-6d93-48a1-90b5-9fca38a1bfd5,How to Find Transaction Code from SAP Table,4d1a-2d52-b574cc8e----b6c0-af3b0075112b,Melanie Wilson,24/03/2025,17:39:45
Knowby Examples,7d42e80a-6d93-48a1-90b5-9fca38a1bfd5,How to Find Transaction Code from SAP Table,4ed4-864f-db17168a----9128-a3c9ddb6e3ea,Carol Jones,03/11/2025,08:18:14
Knowby Examples,7d42e80a-6d93-48a1-90b5-9fca38a1bfd5,How to Find Transaction Code from SAP Table,4ed4-864f-db17168a----9128-a3c9ddb6e3ea,Carol Jones,03/11/2025,09:38:17
Knowby Examples,7d42e80a-6d93-48a1-90b5-9fca38a1bfd5,How to Find Transaction Code from SAP Table,4ed4-864f-db17168a----9128-a3c9ddb6e3ea,Carol Jones,03/11/2025,09:12:26
Knowby Examples,ab905274-90ba-401e-a85e-b61019175fcd,The Perfect Steak,4d2c-583f-adfb71a0----947b-af0c00af8d6b,Adriana Sanders,18/02/2024,09:39:31
Knowby Examples,ab905274-90ba-401e-a85e-b61019175fcd,The Perfect Steak,4d2c-583f-adfb71a0----947b-af0c00af8d6b,Adriana Sanders,18/02/2025,09:12:15
Knowby Examples,ab905274-90ba-401e-a85e-b61019175fcd,The Perfect Steak,4d2c-583f-adfb71a0----947b-af0c00af8d6b,Adriana Sanders,18/02/2025,08:02:43
Knowby Examples,ab905274-90ba-401e-a85e-b61019175fcd,The Perfect Steak,4d2c-583f-adfb71a0----947b-af0c00af8d6b,Adriana Sanders,18/02/2024,13:41:35
Knowby Examples,ab905274-90ba-401e-a85e-b61019175fcd,The Perfect Steak,4d2c-583f-adfb71a0----947b-af0c00af8d6b,Adriana Sanders,18/02/2024,09:14:45
Knowby Examples,ab905274-90ba-401e-a85e-b61019175fcd,The Perfect Steak,4d2c-583f-adfb71a0----947b-af0c00af8d6b,Adriana Sanders,19/02/2025,09:37:41
Knowby Examples,ab905274-90ba-401e-a85e-b61019175fcd,The Perfect Steak,4d2c-583f-adfb71a0----947b-af0c00af8d6b,Adriana Sanders,03/11/2025,17:27:26
Knowby Examples,ab905274-90ba-401e-a85e-b61019175fcd,The Perfect Steak,4d2c-583f-adfb71a0----947b-af0c00af8d6b,Adriana Sanders,27/03/2025,09:26:15
Knowby Examples,ab905274-90ba-401e-a85e-b61019175fcd,The Perfect Steak,4d2c-583f-adfb71a0----947b-af0c00af8d6b,Adriana Sanders,04/08/2024,09:10:41
Knowby Examples,ab905274-90ba-401e-a85e-b61019175fcd,The Perfect Steak,4d2c-583f-adfb71a0----947b-af0c00af8d6b,Adriana Sanders,04/10/2024,11:55:43
Knowby Examples,ab905274-90ba-401e-a85e-b61019175fcd,The Perfect Steak,44ed-a978-e8d990e2----8b3d-aef900a6bb99,Robert Perez,18/02/2025,11:57:11
Knowby Examples,ab905274-90ba-401e-a85e-b61019175fcd,The Perfect Steak,44ed-a978-e8d990e2----8b3d-aef900a6bb99,Robert Perez,18/02/2025,11:22:08
Knowby Examples,ab905274-90ba-401e-a85e-b61019175fcd,The Perfect Steak,44ed-a978-e8d990e2----8b3d-aef900a6bb99,Robert Perez,18/02/2025,12:05:02
Knowby Examples,ab905274-90ba-401e-a85e-b61019175fcd,The Perfect Steak,44ed-a978-e8d990e2----8b3d-aef900a6bb99,Robert Perez,18/02/2025,08:37:47
Knowby Examples,ab905274-90ba-401e-a85e-b61019175fcd,The Perfect Steak,40cf-6eb7-521cd9aa----b44e-b3bc2ae815ea,Robert Rodriguez,03/09/2025,10:25:30
Knowby Examples,ab905274-90ba-401e-a85e-b61019175fcd,The Perfect Steak,40cf-6eb7-521cd9aa----b44e-b3bc2ae815ea,Robert Rodriguez,03/10/2025,09:07:46
Knowby Examples,ab905274-90ba-401e-a85e-b61019175fcd,The Perfect Steak,4f16-eda6-7db766e9----bc66-af8100c46bb3,Jared Foster,19/03/2025,12:55:33
Knowby Examples,ab905274-90ba-401e-a85e-b61019175fcd,The Perfect Steak,4dd1-509e-67e290d9----bb68-afdb00c8af51,Cristian Gonzalez,19/02/2025,17:00:12
Knowby Examples,ab905274-90ba-401e-a85e-b61019175fcd,The Perfect Steak,4ed4-864f-db17168a----9128-a3c9ddb6e3ea,Carol Jones,18/03/2025,10:24:43
Knowby Examples,ab905274-90ba-401e-a85e-b61019175fcd,The Perfect Steak,4e42-3ecf-a947652f----8d8f-1b0d973d1bbf,Robert Taylor,18/02/2025,13:03:34
Knowby Examples,ab905274-90ba-401e-a85e-b61019175fcd,The Perfect Steak,4e42-3ecf-a947652f----8d8f-1b0d973d1bbf,Robert Taylor,18/02/2025,09:39:52
Knowby Examples,9b94bf45-cfbf-4c92-abdb-4fae83146a38,Gordon Ramsay Makes the Perfect Steak Cooking With Gordon,44ed-a978-e8d990e2----8b3d-aef900a6bb99,Robert Perez,18/02/2025,10:40:37
Knowby Examples,9b94bf45-cfbf-4c92-abdb-4fae83146a38,Gordon Ramsay Makes the Perfect Steak Cooking With Gordon,44ed-a978-e8d990e2----8b3d-aef900a6bb99,Robert Perez,18/02/2025,14:50:09
Knowby Examples,745c1ec1-af9d-49fb-a071-b48521b5ad19,Discovering Guesty's Homepage,4dd1-509e-67e290d9----bb68-afdb00c8af51,Cristian Gonzalez,19/02/2024,12:11:47
Knowby Examples,745c1ec1-af9d-49fb-a071-b48521b5ad19,Discovering Guesty's Homepage,4dd1-509e-67e290d9----bb68-afdb00c8af51,Cristian Gonzalez,19/02/2025,11:18:58
Knowby Examples,745c1ec1-af9d-49fb-a071-b48521b5ad19,Discovering Guesty's Homepage,4ed4-864f-db17168a----9128-a3c9ddb6e3ea,Carol Jones,03/11/2025,15:28:01
Knowby Examples,83f82464-bff8-4932-adf8-ae5f2fab26fa,LG FrontLoad Washers  How to Use Spin OnlyDrain Only Cycle,489c-c9c4-29fad270----aab7-af440073e71a,John Jones,03/07/2024,08:24:10
Knowby Examples,83f82464-bff8-4932-adf8-ae5f2fab26fa,LG FrontLoad Washers  How to Use Spin OnlyDrain Only Cycle,4327-393b-53cbdfde----b9a4-aef900aa92ef,Kenneth Landry,18/03/2025,09:01:44
Knowby Examples,83f82464-bff8-4932-adf8-ae5f2fab26fa,LG FrontLoad Washers  How to Use Spin OnlyDrain Only Cycle,44ed-a978-e8d990e2----8b3d-aef900a6bb99,Robert Perez,19/02/2025,12:39:57
Knowby Examples,83f82464-bff8-4932-adf8-ae5f2fab26fa,LG FrontLoad Washers  How to Use Spin OnlyDrain Only Cycle,44ed-a978-e8d990e2----8b3d-aef900a6bb99,Robert Perez,19/02/2024,12:40:59
Knowby Examples,cc84de09-9463-40c5-98d3-a0be16b7706e,Unknown,44ed-a978-e8d990e2----8b3d-aef900a6bb99,Robert Perez,20/02/2025,14:06:19
Knowby Examples,45fd086a-0d02-459c-b8e7-f88b754e877e,Unknown,44ed-a978-e8d990e2----8b3d-aef900a6bb99,Robert Perez,20/02/2025,13:22:13
Knowby Examples,45fd086a-0d02-459c-b8e7-f88b754e877e,Unknown,44ed-a978-e8d990e2----8b3d-aef900a6bb99,Robert Perez,20/02/2025,11:36:42
Knowby Examples,616c4de6-d39e-4d53-99f3-1e576bf0c3d3,4eyesVision making glasses accessible to all,44ed-a978-e8d990e2----8b3d-aef900a6bb99,Robert Perez,26/02/2025,17:29:18
Knowby Examples,616c4de6-d39e-4d53-99f3-1e576bf0c3d3,4eyesVision making glasses accessible to all,44ed-a978-e8d990e2----8b3d-aef900a6bb99,Robert Perez,26/02/2025,10:54:28
Knowby Examples,42884a66-e3c4-429c-88d0-c11ac8b38d59,How the OOXii Vision Kit works,4d2c-583f-adfb71a0----947b-af0c00af8d6b,Adriana Sanders,03/06/2025,08:47:17
Knowby Examples,42884a66-e3c4-429c-88d0-c11ac8b38d59,How the OOXii Vision Kit works,44ed-a978-e8d990e2----8b3d-aef900a6bb99,Robert Perez,26/02/2025,16:31:26
Knowby Examples,42884a66-e3c4-429c-88d0-c11ac8b38d59,How the OOXii Vision Kit works,44ed-a978-e8d990e2----8b3d-aef900a6bb99,Robert Perez,26/02/2025,17:03:15
Knowby Examples,42884a66-e3c4-429c-88d0-c11ac8b38d59,How the OOXii Vision Kit works,44ed-a978-e8d990e2----8b3d-aef900a6bb99,Robert Perez,26/02/2025,13:55:31
Knowby Examples,42884a66-e3c4-429c-88d0-c11ac8b38d59,How the OOXii Vision Kit works,44ed-a978-e8d990e2----8b3d-aef900a6bb99,Robert Perez,26/02/2025,13:48:44
Knowby Examples,42884a66-e3c4-429c-88d0-c11ac8b38d59,How the OOXii Vision Kit works,44ed-a978-e8d990e2----8b3d-aef900a6bb99,Robert Perez,26/02/2025,13:23:15
Knowby Examples,42884a66-e3c4-429c-88d0-c11ac8b38d59,How the OOXii Vision Kit works,44ed-a978-e8d990e2----8b3d-aef900a6bb99,Robert Perez,14/03/2025,11:46:27
Knowby Examples,42884a66-e3c4-429c-88d0-c11ac8b38d59,How the OOXii Vision Kit works,44ed-a978-e8d990e2----8b3d-aef900a6bb99,Robert Perez,14/03/2025,15:54:42
Knowby Examples,42884a66-e3c4-429c-88d0-c11ac8b38d59,How the OOXii Vision Kit works,44ed-a978-e8d990e2----8b3d-aef900a6bb99,Robert Perez,14/03/2025,14:17:28
Knowby Examples,3942f8e5-ec57-4445-87ef-f5a8b7ce2010,4eyesVision making glasses accessible to all,44ed-a978-e8d990e2----8b3d-aef900a6bb99,Robert Perez,26/02/2025,13:24:50
Knowby Examples,3942f8e5-ec57-4445-87ef-f5a8b7ce2010,4eyesVision making glasses accessible to all,44ed-a978-e8d990e2----8b3d-aef900a6bb99,Robert Perez,26/02/2025,17:57:37
Knowby Examples,5ca83f68-5e84-4260-a567-9b439c426167,How To Paint A Room  Bunnings Warehouse,44ed-a978-e8d990e2----8b3d-aef900a6bb99,Robert Perez,27/02/2025,09:20:10
Knowby Examples,5ca83f68-5e84-4260-a567-9b439c426167,How To Paint A Room  Bunnings Warehouse,44ed-a978-e8d990e2----8b3d-aef900a6bb99,Robert Perez,27/02/2025,08:18:51
Knowby Examples,5ca83f68-5e84-4260-a567-9b439c426167,How To Paint A Room  Bunnings Warehouse,4ed4-864f-db17168a----9128-a3c9ddb6e3ea,Carol Jones,28/02/2025,14:27:58
Knowby Examples,5ca83f68-5e84-4260-a567-9b439c426167,How To Paint A Room  Bunnings Warehouse,4ed4-864f-db17168a----9128-a3c9ddb6e3ea,Carol Jones,03/01/2025,10:52:51
Knowby Examples,8c497ce0-bc67-42ce-a60c-f57205bd4079,Unknown,44ed-a978-e8d990e2----8b3d-aef900a6bb99,Robert Perez,03/02/2025,14:57:47
Knowby Examples,1c64ba23-30f8-4145-9f83-cd158a041950,Knife Drills - Master Beneke,4d2c-583f-adfb71a0----947b-af0c00af8d6b,Adriana Sanders,03/11/2025,12:18:48
Knowby Examples,1c64ba23-30f8-4145-9f83-cd158a041950,Knife Drills - Master Beneke,44ed-a978-e8d990e2----8b3d-aef900a6bb99,Robert Perez,03/02/2025,15:48:24
Knowby Examples,1c64ba23-30f8-4145-9f83-cd158a041950,Knife Drills - Master Beneke,44ed-a978-e8d990e2----8b3d-aef900a6bb99,Robert Perez,03/02/2025,12:22:27
Knowby Examples,1c64ba23-30f8-4145-9f83-cd158a041950,Knife Drills - Master Beneke,44ed-a978-e8d990e2----8b3d-aef900a6bb99,Robert Perez,03/12/2025,14:47:22
Knowby Examples,1c64ba23-30f8-4145-9f83-cd158a041950,Knife Drills - Master Beneke,4d1a-2d52-b574cc8e----b6c0-af3b0075112b,Melanie Wilson,24/03/2025,09:04:36
Knowby Examples,98b1e1f5-4fb4-48f4-928d-9d06e86c1581,Service My Car  Toyota Hilux,44ed-a978-e8d990e2----8b3d-aef900a6bb99,Robert Perez,03/06/2025,11:18:41
Knowby Examples,98b1e1f5-4fb4-48f4-928d-9d06e86c1581,Service My Car  Toyota Hilux,44ed-a978-e8d990e2----8b3d-aef900a6bb99,Robert Perez,03/06/2025,14:46:08
Knowby Examples,8799929d-17c6-4b77-be82-01ac351a253e,How to wash up,44ed-a978-e8d990e2----8b3d-aef900a6bb99,Robert Perez,03/06/2025,09:43:31
Knowby Examples,8799929d-17c6-4b77-be82-01ac351a253e,How to wash up,44ed-a978-e8d990e2----8b3d-aef900a6bb99,Robert Perez,03/06/2025,11:44:11
Knowby Examples,0fddb339-56ea-4c94-a95e-0299eae5a0a8,Forklift Training OSHA Pre Shift Inspection,44ed-a978-e8d990e2----8b3d-aef900a6bb99,Robert Perez,03/10/2025,12:37:32
Knowby Examples,0fddb339-56ea-4c94-a95e-0299eae5a0a8,Forklift Training OSHA Pre Shift Inspection,44ed-a978-e8d990e2----8b3d-aef900a6bb99,Robert Perez,03/10/2025,10:06:39
Knowby Examples,72c8b2cb-1e0d-4ca8-bbd5-752ff7f0ddac,How to Find Transaction Code from SAP Table,44ed-a978-e8d990e2----8b3d-aef900a6bb99,Robert Perez,03/12/2025,17:19:27
Knowby Examples,72c8b2cb-1e0d-4ca8-bbd5-752ff7f0ddac,How to Find Transaction Code from SAP Table,44ed-a978-e8d990e2----8b3d-aef900a6bb99,Robert Perez,03/12/2025,11:07:57
Knowby Examples,72c8b2cb-1e0d-4ca8-bbd5-752ff7f0ddac,How to Find Transaction Code from SAP Table,44ed-a978-e8d990e2----8b3d-aef900a6bb99,Robert Perez,03/12/2024,12:35:42
Knowby Examples,72c8b2cb-1e0d-4ca8-bbd5-752ff7f0ddac,How to Find Transaction Code from SAP Table,44ed-a978-e8d990e2----8b3d-aef900a6bb99,Robert Perez,14/03/2024,13:24:48
Knowby Examples,72c8b2cb-1e0d-4ca8-bbd5-752ff7f0ddac,How to Find Transaction Code from SAP Table,44ed-a978-e8d990e2----8b3d-aef900a6bb99,Robert Perez,14/03/2024,10:45:05
Knowby Examples,72c8b2cb-1e0d-4ca8-bbd5-752ff7f0ddac,How to Find Transaction Code from SAP Table,44ed-a978-e8d990e2----8b3d-aef900a6bb99,Robert Perez,14/03/2025,14:30:58
Knowby Examples,72c8b2cb-1e0d-4ca8-bbd5-752ff7f0ddac,How to Find Transaction Code from SAP Table,409d-3bdc-4417dd91----8aea-d6ea712d295b,Lisa Reeves,05/01/2024,15:48:56
Knowby Examples,72c8b2cb-1e0d-4ca8-bbd5-752ff7f0ddac,How to Find Transaction Code from SAP Table,409d-3bdc-4417dd91----8aea-d6ea712d295b,Lisa Reeves,05/01/2025,15:07:40
Knowby Examples,72c8b2cb-1e0d-4ca8-bbd5-752ff7f0ddac,How to Find Transaction Code from SAP Table,4dd1-509e-67e290d9----bb68-afdb00c8af51,Cristian Gonzalez,03/12/2025,16:53:14
Knowby Examples,72c8b2cb-1e0d-4ca8-bbd5-752ff7f0ddac,How to Find Transaction Code from SAP Table,4e42-3ecf-a947652f----8d8f-1b0d973d1bbf,Robert Taylor,15/04/2025,16:20:36
Knowby Examples,4ad0a9f4-faff-493c-946b-4ec7e586406a,Zetaris  The Networked Data Platform,44ed-a978-e8d990e2----8b3d-aef900a6bb99,Robert Perez,03/12/2024,13:00:56
Knowby Examples,3e5d1326-7c30-4f56-8fe7-a9743fca5a29,5 Inventory Management Reports SAP,4dd1-509e-67e290d9----bb68-afdb00c8af51,Cristian Gonzalez,17/02/2025,13:30:28
Knowby Examples,3e5d1326-7c30-4f56-8fe7-a9743fca5a29,5 Inventory Management Reports SAP,4dd1-509e-67e290d9----bb68-afdb00c8af51,Cristian Gonzalez,17/02/2025,10:59:38
Knowby Examples,3e5d1326-7c30-4f56-8fe7-a9743fca5a29,5 Inventory Management Reports SAP,44ed-a978-e8d990e2----8b3d-aef900a6bb99,Robert Perez,16/02/2025,10:07:44
Knowby Examples,3e5d1326-7c30-4f56-8fe7-a9743fca5a29,5 Inventory Management Reports SAP,44ed-a978-e8d990e2----8b3d-aef900a6bb99,Robert Perez,16/02/2025,12:17:41
Knowby Examples,3e5d1326-7c30-4f56-8fe7-a9743fca5a29,5 Inventory Management Reports SAP,44ed-a978-e8d990e2----8b3d-aef900a6bb99,Robert Perez,16/02/2024,16:52:37
Knowby Examples,3e5d1326-7c30-4f56-8fe7-a9743fca5a29,5 Inventory Management Reports SAP,44ed-a978-e8d990e2----8b3d-aef900a6bb99,Robert Perez,16/02/2025,11:42:54
Knowby Examples,3e5d1326-7c30-4f56-8fe7-a9743fca5a29,5 Inventory Management Reports SAP,44ed-a978-e8d990e2----8b3d-aef900a6bb99,Robert Perez,17/02/2025,10:07:37
Knowby Examples,3e5d1326-7c30-4f56-8fe7-a9743fca5a29,5 Inventory Management Reports SAP,44ed-a978-e8d990e2----8b3d-aef900a6bb99,Robert Perez,17/02/2025,14:25:34
Knowby Examples,3e5d1326-7c30-4f56-8fe7-a9743fca5a29,5 Inventory Management Reports SAP,44ed-a978-e8d990e2----8b3d-aef900a6bb99,Robert Perez,17/02/2025,17:28:54
Knowby Examples,3e5d1326-7c30-4f56-8fe7-a9743fca5a29,5 Inventory Management Reports SAP,44ed-a978-e8d990e2----8b3d-aef900a6bb99,Robert Perez,17/02/2025,10:35:58
Knowby Examples,3e5d1326-7c30-4f56-8fe7-a9743fca5a29,5 Inventory Management Reports SAP,44ed-a978-e8d990e2----8b3d-aef900a6bb99,Robert Perez,18/02/2025,09:24:21
Knowby Examples,3e5d1326-7c30-4f56-8fe7-a9743fca5a29,5 Inventory Management Reports SAP,44ed-a978-e8d990e2----8b3d-aef900a6bb99,Robert Perez,03/12/2025,12:15:28
Knowby Examples,3e5d1326-7c30-4f56-8fe7-a9743fca5a29,5 Inventory Management Reports SAP,44ed-a978-e8d990e2----8b3d-aef900a6bb99,Robert Perez,03/12/2024,12:08:54
Knowby Examples,3e5d1326-7c30-4f56-8fe7-a9743fca5a29,5 Inventory Management Reports SAP,44ed-a978-e8d990e2----8b3d-aef900a6bb99,Robert Perez,13/03/2025,16:56:03
Knowby Examples,3e5d1326-7c30-4f56-8fe7-a9743fca5a29,5 Inventory Management Reports SAP,44ed-a978-e8d990e2----8b3d-aef900a6bb99,Robert Perez,14/03/2025,12:54:36
Knowby Examples,3e5d1326-7c30-4f56-8fe7-a9743fca5a29,5 Inventory Management Reports SAP,44ed-a978-e8d990e2----8b3d-aef900a6bb99,Robert Perez,14/03/2025,09:58:47
Knowby Examples,3e5d1326-7c30-4f56-8fe7-a9743fca5a29,5 Inventory Management Reports SAP,4e42-3ecf-a947652f----8d8f-1b0d973d1bbf,Robert Taylor,17/02/2025,12:41:17
Knowby Examples,3e5d1326-7c30-4f56-8fe7-a9743fca5a29,5 Inventory Management Reports SAP,4e42-3ecf-a947652f----8d8f-1b0d973d1bbf,Robert Taylor,17/02/2025,10:13:53
Knowby Examples,3e5d1326-7c30-4f56-8fe7-a9743fca5a29,5 Inventory Management Reports SAP,409d-3bdc-4417dd91----8aea-d6ea712d295b,Lisa Reeves,05/01/2025,12:16:20
Knowby Examples,3e5d1326-7c30-4f56-8fe7-a9743fca5a29,5 Inventory Management Reports SAP,409d-3bdc-4417dd91----8aea-d6ea712d295b,Lisa Reeves,05/01/2025,14:34:48
Knowby Examples,3e5d1326-7c30-4f56-8fe7-a9743fca5a29,5 Inventory Management Reports SAP,409d-3bdc-4417dd91----8aea-d6ea712d295b,Lisa Reeves,05/01/2024,10:16:09
Knowby Examples,3e5d1326-7c30-4f56-8fe7-a9743fca5a29,5 Inventory Management Reports SAP,4ed4-864f-db17168a----9128-a3c9ddb6e3ea,Carol Jones,03/11/2025,11:46:43
Knowby Examples,3e5d1326-7c30-4f56-8fe7-a9743fca5a29,5 Inventory Management Reports SAP,4ed4-864f-db17168a----9128-a3c9ddb6e3ea,Carol Jones,05/02/2025,12:49:57
Knowby Examples,3e5d1326-7c30-4f56-8fe7-a9743fca5a29,5 Inventory Management Reports SAP,4e42-3ecf-a947652f----8d8f-1b0d973d1bbf,Robert Taylor,15/04/2025,08:22:37
Knowby Examples,b15d76a0-f256-4331-a509-48cd18edbde4,image picker 726AD34D E51E 49AB B26F 454595255F58 1292,44ed-a978-e8d990e2----8b3d-aef900a6bb99,Robert Perez,13/03/2025,13:31:30
Knowby Examples,50b2ac1b-04bb-411f-b9fb-9480103317cf,FIFO Overview,44ed-a978-e8d990e2----8b3d-aef900a6bb99,Robert Perez,13/03/2025,08:53:36
Knowby Examples,50b2ac1b-04bb-411f-b9fb-9480103317cf,FIFO Overview,44ed-a978-e8d990e2----8b3d-aef900a6bb99,Robert Perez,13/03/2025,14:54:40
Knowby Examples,b1b2edcf-6173-4b9a-a209-823e98a433f5,image picker 10968A07 A301 4D70 B447 B22ABFE57D26 1333,44ed-a978-e8d990e2----8b3d-aef900a6bb99,Robert Perez,13/03/2024,08:51:06
Knowby Examples,45e1dbbe-d9d7-4592-9403-388eb623c26d,image picker 90C645A6 9438 4BDD 9263 A9661A74B1A7 1464,44ed-a978-e8d990e2----8b3d-aef900a6bb99,Robert Perez,14/03/2025,16:56:47
Knowby Examples,45e1dbbe-d9d7-4592-9403-388eb623c26d,image picker 90C645A6 9438 4BDD 9263 A9661A74B1A7 1464,44ed-a978-e8d990e2----8b3d-aef900a6bb99,Robert Perez,14/03/2025,17:25:48
Knowby Examples,45e1dbbe-d9d7-4592-9403-388eb623c26d,image picker 90C645A6 9438 4BDD 9263 A9661A74B1A7 1464,44ed-a978-e8d990e2----8b3d-aef900a6bb99,Robert Perez,14/03/2025,09:33:51
Knowby Examples,45e1dbbe-d9d7-4592-9403-388eb623c26d,image picker 90C645A6 9438 4BDD 9263 A9661A74B1A7 1464,44ed-a978-e8d990e2----8b3d-aef900a6bb99,Robert Perez,14/03/2025,17:13:43
Knowby Examples,1bf94be2-0853-43a6-b222-6bafb91eeee8,image picker 27FE1AA7 06E6 4268 90FF A4FF45C96C7F 1464,44ed-a978-e8d990e2----8b3d-aef900a6bb99,Robert Perez,14/03/2025,15:45:59
Knowby Examples,1bf94be2-0853-43a6-b222-6bafb91eeee8,image picker 27FE1AA7 06E6 4268 90FF A4FF45C96C7F 1464,44ed-a978-e8d990e2----8b3d-aef900a6bb99,Robert Perez,14/03/2025,09:42:06
Knowby Examples,1bf94be2-0853-43a6-b222-6bafb91eeee8,image picker 27FE1AA7 06E6 4268 90FF A4FF45C96C7F 1464,44ed-a978-e8d990e2----8b3d-aef900a6bb99,Robert Perez,14/03/2025,14:17:28
Knowby Examples,1bf94be2-0853-43a6-b222-6bafb91eeee8,image picker 27FE1AA7 06E6 4268 90FF A4FF45C96C7F 1464,44ed-a978-e8d990e2----8b3d-aef900a6bb99,Robert Perez,14/03/2025,11:24:18
Knowby Examples,3c69091d-1346-49bb-96d9-32c010c98bba,image picker 0A54EB00 E9AF 466E B853 F65C2527E772 1464,44ed-a978-e8d990e2----8b3d-aef900a6bb99,Robert Perez,14/03/2025,17:19:54
Knowby Examples,3c69091d-1346-49bb-96d9-32c010c98bba,image picker 0A54EB00 E9AF 466E B853 F65C2527E772 1464,44ed-a978-e8d990e2----8b3d-aef900a6bb99,Robert Perez,14/03/2025,09:35:29
Knowby Examples,3c69091d-1346-49bb-96d9-32c010c98bba,image picker 0A54EB00 E9AF 466E B853 F65C2527E772 1464,44ed-a978-e8d990e2----8b3d-aef900a6bb99,Robert Perez,15/03/2025,17:42:11
Knowby Examples,3c69091d-1346-49bb-96d9-32c010c98bba,image picker 0A54EB00 E9AF 466E B853 F65C2527E772 1464,4dd1-509e-67e290d9----bb68-afdb00c8af51,Cristian Gonzalez,14/03/2025,11:00:36
Knowby Examples,dafecd1e-ccf4-4991-b614-d72b1a63708f,My first day on a FIFO mine site,44ed-a978-e8d990e2----8b3d-aef900a6bb99,Robert Perez,20/03/2025,16:50:05
Knowby Examples,dafecd1e-ccf4-4991-b614-d72b1a63708f,My first day on a FIFO mine site,4dd1-509e-67e290d9----bb68-afdb00c8af51,Cristian Gonzalez,27/03/2025,12:33:33
Knowby Examples,dafecd1e-ccf4-4991-b614-d72b1a63708f,My first day on a FIFO mine site,4dd1-509e-67e290d9----bb68-afdb00c8af51,Cristian Gonzalez,04/02/2025,16:51:53
Knowby Examples,dafecd1e-ccf4-4991-b614-d72b1a63708f,My first day on a FIFO mine site,4dd1-509e-67e290d9----bb68-afdb00c8af51,Cristian Gonzalez,29/04/2025,16:36:40
Knowby Examples,b680383c-b973-4a07-ab5b-6cc14cc727b2,Zetaris  The Networked Data Platform,44ed-a978-e8d990e2----8b3d-aef900a6bb99,Robert Perez,23/03/2024,08:15:02
Knowby Examples,b680383c-b973-4a07-ab5b-6cc14cc727b2,Zetaris  The Networked Data Platform,44ed-a978-e8d990e2----8b3d-aef900a6bb99,Robert Perez,23/03/2025,14:07:37
Knowby Examples,6c47e325-be59-4c7c-b13b-ba054c7d36fb,Pay your suppliers with Xero,44ed-a978-e8d990e2----8b3d-aef900a6bb99,Robert Perez,23/03/2025,13:41:20
Knowby Examples,6c47e325-be59-4c7c-b13b-ba054c7d36fb,Pay your suppliers with Xero,44ed-a978-e8d990e2----8b3d-aef900a6bb99,Robert Perez,04/06/2025,09:45:05
Knowby Examples,6c47e325-be59-4c7c-b13b-ba054c7d36fb,Pay your suppliers with Xero,4ed4-864f-db17168a----9128-a3c9ddb6e3ea,Carol Jones,05/02/2024,08:13:19
Knowby Examples,12ae9b60-91b1-417b-9d0d-63a1f9113887,Xero Payroll  Processing a Pay Run,4327-393b-53cbdfde----b9a4-aef900aa92ef,Kenneth Landry,18/03/2025,13:10:02
Knowby Examples,12ae9b60-91b1-417b-9d0d-63a1f9113887,Xero Payroll  Processing a Pay Run,44ed-a978-e8d990e2----8b3d-aef900a6bb99,Robert Perez,03/06/2025,16:12:14
Knowby Examples,12ae9b60-91b1-417b-9d0d-63a1f9113887,Xero Payroll  Processing a Pay Run,44ed-a978-e8d990e2----8b3d-aef900a6bb99,Robert Perez,03/06/2025,08:41:41
Knowby Examples,12ae9b60-91b1-417b-9d0d-63a1f9113887,Xero Payroll  Processing a Pay Run,44ed-a978-e8d990e2----8b3d-aef900a6bb99,Robert Perez,03/06/2025,13:08:41
Knowby Examples,12ae9b60-91b1-417b-9d0d-63a1f9113887,Xero Payroll  Processing a Pay Run,44ed-a978-e8d990e2----8b3d-aef900a6bb99,Robert Perez,03/12/2025,08:25:33
Knowby Examples,12ae9b60-91b1-417b-9d0d-63a1f9113887,Xero Payroll  Processing a Pay Run,44ed-a978-e8d990e2----8b3d-aef900a6bb99,Robert Perez,03/12/2024,08:57:46
Knowby Examples,12ae9b60-91b1-417b-9d0d-63a1f9113887,Xero Payroll  Processing a Pay Run,44ed-a978-e8d990e2----8b3d-aef900a6bb99,Robert Perez,03/12/2025,13:48:10
Knowby Examples,12ae9b60-91b1-417b-9d0d-63a1f9113887,Xero Payroll  Processing a Pay Run,44ed-a978-e8d990e2----8b3d-aef900a6bb99,Robert Perez,13/03/2025,17:25:39
Knowby Examples,12ae9b60-91b1-417b-9d0d-63a1f9113887,Xero Payroll  Processing a Pay Run,44ed-a978-e8d990e2----8b3d-aef900a6bb99,Robert Perez,15/03/2024,10:59:03
Knowby Examples,12ae9b60-91b1-417b-9d0d-63a1f9113887,Xero Payroll  Processing a Pay Run,44ed-a978-e8d990e2----8b3d-aef900a6bb99,Robert Perez,23/03/2025,09:09:46
Knowby Examples,12ae9b60-91b1-417b-9d0d-63a1f9113887,Xero Payroll  Processing a Pay Run,44ed-a978-e8d990e2----8b3d-aef900a6bb99,Robert Perez,23/03/2025,16:50:35
Knowby Examples,12ae9b60-91b1-417b-9d0d-63a1f9113887,Xero Payroll  Processing a Pay Run,4dd1-509e-67e290d9----bb68-afdb00c8af51,Cristian Gonzalez,03/07/2025,16:20:18
Knowby Examples,12ae9b60-91b1-417b-9d0d-63a1f9113887,Xero Payroll  Processing a Pay Run,4dd1-509e-67e290d9----bb68-afdb00c8af51,Cristian Gonzalez,03/10/2025,12:01:16
Knowby Examples,12ae9b60-91b1-417b-9d0d-63a1f9113887,Xero Payroll  Processing a Pay Run,4dd1-509e-67e290d9----bb68-afdb00c8af51,Cristian Gonzalez,27/03/2025,11:42:07
Knowby Examples,12ae9b60-91b1-417b-9d0d-63a1f9113887,Xero Payroll  Processing a Pay Run,4ed4-864f-db17168a----9128-a3c9ddb6e3ea,Carol Jones,03/11/2024,13:22:11
Knowby Examples,12ae9b60-91b1-417b-9d0d-63a1f9113887,Xero Payroll  Processing a Pay Run,4ed4-864f-db17168a----9128-a3c9ddb6e3ea,Carol Jones,03/11/2025,09:36:12
Knowby Examples,12ae9b60-91b1-417b-9d0d-63a1f9113887,Xero Payroll  Processing a Pay Run,4ed4-864f-db17168a----9128-a3c9ddb6e3ea,Carol Jones,03/11/2025,08:03:39
Knowby Examples,2cec4a9e-e29d-49e4-83f7-591f5994df45,Unknown,44ed-a978-e8d990e2----8b3d-aef900a6bb99,Robert Perez,31/03/2025,16:17:47
Knowby Examples,e2ff21c9-2ee6-468c-9df8-f41883a47ce0,Google Fi Wireless Set up your service from home in the app,44ed-a978-e8d990e2----8b3d-aef900a6bb99,Robert Perez,31/03/2025,08:24:50
Knowby Examples,e2ff21c9-2ee6-468c-9df8-f41883a47ce0,Google Fi Wireless Set up your service from home in the app,409d-3bdc-4417dd91----8aea-d6ea712d295b,Lisa Reeves,04/12/2025,16:55:23
Knowby Examples,e197a5f6-628e-42c3-871f-dbd91cc4f4e9,Pay run explainer - Xero,44ed-a978-e8d990e2----8b3d-aef900a6bb99,Robert Perez,20/03/2024,09:42:31
Knowby Examples,e197a5f6-628e-42c3-871f-dbd91cc4f4e9,Pay run explainer - Xero,44ed-a978-e8d990e2----8b3d-aef900a6bb99,Robert Perez,20/03/2025,13:19:30
Knowby Examples,e197a5f6-628e-42c3-871f-dbd91cc4f4e9,Pay run explainer - Xero,44ed-a978-e8d990e2----8b3d-aef900a6bb99,Robert Perez,20/03/2024,17:41:50
Knowby Examples,e197a5f6-628e-42c3-871f-dbd91cc4f4e9,Pay run explainer - Xero,44ed-a978-e8d990e2----8b3d-aef900a6bb99,Robert Perez,20/03/2025,08:06:03
Knowby Examples,e197a5f6-628e-42c3-871f-dbd91cc4f4e9,Pay run explainer - Xero,44ed-a978-e8d990e2----8b3d-aef900a6bb99,Robert Perez,31/03/2025,14:54:00
Knowby Examples,e197a5f6-628e-42c3-871f-dbd91cc4f4e9,Pay run explainer - Xero,44ed-a978-e8d990e2----8b3d-aef900a6bb99,Robert Perez,31/03/2024,13:13:44
Knowby Examples,e4382b56-2d34-4d39-9cf6-e0cd18ad82fc,How to install and set up Nest Learning Thermostat 4th gen,44ed-a978-e8d990e2----8b3d-aef900a6bb99,Robert Perez,31/03/2024,13:35:54
Knowby Examples,e4382b56-2d34-4d39-9cf6-e0cd18ad82fc,How to install and set up Nest Learning Thermostat 4th gen,44ed-a978-e8d990e2----8b3d-aef900a6bb99,Robert Perez,31/03/2024,13:04:41
Knowby Examples,e4382b56-2d34-4d39-9cf6-e0cd18ad82fc,How to install and set up Nest Learning Thermostat 4th gen,44ed-a978-e8d990e2----8b3d-aef900a6bb99,Robert Perez,31/03/2025,16:45:38
Knowby Examples,e4382b56-2d34-4d39-9cf6-e0cd18ad82fc,How to install and set up Nest Learning Thermostat 4th gen,4f16-eda6-7db766e9----bc66-af8100c46bb3,Jared Foster,04/02/2025,10:36:37
Knowby Examples,a3b7e92e-b121-44c6-b723-0326f4412bcd,Project Management Tutorial How To Create A Project Plan,44ed-a978-e8d990e2----8b3d-aef900a6bb99,Robert Perez,31/03/2025,17:31:41
Knowby Examples,a3b7e92e-b121-44c6-b723-0326f4412bcd,Project Management Tutorial How To Create A Project Plan,44ed-a978-e8d990e2----8b3d-aef900a6bb99,Robert Perez,31/03/2025,16:02:03
Knowby Examples,a3b7e92e-b121-44c6-b723-0326f4412bcd,Project Management Tutorial How To Create A Project Plan,44ed-a978-e8d990e2----8b3d-aef900a6bb99,Robert Perez,31/03/2025,11:10:26
Knowby Examples,87834fba-003e-42c6-bb8c-7f820d6548fb,Trailer Dolly Service,44ed-a978-e8d990e2----8b3d-aef900a6bb99,Robert Perez,04/01/2025,17:44:28
Knowby Examples,87834fba-003e-42c6-bb8c-7f820d6548fb,Trailer Dolly Service,44ed-a978-e8d990e2----8b3d-aef900a6bb99,Robert Perez,04/01/2024,10:44:32
Knowby Examples,87834fba-003e-42c6-bb8c-7f820d6548fb,Trailer Dolly Service,44ed-a978-e8d990e2----8b3d-aef900a6bb99,Robert Perez,04/01/2025,10:43:22
Knowby Examples,87834fba-003e-42c6-bb8c-7f820d6548fb,Trailer Dolly Service,44ed-a978-e8d990e2----8b3d-aef900a6bb99,Robert Perez,04/01/2025,12:24:28
Knowby Examples,87834fba-003e-42c6-bb8c-7f820d6548fb,Trailer Dolly Service,44ed-a978-e8d990e2----8b3d-aef900a6bb99,Robert Perez,04/01/2025,09:44:17
Knowby Examples,87834fba-003e-42c6-bb8c-7f820d6548fb,Trailer Dolly Service,44ed-a978-e8d990e2----8b3d-aef900a6bb99,Robert Perez,04/02/2025,14:46:03
Knowby Examples,87834fba-003e-42c6-bb8c-7f820d6548fb,Trailer Dolly Service,44ed-a978-e8d990e2----8b3d-aef900a6bb99,Robert Perez,04/02/2025,17:05:53
Knowby Examples,87834fba-003e-42c6-bb8c-7f820d6548fb,Trailer Dolly Service,409d-3bdc-4417dd91----8aea-d6ea712d295b,Lisa Reeves,04/04/2024,08:23:48
Knowby Examples,87834fba-003e-42c6-bb8c-7f820d6548fb,Trailer Dolly Service,4dd1-509e-67e290d9----bb68-afdb00c8af51,Cristian Gonzalez,04/07/2025,14:00:06
Knowby Examples,1e40a57a-5370-438b-8582-f763f148f0f8,How to HOOK a set of DOUBLE TRAILERS,44ed-a978-e8d990e2----8b3d-aef900a6bb99,Robert Perez,04/01/2025,12:56:34
Knowby Examples,1e40a57a-5370-438b-8582-f763f148f0f8,How to HOOK a set of DOUBLE TRAILERS,44ed-a978-e8d990e2----8b3d-aef900a6bb99,Robert Perez,04/01/2025,09:10:44
Knowby Examples,1e40a57a-5370-438b-8582-f763f148f0f8,How to HOOK a set of DOUBLE TRAILERS,4d1a-2d52-b574cc8e----b6c0-af3b0075112b,Melanie Wilson,04/06/2025,09:08:04
Knowby Examples,1e40a57a-5370-438b-8582-f763f148f0f8,How to HOOK a set of DOUBLE TRAILERS,4dd1-509e-67e290d9----bb68-afdb00c8af51,Cristian Gonzalez,04/03/2024,08:19:57
Knowby Examples,1e40a57a-5370-438b-8582-f763f148f0f8,How to HOOK a set of DOUBLE TRAILERS,4dd1-509e-67e290d9----bb68-afdb00c8af51,Cristian Gonzalez,04/07/2025,14:29:40
Knowby Examples,4c404f8d-c79d-4a9f-8d58-eeadbff2d311,Service My Car  Toyota Hilux,44ed-a978-e8d990e2----8b3d-aef900a6bb99,Robert Perez,18/03/2025,10:04:44
Knowby Examples,4c404f8d-c79d-4a9f-8d58-eeadbff2d311,Service My Car  Toyota Hilux,44ed-a978-e8d990e2----8b3d-aef900a6bb99,Robert Perez,18/03/2025,09:38:43
Knowby Examples,4c404f8d-c79d-4a9f-8d58-eeadbff2d311,Service My Car  Toyota Hilux,44ed-a978-e8d990e2----8b3d-aef900a6bb99,Robert Perez,31/03/2025,09:59:25
Knowby Examples,4c404f8d-c79d-4a9f-8d58-eeadbff2d311,Service My Car  Toyota Hilux,44ed-a978-e8d990e2----8b3d-aef900a6bb99,Robert Perez,04/01/2025,13:58:23
Knowby Examples,4c404f8d-c79d-4a9f-8d58-eeadbff2d311,Service My Car  Toyota Hilux,44ed-a978-e8d990e2----8b3d-aef900a6bb99,Robert Perez,04/01/2025,17:55:59
Knowby Examples,4c404f8d-c79d-4a9f-8d58-eeadbff2d311,Service My Car  Toyota Hilux,44ed-a978-e8d990e2----8b3d-aef900a6bb99,Robert Perez,04/02/2025,16:13:01
Knowby Examples,4c404f8d-c79d-4a9f-8d58-eeadbff2d311,Service My Car  Toyota Hilux,44ed-a978-e8d990e2----8b3d-aef900a6bb99,Robert Perez,04/02/2025,10:06:33
Knowby Examples,4c404f8d-c79d-4a9f-8d58-eeadbff2d311,Service My Car  Toyota Hilux,4dd1-509e-67e290d9----bb68-afdb00c8af51,Cristian Gonzalez,04/03/2025,08:33:49
Knowby Examples,4c404f8d-c79d-4a9f-8d58-eeadbff2d311,Service My Car  Toyota Hilux,4ed4-864f-db17168a----9128-a3c9ddb6e3ea,Carol Jones,18/03/2025,13:29:19
Knowby Examples,4c404f8d-c79d-4a9f-8d58-eeadbff2d311,Service My Car  Toyota Hilux,4ed4-864f-db17168a----9128-a3c9ddb6e3ea,Carol Jones,20/03/2025,10:13:50
Knowby Examples,4c404f8d-c79d-4a9f-8d58-eeadbff2d311,Service My Car  Toyota Hilux,4ed4-864f-db17168a----9128-a3c9ddb6e3ea,Carol Jones,04/02/2024,08:53:18
Knowby Examples,577ac6cd-6ff3-4759-ac0f-b63b691b5d92,Daily Forklift Check - Nissan 2500,4cb2-65da-696d957b----9f0d-54f7230f93ca,Andrew Mueller,08/06/2025,15:28:32
Knowby Examples,577ac6cd-6ff3-4759-ac0f-b63b691b5d92,Daily Forklift Check - Nissan 2500,4dd1-509e-67e290d9----bb68-afdb00c8af51,Cristian Gonzalez,26/09/2025,13:32:26
Knowby Examples,577ac6cd-6ff3-4759-ac0f-b63b691b5d92,Daily Forklift Check - Nissan 2500,4dd1-509e-67e290d9----bb68-afdb00c8af51,Cristian Gonzalez,26/09/2025,14:19:20
Knowby Examples,577ac6cd-6ff3-4759-ac0f-b63b691b5d92,Daily Forklift Check - Nissan 2500,4dd1-509e-67e290d9----bb68-afdb00c8af51,Cristian Gonzalez,26/09/2025,12:04:51
Knowby Examples,577ac6cd-6ff3-4759-ac0f-b63b691b5d92,Daily Forklift Check - Nissan 2500,4dd1-509e-67e290d9----bb68-afdb00c8af51,Cristian Gonzalez,27/09/2024,15:47:36
Knowby Examples,577ac6cd-6ff3-4759-ac0f-b63b691b5d92,Daily Forklift Check - Nissan 2500,4dd1-509e-67e290d9----bb68-afdb00c8af51,Cristian Gonzalez,28/09/2025,12:27:10
Knowby Examples,577ac6cd-6ff3-4759-ac0f-b63b691b5d92,Daily Forklift Check - Nissan 2500,4dd1-509e-67e290d9----bb68-afdb00c8af51,Cristian Gonzalez,28/09/2025,14:02:11
Knowby Examples,577ac6cd-6ff3-4759-ac0f-b63b691b5d92,Daily Forklift Check - Nissan 2500,4dd1-509e-67e290d9----bb68-afdb00c8af51,Cristian Gonzalez,19/10/2025,08:18:17
Knowby Examples,577ac6cd-6ff3-4759-ac0f-b63b691b5d92,Daily Forklift Check - Nissan 2500,4dd1-509e-67e290d9----bb68-afdb00c8af51,Cristian Gonzalez,19/10/2025,14:15:58
Knowby Examples,577ac6cd-6ff3-4759-ac0f-b63b691b5d92,Daily Forklift Check - Nissan 2500,4dd1-509e-67e290d9----bb68-afdb00c8af51,Cristian Gonzalez,19/10/2025,10:20:17
Knowby Examples,577ac6cd-6ff3-4759-ac0f-b63b691b5d92,Daily Forklift Check - Nissan 2500,4dd1-509e-67e290d9----bb68-afdb00c8af51,Cristian Gonzalez,19/10/2025,11:59:12
Knowby Examples,577ac6cd-6ff3-4759-ac0f-b63b691b5d92,Daily Forklift Check - Nissan 2500,4dd1-509e-67e290d9----bb68-afdb00c8af51,Cristian Gonzalez,19/10/2025,13:42:41
Knowby Examples,577ac6cd-6ff3-4759-ac0f-b63b691b5d92,Daily Forklift Check - Nissan 2500,4dd1-509e-67e290d9----bb68-afdb00c8af51,Cristian Gonzalez,19/10/2025,09:48:14
Knowby Examples,577ac6cd-6ff3-4759-ac0f-b63b691b5d92,Daily Forklift Check - Nissan 2500,4dd1-509e-67e290d9----bb68-afdb00c8af51,Cristian Gonzalez,20/10/2025,13:53:01
Knowby Examples,577ac6cd-6ff3-4759-ac0f-b63b691b5d92,Daily Forklift Check - Nissan 2500,4dd1-509e-67e290d9----bb68-afdb00c8af51,Cristian Gonzalez,20/10/2025,12:41:10
Knowby Examples,577ac6cd-6ff3-4759-ac0f-b63b691b5d92,Daily Forklift Check - Nissan 2500,4dd1-509e-67e290d9----bb68-afdb00c8af51,Cristian Gonzalez,15/11/2025,14:01:53
Knowby Examples,577ac6cd-6ff3-4759-ac0f-b63b691b5d92,Daily Forklift Check - Nissan 2500,4dd1-509e-67e290d9----bb68-afdb00c8af51,Cristian Gonzalez,19/11/2025,09:05:17
Knowby Examples,577ac6cd-6ff3-4759-ac0f-b63b691b5d92,Daily Forklift Check - Nissan 2500,4dd1-509e-67e290d9----bb68-afdb00c8af51,Cristian Gonzalez,08/07/2025,11:53:18
Knowby Examples,577ac6cd-6ff3-4759-ac0f-b63b691b5d92,Daily Forklift Check - Nissan 2500,4ea3-2234-ee1de7e0----99b4-aefa00ae2eab,William Wilkinson,27/09/2025,14:53:17
Knowby Examples,577ac6cd-6ff3-4759-ac0f-b63b691b5d92,Daily Forklift Check - Nissan 2500,4ea3-2234-ee1de7e0----99b4-aefa00ae2eab,William Wilkinson,27/09/2025,09:07:49
Knowby Examples,577ac6cd-6ff3-4759-ac0f-b63b691b5d92,Daily Forklift Check - Nissan 2500,4ea3-2234-ee1de7e0----99b4-aefa00ae2eab,William Wilkinson,27/09/2025,10:53:54
Knowby Examples,577ac6cd-6ff3-4759-ac0f-b63b691b5d92,Daily Forklift Check - Nissan 2500,4ea3-2234-ee1de7e0----99b4-aefa00ae2eab,William Wilkinson,27/09/2025,14:03:52
Knowby Examples,577ac6cd-6ff3-4759-ac0f-b63b691b5d92,Daily Forklift Check - Nissan 2500,4405-d6f6-e37511ad----906f-aefa00b1a961,Jeffrey Brown,26/09/2025,10:05:11
Knowby Examples,577ac6cd-6ff3-4759-ac0f-b63b691b5d92,Daily Forklift Check - Nissan 2500,4405-d6f6-e37511ad----906f-aefa00b1a961,Jeffrey Brown,26/09/2025,11:49:31
Knowby Examples,577ac6cd-6ff3-4759-ac0f-b63b691b5d92,Daily Forklift Check - Nissan 2500,4405-d6f6-e37511ad----906f-aefa00b1a961,Jeffrey Brown,26/09/2025,11:47:21
Knowby Examples,577ac6cd-6ff3-4759-ac0f-b63b691b5d92,Daily Forklift Check - Nissan 2500,4405-d6f6-e37511ad----906f-aefa00b1a961,Jeffrey Brown,28/09/2025,08:21:29
Knowby Examples,577ac6cd-6ff3-4759-ac0f-b63b691b5d92,Daily Forklift Check - Nissan 2500,4327-393b-53cbdfde----b9a4-aef900aa92ef,Kenneth Landry,11/02/2025,08:51:44
Knowby Examples,577ac6cd-6ff3-4759-ac0f-b63b691b5d92,Daily Forklift Check - Nissan 2500,44ed-a978-e8d990e2----8b3d-aef900a6bb99,Robert Perez,19/10/2025,14:18:31
Knowby Examples,577ac6cd-6ff3-4759-ac0f-b63b691b5d92,Daily Forklift Check - Nissan 2500,44ed-a978-e8d990e2----8b3d-aef900a6bb99,Robert Perez,08/06/2025,10:44:12
Knowby Examples,577ac6cd-6ff3-4759-ac0f-b63b691b5d92,Daily Forklift Check - Nissan 2500,44ed-a978-e8d990e2----8b3d-aef900a6bb99,Robert Perez,09/03/2025,11:29:12
Knowby Examples,577ac6cd-6ff3-4759-ac0f-b63b691b5d92,Daily Forklift Check - Nissan 2500,44ed-a978-e8d990e2----8b3d-aef900a6bb99,Robert Perez,10/06/2025,10:00:22
Knowby Examples,577ac6cd-6ff3-4759-ac0f-b63b691b5d92,Daily Forklift Check - Nissan 2500,44ed-a978-e8d990e2----8b3d-aef900a6bb99,Robert Perez,18/02/2025,16:48:36
Knowby Examples,577ac6cd-6ff3-4759-ac0f-b63b691b5d92,Daily Forklift Check - Nissan 2500,44ed-a978-e8d990e2----8b3d-aef900a6bb99,Robert Perez,04/01/2025,13:12:24
Knowby Examples,577ac6cd-6ff3-4759-ac0f-b63b691b5d92,Daily Forklift Check - Nissan 2500,44ed-a978-e8d990e2----8b3d-aef900a6bb99,Robert Perez,04/02/2025,11:42:06
Knowby Examples,577ac6cd-6ff3-4759-ac0f-b63b691b5d92,Daily Forklift Check - Nissan 2500,44ed-a978-e8d990e2----8b3d-aef900a6bb99,Robert Perez,04/02/2025,13:13:23
Knowby Examples,577ac6cd-6ff3-4759-ac0f-b63b691b5d92,Daily Forklift Check - Nissan 2500,44ed-a978-e8d990e2----8b3d-aef900a6bb99,Robert Perez,04/07/2025,11:40:11
Knowby Examples,577ac6cd-6ff3-4759-ac0f-b63b691b5d92,Daily Forklift Check - Nissan 2500,44ed-a978-e8d990e2----8b3d-aef900a6bb99,Robert Perez,15/04/2025,14:42:32
Knowby Examples,577ac6cd-6ff3-4759-ac0f-b63b691b5d92,Daily Forklift Check - Nissan 2500,44ed-a978-e8d990e2----8b3d-aef900a6bb99,Robert Perez,05/01/2025,11:20:35
Knowby Examples,577ac6cd-6ff3-4759-ac0f-b63b691b5d92,Daily Forklift Check - Nissan 2500,44ed-a978-e8d990e2----8b3d-aef900a6bb99,Robert Perez,05/06/2025,12:57:39
Knowby Examples,577ac6cd-6ff3-4759-ac0f-b63b691b5d92,Daily Forklift Check - Nissan 2500,44ed-a978-e8d990e2----8b3d-aef900a6bb99,Robert Perez,05/06/2025,12:16:54
Knowby Examples,577ac6cd-6ff3-4759-ac0f-b63b691b5d92,Daily Forklift Check - Nissan 2500,461a-a7ab-cd6791bf----a425-ad2b7c56ee35,Rebecca Walker,28/10/2024,13:36:56
Knowby Examples,577ac6cd-6ff3-4759-ac0f-b63b691b5d92,Daily Forklift Check - Nissan 2500,4ed4-864f-db17168a----9128-a3c9ddb6e3ea,Carol Jones,10/11/2025,14:12:53
Knowby Examples,577ac6cd-6ff3-4759-ac0f-b63b691b5d92,Daily Forklift Check - Nissan 2500,4ed4-864f-db17168a----9128-a3c9ddb6e3ea,Carol Jones,07/04/2025,11:55:35
Knowby Examples,577ac6cd-6ff3-4759-ac0f-b63b691b5d92,Daily Forklift Check - Nissan 2500,4ed1-affe-79057836----9ea2-adc551671be2,John Terrell,25/07/2025,08:08:52
Knowby Examples,577ac6cd-6ff3-4759-ac0f-b63b691b5d92,Daily Forklift Check - Nissan 2500,4e42-3ecf-a947652f----8d8f-1b0d973d1bbf,Robert Taylor,14/02/2025,17:24:53
Knowby Examples,577ac6cd-6ff3-4759-ac0f-b63b691b5d92,Daily Forklift Check - Nissan 2500,4e42-3ecf-a947652f----8d8f-1b0d973d1bbf,Robert Taylor,14/02/2025,08:24:08
Knowby Examples,577ac6cd-6ff3-4759-ac0f-b63b691b5d92,Daily Forklift Check - Nissan 2500,4e42-3ecf-a947652f----8d8f-1b0d973d1bbf,Robert Taylor,14/02/2025,14:40:44
Knowby Examples,577ac6cd-6ff3-4759-ac0f-b63b691b5d92,Daily Forklift Check - Nissan 2500,4e42-3ecf-a947652f----8d8f-1b0d973d1bbf,Robert Taylor,15/02/2025,14:23:12
Knowby Examples,577ac6cd-6ff3-4759-ac0f-b63b691b5d92,Daily Forklift Check - Nissan 2500,4e42-3ecf-a947652f----8d8f-1b0d973d1bbf,Robert Taylor,15/02/2025,12:56:08
Knowby Examples,577ac6cd-6ff3-4759-ac0f-b63b691b5d92,Daily Forklift Check - Nissan 2500,4e42-3ecf-a947652f----8d8f-1b0d973d1bbf,Robert Taylor,17/02/2025,16:17:39
Knowby Examples,577ac6cd-6ff3-4759-ac0f-b63b691b5d92,Daily Forklift Check - Nissan 2500,4e42-3ecf-a947652f----8d8f-1b0d973d1bbf,Robert Taylor,17/02/2024,15:42:01
Knowby Examples,577ac6cd-6ff3-4759-ac0f-b63b691b5d92,Daily Forklift Check - Nissan 2500,4d1a-2d52-b574cc8e----b6c0-af3b0075112b,Melanie Wilson,04/06/2024,14:22:45
Knowby Examples,577ac6cd-6ff3-4759-ac0f-b63b691b5d92,Daily Forklift Check - Nissan 2500,4dd1-509e-67e290d9----bb68-afdb00c8af51,Cristian Gonzalez,03/04/2025,10:17:22
Knowby Examples,577ac6cd-6ff3-4759-ac0f-b63b691b5d92,Daily Forklift Check - Nissan 2500,4dd1-509e-67e290d9----bb68-afdb00c8af51,Cristian Gonzalez,14/03/2025,09:48:05
Knowby Examples,577ac6cd-6ff3-4759-ac0f-b63b691b5d92,Daily Forklift Check - Nissan 2500,4dd1-509e-67e290d9----bb68-afdb00c8af51,Cristian Gonzalez,14/03/2024,17:34:28
Knowby Examples,577ac6cd-6ff3-4759-ac0f-b63b691b5d92,Daily Forklift Check - Nissan 2500,4dd1-509e-67e290d9----bb68-afdb00c8af51,Cristian Gonzalez,14/03/2025,11:37:59
Knowby Examples,577ac6cd-6ff3-4759-ac0f-b63b691b5d92,Daily Forklift Check - Nissan 2500,4dd1-509e-67e290d9----bb68-afdb00c8af51,Cristian Gonzalez,17/03/2025,09:20:42
Knowby Examples,577ac6cd-6ff3-4759-ac0f-b63b691b5d92,Daily Forklift Check - Nissan 2500,4dd1-509e-67e290d9----bb68-afdb00c8af51,Cristian Gonzalez,21/03/2025,16:15:50
Knowby Examples,577ac6cd-6ff3-4759-ac0f-b63b691b5d92,Daily Forklift Check - Nissan 2500,4405-d6f6-e37511ad----906f-aefa00b1a961,Jeffrey Brown,16/03/2025,14:34:04
Knowby Examples,577ac6cd-6ff3-4759-ac0f-b63b691b5d92,Daily Forklift Check - Nissan 2500,4405-d6f6-e37511ad----906f-aefa00b1a961,Jeffrey Brown,16/03/2025,09:02:32
Knowby Examples,577ac6cd-6ff3-4759-ac0f-b63b691b5d92,Daily Forklift Check - Nissan 2500,4405-d6f6-e37511ad----906f-aefa00b1a961,Jeffrey Brown,16/03/2025,15:38:50
Knowby Examples,577ac6cd-6ff3-4759-ac0f-b63b691b5d92,Daily Forklift Check - Nissan 2500,4405-d6f6-e37511ad----906f-aefa00b1a961,Jeffrey Brown,16/03/2024,11:07:48
Knowby Examples,577ac6cd-6ff3-4759-ac0f-b63b691b5d92,Daily Forklift Check - Nissan 2500,4405-d6f6-e37511ad----906f-aefa00b1a961,Jeffrey Brown,16/03/2024,09:02:44
Knowby Examples,577ac6cd-6ff3-4759-ac0f-b63b691b5d92,Daily Forklift Check - Nissan 2500,4405-d6f6-e37511ad----906f-aefa00b1a961,Jeffrey Brown,16/03/2025,15:44:24
Knowby Examples,577ac6cd-6ff3-4759-ac0f-b63b691b5d92,Daily Forklift Check - Nissan 2500,4405-d6f6-e37511ad----906f-aefa00b1a961,Jeffrey Brown,16/03/2025,13:57:07
Knowby Examples,577ac6cd-6ff3-4759-ac0f-b63b691b5d92,Daily Forklift Check - Nissan 2500,4405-d6f6-e37511ad----906f-aefa00b1a961,Jeffrey Brown,16/03/2025,10:15:13
Knowby Examples,577ac6cd-6ff3-4759-ac0f-b63b691b5d92,Daily Forklift Check - Nissan 2500,4ed4-864f-db17168a----9128-a3c9ddb6e3ea,Carol Jones,04/02/2024,17:29:36
Knowby Examples,577ac6cd-6ff3-4759-ac0f-b63b691b5d92,Daily Forklift Check - Nissan 2500,4e42-3ecf-a947652f----8d8f-1b0d973d1bbf,Robert Taylor,14/03/2025,16:26:15
Knowby Examples,ca76152c-725f-4207-840f-b80df844046d,VW AMAROK DUAL CAB UTE (2011 on) IRB 84 - FITTING INSTRUCTIONS,489c-c9c4-29fad270----aab7-af440073e71a,John Jones,04/09/2025,10:25:22
Knowby Examples,ca76152c-725f-4207-840f-b80df844046d,VW AMAROK DUAL CAB UTE (2011 on) IRB 84 - FITTING INSTRUCTIONS,4dd1-509e-67e290d9----bb68-afdb00c8af51,Cristian Gonzalez,18/02/2025,09:26:33
Knowby Examples,ca76152c-725f-4207-840f-b80df844046d,VW AMAROK DUAL CAB UTE (2011 on) IRB 84 - FITTING INSTRUCTIONS,44ed-a978-e8d990e2----8b3d-aef900a6bb99,Robert Perez,18/02/2025,17:14:12
Knowby Examples,ca76152c-725f-4207-840f-b80df844046d,VW AMAROK DUAL CAB UTE (2011 on) IRB 84 - FITTING INSTRUCTIONS,44ed-a978-e8d990e2----8b3d-aef900a6bb99,Robert Perez,18/02/2025,10:40:30
Knowby Examples,ca76152c-725f-4207-840f-b80df844046d,VW AMAROK DUAL CAB UTE (2011 on) IRB 84 - FITTING INSTRUCTIONS,44ed-a978-e8d990e2----8b3d-aef900a6bb99,Robert Perez,04/01/2024,08:03:57
Knowby Examples,ca76152c-725f-4207-840f-b80df844046d,VW AMAROK DUAL CAB UTE (2011 on) IRB 84 - FITTING INSTRUCTIONS,44ed-a978-e8d990e2----8b3d-aef900a6bb99,Robert Perez,04/01/2025,12:37:41
Knowby Examples,ca76152c-725f-4207-840f-b80df844046d,VW AMAROK DUAL CAB UTE (2011 on) IRB 84 - FITTING INSTRUCTIONS,44ed-a978-e8d990e2----8b3d-aef900a6bb99,Robert Perez,04/01/2025,08:52:16
Knowby Examples,ca76152c-725f-4207-840f-b80df844046d,VW AMAROK DUAL CAB UTE (2011 on) IRB 84 - FITTING INSTRUCTIONS,44ed-a978-e8d990e2----8b3d-aef900a6bb99,Robert Perez,04/01/2025,14:28:41
Knowby Examples,ca76152c-725f-4207-840f-b80df844046d,VW AMAROK DUAL CAB UTE (2011 on) IRB 84 - FITTING INSTRUCTIONS,44ed-a978-e8d990e2----8b3d-aef900a6bb99,Robert Perez,04/02/2025,14:06:52
Knowby Examples,ca76152c-725f-4207-840f-b80df844046d,VW AMAROK DUAL CAB UTE (2011 on) IRB 84 - FITTING INSTRUCTIONS,4dd1-509e-67e290d9----bb68-afdb00c8af51,Cristian Gonzalez,26/02/2025,16:31:08
Knowby Examples,ca76152c-725f-4207-840f-b80df844046d,VW AMAROK DUAL CAB UTE (2011 on) IRB 84 - FITTING INSTRUCTIONS,4dd1-509e-67e290d9----bb68-afdb00c8af51,Cristian Gonzalez,27/02/2025,15:05:17
Knowby Examples,ca76152c-725f-4207-840f-b80df844046d,VW AMAROK DUAL CAB UTE (2011 on) IRB 84 - FITTING INSTRUCTIONS,4dd1-509e-67e290d9----bb68-afdb00c8af51,Cristian Gonzalez,03/03/2025,16:40:31
Knowby Examples,ca76152c-725f-4207-840f-b80df844046d,VW AMAROK DUAL CAB UTE (2011 on) IRB 84 - FITTING INSTRUCTIONS,4dd1-509e-67e290d9----bb68-afdb00c8af51,Cristian Gonzalez,03/03/2024,14:48:02
Knowby Examples,ca76152c-725f-4207-840f-b80df844046d,VW AMAROK DUAL CAB UTE (2011 on) IRB 84 - FITTING INSTRUCTIONS,4dd1-509e-67e290d9----bb68-afdb00c8af51,Cristian Gonzalez,03/03/2025,12:18:19
Knowby Examples,ca76152c-725f-4207-840f-b80df844046d,VW AMAROK DUAL CAB UTE (2011 on) IRB 84 - FITTING INSTRUCTIONS,4ed4-864f-db17168a----9128-a3c9ddb6e3ea,Carol Jones,26/02/2024,11:00:46
Knowby Examples,ca76152c-725f-4207-840f-b80df844046d,VW AMAROK DUAL CAB UTE (2011 on) IRB 84 - FITTING INSTRUCTIONS,4ed4-864f-db17168a----9128-a3c9ddb6e3ea,Carol Jones,03/03/2025,13:14:53
Knowby Examples,ca76152c-725f-4207-840f-b80df844046d,VW AMAROK DUAL CAB UTE (2011 on) IRB 84 - FITTING INSTRUCTIONS,4ed4-864f-db17168a----9128-a3c9ddb6e3ea,Carol Jones,03/03/2024,10:36:48
Knowby Examples,ca76152c-725f-4207-840f-b80df844046d,VW AMAROK DUAL CAB UTE (2011 on) IRB 84 - FITTING INSTRUCTIONS,4ed4-864f-db17168a----9128-a3c9ddb6e3ea,Carol Jones,03/03/2025,09:22:18
Knowby Examples,ca76152c-725f-4207-840f-b80df844046d,VW AMAROK DUAL CAB UTE (2011 on) IRB 84 - FITTING INSTRUCTIONS,4ed4-864f-db17168a----9128-a3c9ddb6e3ea,Carol Jones,03/03/2025,14:52:46
Knowby Examples,ca76152c-725f-4207-840f-b80df844046d,VW AMAROK DUAL CAB UTE (2011 on) IRB 84 - FITTING INSTRUCTIONS,4ed4-864f-db17168a----9128-a3c9ddb6e3ea,Carol Jones,03/03/2025,11:02:51
Knowby Examples,ca76152c-725f-4207-840f-b80df844046d,VW AMAROK DUAL CAB UTE (2011 on) IRB 84 - FITTING INSTRUCTIONS,4ed4-864f-db17168a----9128-a3c9ddb6e3ea,Carol Jones,04/02/2024,10:38:31
Knowby Examples,a584a14c-07e6-4c98-8cc5-c0a854d5a054,Road Train Lessons How to connect a dolly to a trailer,44ed-a978-e8d990e2----8b3d-aef900a6bb99,Robert Perez,04/01/2025,17:32:09
Knowby Examples,a584a14c-07e6-4c98-8cc5-c0a854d5a054,Road Train Lessons How to connect a dolly to a trailer,44ed-a978-e8d990e2----8b3d-aef900a6bb99,Robert Perez,04/01/2024,11:26:01
Knowby Examples,a584a14c-07e6-4c98-8cc5-c0a854d5a054,Road Train Lessons How to connect a dolly to a trailer,44ed-a978-e8d990e2----8b3d-aef900a6bb99,Robert Perez,04/02/2025,08:34:56
Knowby Examples,a584a14c-07e6-4c98-8cc5-c0a854d5a054,Road Train Lessons How to connect a dolly to a trailer,4f16-eda6-7db766e9----bc66-af8100c46bb3,Jared Foster,04/02/2025,16:09:27
Knowby Examples,a584a14c-07e6-4c98-8cc5-c0a854d5a054,Road Train Lessons How to connect a dolly to a trailer,4f16-eda6-7db766e9----bc66-af8100c46bb3,Jared Foster,04/02/2025,15:50:43
Knowby Examples,a584a14c-07e6-4c98-8cc5-c0a854d5a054,Road Train Lessons How to connect a dolly to a trailer,4ed4-864f-db17168a----9128-a3c9ddb6e3ea,Carol Jones,04/02/2025,11:43:30
Knowby Examples,55d7aa20-f0ed-4aae-b752-f734e115edd2,Unknown,44ed-a978-e8d990e2----8b3d-aef900a6bb99,Robert Perez,04/10/2025,13:37:49
Knowby Examples,a95bff91-c3f2-42d7-a1f3-29c358842845,Unknown,44ed-a978-e8d990e2----8b3d-aef900a6bb99,Robert Perez,04/10/2024,14:52:51
Knowby Examples,3a35bcbb-52f4-42d6-84dd-bc8c6e8e3c04,Pay your suppliers with Xero,4d2c-583f-adfb71a0----947b-af0c00af8d6b,Adriana Sanders,04/08/2025,09:39:53
Knowby Examples,3a35bcbb-52f4-42d6-84dd-bc8c6e8e3c04,Pay your suppliers with Xero,44ed-a978-e8d990e2----8b3d-aef900a6bb99,Robert Perez,04/02/2025,16:05:26
Knowby Examples,3a35bcbb-52f4-42d6-84dd-bc8c6e8e3c04,Pay your suppliers with Xero,44ed-a978-e8d990e2----8b3d-aef900a6bb99,Robert Perez,04/02/2025,11:12:37
Knowby Examples,3a35bcbb-52f4-42d6-84dd-bc8c6e8e3c04,Pay your suppliers with Xero,44ed-a978-e8d990e2----8b3d-aef900a6bb99,Robert Perez,30/04/2025,12:06:50
Knowby Examples,3a35bcbb-52f4-42d6-84dd-bc8c6e8e3c04,Pay your suppliers with Xero,44ed-a978-e8d990e2----8b3d-aef900a6bb99,Robert Perez,05/01/2025,10:35:14
Knowby Examples,3a35bcbb-52f4-42d6-84dd-bc8c6e8e3c04,Pay your suppliers with Xero,44ed-a978-e8d990e2----8b3d-aef900a6bb99,Robert Perez,05/01/2025,09:34:14
Knowby Examples,3a35bcbb-52f4-42d6-84dd-bc8c6e8e3c04,Pay your suppliers with Xero,44ed-a978-e8d990e2----8b3d-aef900a6bb99,Robert Perez,05/01/2025,10:56:54
Knowby Examples,3a35bcbb-52f4-42d6-84dd-bc8c6e8e3c04,Pay your suppliers with Xero,4f16-eda6-7db766e9----bc66-af8100c46bb3,Jared Foster,04/02/2025,08:09:09
Knowby Examples,3a35bcbb-52f4-42d6-84dd-bc8c6e8e3c04,Pay your suppliers with Xero,409d-3bdc-4417dd91----8aea-d6ea712d295b,Lisa Reeves,04/12/2024,14:46:33
Knowby Examples,3a35bcbb-52f4-42d6-84dd-bc8c6e8e3c04,Pay your suppliers with Xero,409d-3bdc-4417dd91----8aea-d6ea712d295b,Lisa Reeves,17/04/2024,11:54:36
Knowby Examples,3a35bcbb-52f4-42d6-84dd-bc8c6e8e3c04,Pay your suppliers with Xero,4ed4-864f-db17168a----9128-a3c9ddb6e3ea,Carol Jones,05/02/2025,08:39:31
Knowby Examples,f3f01235-bd30-4ad2-93ff-52e2136f2be9,I BUILT a LEGO Minecraft Village,44ed-a978-e8d990e2----8b3d-aef900a6bb99,Robert Perez,04/08/2025,15:59:20
Knowby Examples,f3f01235-bd30-4ad2-93ff-52e2136f2be9,I BUILT a LEGO Minecraft Village,44ed-a978-e8d990e2----8b3d-aef900a6bb99,Robert Perez,04/08/2025,08:09:47
Knowby Examples,f3f01235-bd30-4ad2-93ff-52e2136f2be9,I BUILT a LEGO Minecraft Village,44ed-a978-e8d990e2----8b3d-aef900a6bb99,Robert Perez,15/04/2025,12:21:23
Knowby Examples,f3f01235-bd30-4ad2-93ff-52e2136f2be9,I BUILT a LEGO Minecraft Village,44ed-a978-e8d990e2----8b3d-aef900a6bb99,Robert Perez,21/04/2025,08:28:46
Knowby Examples,06ea1d91-fb4b-4a70-931d-a0226e16d031,I Built LONDON Out Of LEGO In London,489c-c9c4-29fad270----aab7-af440073e71a,John Jones,15/04/2025,10:35:04
Knowby Examples,06ea1d91-fb4b-4a70-931d-a0226e16d031,I Built LONDON Out Of LEGO In London,44ed-a978-e8d990e2----8b3d-aef900a6bb99,Robert Perez,04/08/2025,14:47:50
Knowby Examples,06ea1d91-fb4b-4a70-931d-a0226e16d031,I Built LONDON Out Of LEGO In London,44ed-a978-e8d990e2----8b3d-aef900a6bb99,Robert Perez,04/08/2025,16:44:35
Knowby Examples,06ea1d91-fb4b-4a70-931d-a0226e16d031,I Built LONDON Out Of LEGO In London,44ed-a978-e8d990e2----8b3d-aef900a6bb99,Robert Perez,04/08/2024,13:33:55
Knowby Examples,06ea1d91-fb4b-4a70-931d-a0226e16d031,I Built LONDON Out Of LEGO In London,44ed-a978-e8d990e2----8b3d-aef900a6bb99,Robert Perez,16/04/2025,15:06:20
Knowby Examples,06ea1d91-fb4b-4a70-931d-a0226e16d031,I Built LONDON Out Of LEGO In London,4f16-eda6-7db766e9----bc66-af8100c46bb3,Jared Foster,04/09/2025,08:13:51
Knowby Examples,22c20e7e-4d3f-4c37-b797-2f51d90de19b,I built a LEGO ARMY,44ed-a978-e8d990e2----8b3d-aef900a6bb99,Robert Perez,04/08/2025,13:00:00
Knowby Examples,22c20e7e-4d3f-4c37-b797-2f51d90de19b,I built a LEGO ARMY,44ed-a978-e8d990e2----8b3d-aef900a6bb99,Robert Perez,04/08/2025,10:34:47
Knowby Examples,22c20e7e-4d3f-4c37-b797-2f51d90de19b,I built a LEGO ARMY,44ed-a978-e8d990e2----8b3d-aef900a6bb99,Robert Perez,04/08/2025,08:08:31
Knowby Examples,ac862beb-bcb0-48a5-a34b-930afe60161a,Unknown,44ed-a978-e8d990e2----8b3d-aef900a6bb99,Robert Perez,15/04/2024,10:12:43
Knowby Examples,90db8405-948f-4a87-aa18-8c8e29b580d8,Unknown,44ed-a978-e8d990e2----8b3d-aef900a6bb99,Robert Perez,15/04/2025,16:16:11
Knowby Examples,ebb49e47-7488-4706-9ca2-af5cb5dad3a4,loading cartons video  1 1,489c-c9c4-29fad270----aab7-af440073e71a,John Jones,15/04/2024,08:23:03
Knowby Examples,ebb49e47-7488-4706-9ca2-af5cb5dad3a4,loading cartons video  1 1,4d2c-583f-adfb71a0----947b-af0c00af8d6b,Adriana Sanders,04/08/2025,13:41:14
Knowby Examples,ebb49e47-7488-4706-9ca2-af5cb5dad3a4,loading cartons video  1 1,4d2c-583f-adfb71a0----947b-af0c00af8d6b,Adriana Sanders,25/04/2025,17:11:31
Knowby Examples,ebb49e47-7488-4706-9ca2-af5cb5dad3a4,loading cartons video  1 1,4d2c-583f-adfb71a0----947b-af0c00af8d6b,Adriana Sanders,25/04/2025,13:57:56
Knowby Examples,ebb49e47-7488-4706-9ca2-af5cb5dad3a4,loading cartons video  1 1,44ed-a978-e8d990e2----8b3d-aef900a6bb99,Robert Perez,04/07/2024,10:29:11
Knowby Examples,ebb49e47-7488-4706-9ca2-af5cb5dad3a4,loading cartons video  1 1,44ed-a978-e8d990e2----8b3d-aef900a6bb99,Robert Perez,04/07/2025,17:23:59
Knowby Examples,ebb49e47-7488-4706-9ca2-af5cb5dad3a4,loading cartons video  1 1,44ed-a978-e8d990e2----8b3d-aef900a6bb99,Robert Perez,04/08/2024,16:21:09
Knowby Examples,ebb49e47-7488-4706-9ca2-af5cb5dad3a4,loading cartons video  1 1,44ed-a978-e8d990e2----8b3d-aef900a6bb99,Robert Perez,15/04/2024,16:29:24
Knowby Examples,ebb49e47-7488-4706-9ca2-af5cb5dad3a4,loading cartons video  1 1,44ed-a978-e8d990e2----8b3d-aef900a6bb99,Robert Perez,15/04/2025,17:50:21
Knowby Examples,ebb49e47-7488-4706-9ca2-af5cb5dad3a4,loading cartons video  1 1,44ed-a978-e8d990e2----8b3d-aef900a6bb99,Robert Perez,30/04/2025,17:28:30
Knowby Examples,ebb49e47-7488-4706-9ca2-af5cb5dad3a4,loading cartons video  1 1,44ed-a978-e8d990e2----8b3d-aef900a6bb99,Robert Perez,30/04/2025,14:00:58
Knowby Examples,ebb49e47-7488-4706-9ca2-af5cb5dad3a4,loading cartons video  1 1,44ed-a978-e8d990e2----8b3d-aef900a6bb99,Robert Perez,30/04/2024,13:12:46
Knowby Examples,ebb49e47-7488-4706-9ca2-af5cb5dad3a4,loading cartons video  1 1,44ed-a978-e8d990e2----8b3d-aef900a6bb99,Robert Perez,05/02/2025,10:09:17
Knowby Examples,ebb49e47-7488-4706-9ca2-af5cb5dad3a4,loading cartons video  1 1,44ed-a978-e8d990e2----8b3d-aef900a6bb99,Robert Perez,05/02/2025,10:11:25
Knowby Examples,ebb49e47-7488-4706-9ca2-af5cb5dad3a4,loading cartons video  1 1,44ed-a978-e8d990e2----8b3d-aef900a6bb99,Robert Perez,05/06/2025,14:18:45
Knowby Examples,ebb49e47-7488-4706-9ca2-af5cb5dad3a4,loading cartons video  1 1,44ed-a978-e8d990e2----8b3d-aef900a6bb99,Robert Perez,05/06/2025,16:01:42
Knowby Examples,ebb49e47-7488-4706-9ca2-af5cb5dad3a4,loading cartons video  1 1,4dd1-509e-67e290d9----bb68-afdb00c8af51,Cristian Gonzalez,28/04/2025,08:42:05
Knowby Examples,439e3705-f8b2-4a76-9a4a-b4ccf9fb58b8,image picker 5EB67558 FE0A 4A2E A52A B8374BDE7BDD 9207,44ed-a978-e8d990e2----8b3d-aef900a6bb99,Robert Perez,29/04/2025,17:02:24
Knowby Examples,3adcf62d-8402-43bd-b0af-428b54da0a2e,Road Train Lessons How to connect a dolly to a trailer,44ed-a978-e8d990e2----8b3d-aef900a6bb99,Robert Perez,30/04/2025,09:33:56
Knowby Examples,3e3c0bab-35da-45a9-9992-84f06dee321d,Unknown,44ed-a978-e8d990e2----8b3d-aef900a6bb99,Robert Perez,05/01/2025,10:52:24
Knowby Examples,795cd0ae-10e3-4267-96b6-a8410ea14632,How to Clean an Espresso Machine Perfect Coffee,4d2c-583f-adfb71a0----947b-af0c00af8d6b,Adriana Sanders,05/06/2025,08:15:08
Knowby Examples,795cd0ae-10e3-4267-96b6-a8410ea14632,How to Clean an Espresso Machine Perfect Coffee,44ed-a978-e8d990e2----8b3d-aef900a6bb99,Robert Perez,05/06/2025,10:46:47
Knowby Examples,795cd0ae-10e3-4267-96b6-a8410ea14632,How to Clean an Espresso Machine Perfect Coffee,4dd1-509e-67e290d9----bb68-afdb00c8af51,Cristian Gonzalez,05/07/2024,16:01:13
Knowby Examples,0d0a4f5b-0fe8-4c6d-99ad-a58770f51bb7,image picker 5B40B568 B6DD 44F6 9F37 7A082736CE23 19416,44ed-a978-e8d990e2----8b3d-aef900a6bb99,Robert Perez,05/01/2025,08:47:12
Knowby Examples,41387300-9273-404a-9065-4a0e218b4498,Walls Ready: A Painting Prep Guide,400d-dbe2-f01d079d----af6e-af3d005280aa,Rhonda Evans,05/07/2024,16:24:11
Knowby Examples,41387300-9273-404a-9065-4a0e218b4498,Walls Ready: A Painting Prep Guide,44ed-a978-e8d990e2----8b3d-aef900a6bb99,Robert Perez,16/09/2025,10:30:48
Knowby Examples,41387300-9273-404a-9065-4a0e218b4498,Walls Ready: A Painting Prep Guide,4ed4-864f-db17168a----9128-a3c9ddb6e3ea,Carol Jones,18/10/2025,09:08:20
Knowby Examples,41387300-9273-404a-9065-4a0e218b4498,Walls Ready: A Painting Prep Guide,4ed4-864f-db17168a----9128-a3c9ddb6e3ea,Carol Jones,18/10/2025,10:53:15
Knowby Examples,41387300-9273-404a-9065-4a0e218b4498,Walls Ready: A Painting Prep Guide,4ed4-864f-db17168a----9128-a3c9ddb6e3ea,Carol Jones,18/10/2025,15:26:14
Knowby Examples,41387300-9273-404a-9065-4a0e218b4498,Walls Ready: A Painting Prep Guide,4ed4-864f-db17168a----9128-a3c9ddb6e3ea,Carol Jones,18/10/2025,12:58:50
Knowby Examples,41387300-9273-404a-9065-4a0e218b4498,Walls Ready: A Painting Prep Guide,4ed4-864f-db17168a----9128-a3c9ddb6e3ea,Carol Jones,18/10/2024,15:01:55
Knowby Examples,41387300-9273-404a-9065-4a0e218b4498,Walls Ready: A Painting Prep Guide,4ed4-864f-db17168a----9128-a3c9ddb6e3ea,Carol Jones,18/10/2024,09:55:47
Knowby Examples,4d7b93c4-8b94-4095-a707-f505b42976fe,Deck Restoration: Step-by-Step Guide,4dd1-509e-67e290d9----bb68-afdb00c8af51,Cristian Gonzalez,19/10/2025,17:49:09
Knowby Examples,4d7b93c4-8b94-4095-a707-f505b42976fe,Deck Restoration: Step-by-Step Guide,4ed4-864f-db17168a----9128-a3c9ddb6e3ea,Carol Jones,18/10/2025,17:40:37
Knowby Examples,4d7b93c4-8b94-4095-a707-f505b42976fe,Deck Restoration: Step-by-Step Guide,4ed4-864f-db17168a----9128-a3c9ddb6e3ea,Carol Jones,18/10/2024,16:02:34
Knowby Examples,4d7b93c4-8b94-4095-a707-f505b42976fe,Deck Restoration: Step-by-Step Guide,4ed4-864f-db17168a----9128-a3c9ddb6e3ea,Carol Jones,18/10/2025,16:15:05
Knowby Examples,4d7b93c4-8b94-4095-a707-f505b42976fe,Deck Restoration: Step-by-Step Guide,4ed4-864f-db17168a----9128-a3c9ddb6e3ea,Carol Jones,18/10/2024,11:05:18
Knowby Examples,4d7b93c4-8b94-4095-a707-f505b42976fe,Deck Restoration: Step-by-Step Guide,4ed4-864f-db17168a----9128-a3c9ddb6e3ea,Carol Jones,07/04/2025,17:42:35
Knowby Examples,939f433d-8efc-4bc6-af9a-5925527eb170,How to Paint a Room - Basic Painting Tips,4dd1-509e-67e290d9----bb68-afdb00c8af51,Cristian Gonzalez,19/10/2025,10:36:51
Knowby Examples,939f433d-8efc-4bc6-af9a-5925527eb170,How to Paint a Room - Basic Painting Tips,4dd1-509e-67e290d9----bb68-afdb00c8af51,Cristian Gonzalez,19/10/2025,13:04:09
Knowby Examples,939f433d-8efc-4bc6-af9a-5925527eb170,How to Paint a Room - Basic Painting Tips,4dd1-509e-67e290d9----bb68-afdb00c8af51,Cristian Gonzalez,20/10/2025,10:06:07
Knowby Examples,939f433d-8efc-4bc6-af9a-5925527eb170,How to Paint a Room - Basic Painting Tips,4dd1-509e-67e290d9----bb68-afdb00c8af51,Cristian Gonzalez,20/10/2025,10:02:09
Knowby Examples,939f433d-8efc-4bc6-af9a-5925527eb170,How to Paint a Room - Basic Painting Tips,4dd1-509e-67e290d9----bb68-afdb00c8af51,Cristian Gonzalez,17/11/2025,10:19:57
Knowby Examples,939f433d-8efc-4bc6-af9a-5925527eb170,How to Paint a Room - Basic Painting Tips,44ed-a978-e8d990e2----8b3d-aef900a6bb99,Robert Perez,16/09/2025,11:31:22
Knowby Examples,939f433d-8efc-4bc6-af9a-5925527eb170,How to Paint a Room - Basic Painting Tips,4ed4-864f-db17168a----9128-a3c9ddb6e3ea,Carol Jones,18/10/2025,09:20:37
Knowby Examples,939f433d-8efc-4bc6-af9a-5925527eb170,How to Paint a Room - Basic Painting Tips,4ed4-864f-db17168a----9128-a3c9ddb6e3ea,Carol Jones,18/10/2025,08:18:49
Knowby Examples,939f433d-8efc-4bc6-af9a-5925527eb170,How to Paint a Room - Basic Painting Tips,4ed4-864f-db17168a----9128-a3c9ddb6e3ea,Carol Jones,18/10/2025,15:46:38
Knowby Examples,d56495c5-852a-4215-b200-33089e661d28,Organizing Your Garage: A Simple Guide,489c-c9c4-29fad270----aab7-af440073e71a,John Jones,23/10/2025,13:47:39
Knowby Examples,d56495c5-852a-4215-b200-33089e661d28,Organizing Your Garage: A Simple Guide,4dd1-509e-67e290d9----bb68-afdb00c8af51,Cristian Gonzalez,21/10/2025,13:00:47
Knowby Examples,d56495c5-852a-4215-b200-33089e661d28,Organizing Your Garage: A Simple Guide,4dd1-509e-67e290d9----bb68-afdb00c8af51,Cristian Gonzalez,31/10/2024,12:30:30
Knowby Examples,d56495c5-852a-4215-b200-33089e661d28,Organizing Your Garage: A Simple Guide,44ed-a978-e8d990e2----8b3d-aef900a6bb99,Robert Perez,30/10/2025,13:57:15
Knowby Examples,d56495c5-852a-4215-b200-33089e661d28,Organizing Your Garage: A Simple Guide,4ed4-864f-db17168a----9128-a3c9ddb6e3ea,Carol Jones,18/10/2025,08:57:18
Knowby Examples,d56495c5-852a-4215-b200-33089e661d28,Organizing Your Garage: A Simple Guide,4ed4-864f-db17168a----9128-a3c9ddb6e3ea,Carol Jones,19/10/2024,08:13:27
Knowby Examples,d56495c5-852a-4215-b200-33089e661d28,Organizing Your Garage: A Simple Guide,4ed4-864f-db17168a----9128-a3c9ddb6e3ea,Carol Jones,20/10/2024,13:16:04
Knowby Examples,d56495c5-852a-4215-b200-33089e661d28,Organizing Your Garage: A Simple Guide,4ed4-864f-db17168a----9128-a3c9ddb6e3ea,Carol Jones,20/10/2025,08:51:35
Knowby Examples,d56495c5-852a-4215-b200-33089e661d28,Organizing Your Garage: A Simple Guide,4ed4-864f-db17168a----9128-a3c9ddb6e3ea,Carol Jones,20/10/2025,16:59:14
Knowby Examples,d56495c5-852a-4215-b200-33089e661d28,Organizing Your Garage: A Simple Guide,4ed4-864f-db17168a----9128-a3c9ddb6e3ea,Carol Jones,20/10/2025,09:51:49
Knowby Examples,b3271bf2-a14d-44ae-a7a9-0b5d3784c6aa,Dishwasher Mastery: Loading Hacks,400d-dbe2-f01d079d----af6e-af3d005280aa,Rhonda Evans,05/07/2025,11:15:38
Knowby Examples,b3271bf2-a14d-44ae-a7a9-0b5d3784c6aa,Dishwasher Mastery: Loading Hacks,400d-dbe2-f01d079d----af6e-af3d005280aa,Rhonda Evans,05/07/2025,10:18:52
Knowby Examples,b3271bf2-a14d-44ae-a7a9-0b5d3784c6aa,Dishwasher Mastery: Loading Hacks,400d-dbe2-f01d079d----af6e-af3d005280aa,Rhonda Evans,05/07/2025,17:17:00
Knowby Examples,b3271bf2-a14d-44ae-a7a9-0b5d3784c6aa,Dishwasher Mastery: Loading Hacks,400d-dbe2-f01d079d----af6e-af3d005280aa,Rhonda Evans,05/11/2025,08:58:09
Knowby Examples,b3271bf2-a14d-44ae-a7a9-0b5d3784c6aa,Dishwasher Mastery: Loading Hacks,4405-d6f6-e37511ad----906f-aefa00b1a961,Jeffrey Brown,10/09/2025,10:13:33
Knowby Examples,b3271bf2-a14d-44ae-a7a9-0b5d3784c6aa,Dishwasher Mastery: Loading Hacks,48fc-570a-dbd3e909----bad2-525647cdf75e,Jonathan Lopez,10/03/2024,12:19:12
Knowby Examples,b3271bf2-a14d-44ae-a7a9-0b5d3784c6aa,Dishwasher Mastery: Loading Hacks,48fc-570a-dbd3e909----bad2-525647cdf75e,Jonathan Lopez,10/05/2025,16:00:48
Knowby Examples,b3271bf2-a14d-44ae-a7a9-0b5d3784c6aa,Dishwasher Mastery: Loading Hacks,48fc-570a-dbd3e909----bad2-525647cdf75e,Jonathan Lopez,10/06/2024,14:02:37
Knowby Examples,b3271bf2-a14d-44ae-a7a9-0b5d3784c6aa,Dishwasher Mastery: Loading Hacks,48fc-570a-dbd3e909----bad2-525647cdf75e,Jonathan Lopez,10/11/2025,17:17:20
Knowby Examples,b3271bf2-a14d-44ae-a7a9-0b5d3784c6aa,Dishwasher Mastery: Loading Hacks,44ed-a978-e8d990e2----8b3d-aef900a6bb99,Robert Perez,18/10/2025,08:00:45
Knowby Examples,b3271bf2-a14d-44ae-a7a9-0b5d3784c6aa,Dishwasher Mastery: Loading Hacks,4ed4-864f-db17168a----9128-a3c9ddb6e3ea,Carol Jones,10/02/2025,12:41:44
Knowby Examples,b3271bf2-a14d-44ae-a7a9-0b5d3784c6aa,Dishwasher Mastery: Loading Hacks,4ed4-864f-db17168a----9128-a3c9ddb6e3ea,Carol Jones,10/03/2025,10:28:38
Knowby Examples,b3271bf2-a14d-44ae-a7a9-0b5d3784c6aa,Dishwasher Mastery: Loading Hacks,4ed4-864f-db17168a----9128-a3c9ddb6e3ea,Carol Jones,10/04/2024,10:01:55
Knowby Examples,b3271bf2-a14d-44ae-a7a9-0b5d3784c6aa,Dishwasher Mastery: Loading Hacks,4ed4-864f-db17168a----9128-a3c9ddb6e3ea,Carol Jones,10/11/2025,09:49:59
Knowby Examples,a8f3d315-4e92-423b-bd6b-2c3cc4425e22,Essential Ladder Setup Guide ,4dd1-509e-67e290d9----bb68-afdb00c8af51,Cristian Gonzalez,15/09/2025,10:36:27
Knowby Examples,a8f3d315-4e92-423b-bd6b-2c3cc4425e22,Essential Ladder Setup Guide ,4dd1-509e-67e290d9----bb68-afdb00c8af51,Cristian Gonzalez,15/09/2025,16:55:21
Knowby Examples,a8f3d315-4e92-423b-bd6b-2c3cc4425e22,Essential Ladder Setup Guide ,4dd1-509e-67e290d9----bb68-afdb00c8af51,Cristian Gonzalez,19/09/2025,16:08:11
Knowby Examples,a8f3d315-4e92-423b-bd6b-2c3cc4425e22,Essential Ladder Setup Guide ,4dd1-509e-67e290d9----bb68-afdb00c8af51,Cristian Gonzalez,19/09/2025,09:49:31
Knowby Examples,a8f3d315-4e92-423b-bd6b-2c3cc4425e22,Essential Ladder Setup Guide ,4dd1-509e-67e290d9----bb68-afdb00c8af51,Cristian Gonzalez,19/09/2025,17:17:28
Knowby Examples,a8f3d315-4e92-423b-bd6b-2c3cc4425e22,Essential Ladder Setup Guide ,4dd1-509e-67e290d9----bb68-afdb00c8af51,Cristian Gonzalez,31/10/2024,13:08:25
Knowby Examples,a8f3d315-4e92-423b-bd6b-2c3cc4425e22,Essential Ladder Setup Guide ,4dd1-509e-67e290d9----bb68-afdb00c8af51,Cristian Gonzalez,31/10/2025,14:29:06
Knowby Examples,a8f3d315-4e92-423b-bd6b-2c3cc4425e22,Essential Ladder Setup Guide ,4dd1-509e-67e290d9----bb68-afdb00c8af51,Cristian Gonzalez,31/10/2024,13:04:36
Knowby Examples,a8f3d315-4e92-423b-bd6b-2c3cc4425e22,Essential Ladder Setup Guide ,4dd1-509e-67e290d9----bb68-afdb00c8af51,Cristian Gonzalez,31/10/2025,10:43:52
Knowby Examples,a8f3d315-4e92-423b-bd6b-2c3cc4425e22,Essential Ladder Setup Guide ,4405-d6f6-e37511ad----906f-aefa00b1a961,Jeffrey Brown,27/09/2025,15:20:46
Knowby Examples,a8f3d315-4e92-423b-bd6b-2c3cc4425e22,Essential Ladder Setup Guide ,4405-d6f6-e37511ad----906f-aefa00b1a961,Jeffrey Brown,27/09/2025,12:53:40
Knowby Examples,a8f3d315-4e92-423b-bd6b-2c3cc4425e22,Essential Ladder Setup Guide ,4327-393b-53cbdfde----b9a4-aef900aa92ef,Kenneth Landry,20/09/2025,15:45:34
Knowby Examples,a8f3d315-4e92-423b-bd6b-2c3cc4425e22,Essential Ladder Setup Guide ,4327-393b-53cbdfde----b9a4-aef900aa92ef,Kenneth Landry,11/02/2024,17:24:44
Knowby Examples,a8f3d315-4e92-423b-bd6b-2c3cc4425e22,Essential Ladder Setup Guide ,4327-393b-53cbdfde----b9a4-aef900aa92ef,Kenneth Landry,11/02/2025,11:12:56
Knowby Examples,a8f3d315-4e92-423b-bd6b-2c3cc4425e22,Essential Ladder Setup Guide ,44ed-a978-e8d990e2----8b3d-aef900a6bb99,Robert Perez,15/09/2025,12:03:43
Knowby Examples,a8f3d315-4e92-423b-bd6b-2c3cc4425e22,Essential Ladder Setup Guide ,44ed-a978-e8d990e2----8b3d-aef900a6bb99,Robert Perez,17/10/2025,10:18:55
Knowby Examples,a8f3d315-4e92-423b-bd6b-2c3cc4425e22,Essential Ladder Setup Guide ,44ed-a978-e8d990e2----8b3d-aef900a6bb99,Robert Perez,19/10/2025,10:57:27
Knowby Examples,a8f3d315-4e92-423b-bd6b-2c3cc4425e22,Essential Ladder Setup Guide ,4ed4-864f-db17168a----9128-a3c9ddb6e3ea,Carol Jones,15/09/2025,11:43:29
Knowby Examples,a8f3d315-4e92-423b-bd6b-2c3cc4425e22,Essential Ladder Setup Guide ,4ed4-864f-db17168a----9128-a3c9ddb6e3ea,Carol Jones,15/09/2025,08:10:15
Knowby Examples,a8f3d315-4e92-423b-bd6b-2c3cc4425e22,Essential Ladder Setup Guide ,4ed4-864f-db17168a----9128-a3c9ddb6e3ea,Carol Jones,15/09/2025,15:52:28
Knowby Examples,a8f3d315-4e92-423b-bd6b-2c3cc4425e22,Essential Ladder Setup Guide ,4ed4-864f-db17168a----9128-a3c9ddb6e3ea,Carol Jones,19/09/2025,12:30:56
Knowby Examples,a8f3d315-4e92-423b-bd6b-2c3cc4425e22,Essential Ladder Setup Guide ,4ed4-864f-db17168a----9128-a3c9ddb6e3ea,Carol Jones,19/09/2025,11:00:00
Knowby Examples,a8f3d315-4e92-423b-bd6b-2c3cc4425e22,Essential Ladder Setup Guide ,4ed4-864f-db17168a----9128-a3c9ddb6e3ea,Carol Jones,19/09/2025,14:32:01
Knowby Examples,a8f3d315-4e92-423b-bd6b-2c3cc4425e22,Essential Ladder Setup Guide ,4ed4-864f-db17168a----9128-a3c9ddb6e3ea,Carol Jones,10/11/2025,10:01:12
Knowby Examples,a8f3d315-4e92-423b-bd6b-2c3cc4425e22,Essential Ladder Setup Guide ,4e42-3ecf-a947652f----8d8f-1b0d973d1bbf,Robert Taylor,02/12/2025,08:04:05
Knowby Examples,a8f3d315-4e92-423b-bd6b-2c3cc4425e22,Essential Ladder Setup Guide ,4e42-3ecf-a947652f----8d8f-1b0d973d1bbf,Robert Taylor,17/02/2024,11:33:30
Knowby Examples,a8f3d315-4e92-423b-bd6b-2c3cc4425e22,Essential Ladder Setup Guide ,4e42-3ecf-a947652f----8d8f-1b0d973d1bbf,Robert Taylor,17/02/2025,10:51:02
Knowby Examples,8fcfb4a2-314e-4881-965c-4d9ea6e3d5dc,Hdyxhd,4dd1-509e-67e290d9----bb68-afdb00c8af51,Cristian Gonzalez,23/11/2024,17:23:48
Knowby Examples,8fcfb4a2-314e-4881-965c-4d9ea6e3d5dc,Hdyxhd,44ed-a978-e8d990e2----8b3d-aef900a6bb99,Robert Perez,23/11/2025,11:29:20
Knowby Examples,8fcfb4a2-314e-4881-965c-4d9ea6e3d5dc,Hdyxhd,4ed4-864f-db17168a----9128-a3c9ddb6e3ea,Carol Jones,23/11/2025,13:56:28
Knowby Examples,8fcfb4a2-314e-4881-965c-4d9ea6e3d5dc,Hdyxhd,4ed4-864f-db17168a----9128-a3c9ddb6e3ea,Carol Jones,23/11/2024,14:36:01
Knowby Examples,1eb6a9bf-b327-45bf-9bec-feae13983664,Samsung DeX: Your Ultimate Mobile Workstation,4d2c-583f-adfb71a0----947b-af0c00af8d6b,Adriana Sanders,12/05/2025,16:51:11
Knowby Examples,1eb6a9bf-b327-45bf-9bec-feae13983664,Samsung DeX: Your Ultimate Mobile Workstation,4405-d6f6-e37511ad----906f-aefa00b1a961,Jeffrey Brown,28/11/2025,15:40:47
Knowby Examples,1eb6a9bf-b327-45bf-9bec-feae13983664,Samsung DeX: Your Ultimate Mobile Workstation,44ed-a978-e8d990e2----8b3d-aef900a6bb99,Robert Perez,28/11/2024,09:22:07
Knowby Examples,1eb6a9bf-b327-45bf-9bec-feae13983664,Samsung DeX: Your Ultimate Mobile Workstation,44ed-a978-e8d990e2----8b3d-aef900a6bb99,Robert Perez,30/11/2025,09:39:28
Knowby Examples,1eb6a9bf-b327-45bf-9bec-feae13983664,Samsung DeX: Your Ultimate Mobile Workstation,4ed4-864f-db17168a----9128-a3c9ddb6e3ea,Carol Jones,25/11/2025,08:31:50
Knowby Examples,1eb6a9bf-b327-45bf-9bec-feae13983664,Samsung DeX: Your Ultimate Mobile Workstation,4ed4-864f-db17168a----9128-a3c9ddb6e3ea,Carol Jones,26/11/2025,16:19:59
Knowby Examples,1eb6a9bf-b327-45bf-9bec-feae13983664,Samsung DeX: Your Ultimate Mobile Workstation,4ed4-864f-db17168a----9128-a3c9ddb6e3ea,Carol Jones,26/11/2025,17:54:42
Knowby Examples,1eb6a9bf-b327-45bf-9bec-feae13983664,Samsung DeX: Your Ultimate Mobile Workstation,4ed4-864f-db17168a----9128-a3c9ddb6e3ea,Carol Jones,26/11/2025,08:59:06
Knowby Examples,1eb6a9bf-b327-45bf-9bec-feae13983664,Samsung DeX: Your Ultimate Mobile Workstation,4ed4-864f-db17168a----9128-a3c9ddb6e3ea,Carol Jones,26/11/2025,16:59:23
Knowby Examples,1eb6a9bf-b327-45bf-9bec-feae13983664,Samsung DeX: Your Ultimate Mobile Workstation,4ed4-864f-db17168a----9128-a3c9ddb6e3ea,Carol Jones,27/11/2025,15:32:32
Knowby Examples,1eb6a9bf-b327-45bf-9bec-feae13983664,Samsung DeX: Your Ultimate Mobile Workstation,4ed4-864f-db17168a----9128-a3c9ddb6e3ea,Carol Jones,28/11/2025,17:56:32
Knowby Examples,4097351f-5f0e-4d08-a8ca-51e20eace5bf,Dies ist die Übersetzung,4ed4-864f-db17168a----9128-a3c9ddb6e3ea,Carol Jones,29/11/2025,09:35:12
Knowby Examples,8609e423-7b51-4a0e-a9da-dea68d03de28,LEGO Sorting Tips,4cb2-65da-696d957b----9f0d-54f7230f93ca,Andrew Mueller,19/09/2025,13:48:35
Knowby Examples,8609e423-7b51-4a0e-a9da-dea68d03de28,LEGO Sorting Tips,4cb2-65da-696d957b----9f0d-54f7230f93ca,Andrew Mueller,20/09/2025,16:01:14
Knowby Examples,8609e423-7b51-4a0e-a9da-dea68d03de28,LEGO Sorting Tips,4cb2-65da-696d957b----9f0d-54f7230f93ca,Andrew Mueller,20/09/2024,16:55:58
Knowby Examples,8609e423-7b51-4a0e-a9da-dea68d03de28,LEGO Sorting Tips,48fc-570a-dbd3e909----bad2-525647cdf75e,Jonathan Lopez,12/06/2025,17:23:40
Knowby Examples,8609e423-7b51-4a0e-a9da-dea68d03de28,LEGO Sorting Tips,48fc-570a-dbd3e909----bad2-525647cdf75e,Jonathan Lopez,12/06/2025,13:31:26
Knowby Examples,8609e423-7b51-4a0e-a9da-dea68d03de28,LEGO Sorting Tips,44ed-a978-e8d990e2----8b3d-aef900a6bb99,Robert Perez,21/11/2025,11:06:27
Knowby Examples,8609e423-7b51-4a0e-a9da-dea68d03de28,LEGO Sorting Tips,44ed-a978-e8d990e2----8b3d-aef900a6bb99,Robert Perez,23/11/2025,09:33:04
Knowby Examples,8609e423-7b51-4a0e-a9da-dea68d03de28,LEGO Sorting Tips,4ed4-864f-db17168a----9128-a3c9ddb6e3ea,Carol Jones,25/11/2024,12:40:48
Knowby Examples,8609e423-7b51-4a0e-a9da-dea68d03de28,LEGO Sorting Tips,4ed4-864f-db17168a----9128-a3c9ddb6e3ea,Carol Jones,26/11/2024,14:50:20
Knowby Examples,8609e423-7b51-4a0e-a9da-dea68d03de28,LEGO Sorting Tips,4ed4-864f-db17168a----9128-a3c9ddb6e3ea,Carol Jones,26/11/2025,16:47:25
Knowby Examples,8609e423-7b51-4a0e-a9da-dea68d03de28,LEGO Sorting Tips,4ed4-864f-db17168a----9128-a3c9ddb6e3ea,Carol Jones,27/11/2025,10:44:53
Knowby Examples,8609e423-7b51-4a0e-a9da-dea68d03de28,LEGO Sorting Tips,4ed4-864f-db17168a----9128-a3c9ddb6e3ea,Carol Jones,19/09/2025,11:29:54
Knowby Examples,8609e423-7b51-4a0e-a9da-dea68d03de28,LEGO Sorting Tips,4ed4-864f-db17168a----9128-a3c9ddb6e3ea,Carol Jones,10/07/2025,17:48:39
Knowby Examples,8609e423-7b51-4a0e-a9da-dea68d03de28,LEGO Sorting Tips,4ed4-864f-db17168a----9128-a3c9ddb6e3ea,Carol Jones,10/08/2024,09:21:59
Knowby Examples,8609e423-7b51-4a0e-a9da-dea68d03de28,LEGO Sorting Tips,4d1a-2d52-b574cc8e----b6c0-af3b0075112b,Melanie Wilson,14/12/2025,08:10:58
Knowby Examples,49570add-c7f6-49ac-9cc3-9067959af175,IKEA Poang Chair Assembly Guide,400d-dbe2-f01d079d----af6e-af3d005280aa,Rhonda Evans,05/07/2025,16:31:40
Knowby Examples,49570add-c7f6-49ac-9cc3-9067959af175,IKEA Poang Chair Assembly Guide,4dd1-509e-67e290d9----bb68-afdb00c8af51,Cristian Gonzalez,28/11/2025,10:24:28
Knowby Examples,49570add-c7f6-49ac-9cc3-9067959af175,IKEA Poang Chair Assembly Guide,4405-d6f6-e37511ad----906f-aefa00b1a961,Jeffrey Brown,28/11/2024,17:15:28
Knowby Examples,49570add-c7f6-49ac-9cc3-9067959af175,IKEA Poang Chair Assembly Guide,4405-d6f6-e37511ad----906f-aefa00b1a961,Jeffrey Brown,23/05/2025,16:44:30
Knowby Examples,49570add-c7f6-49ac-9cc3-9067959af175,IKEA Poang Chair Assembly Guide,48fc-570a-dbd3e909----bad2-525647cdf75e,Jonathan Lopez,12/06/2025,08:58:32
Knowby Examples,49570add-c7f6-49ac-9cc3-9067959af175,IKEA Poang Chair Assembly Guide,48fc-570a-dbd3e909----bad2-525647cdf75e,Jonathan Lopez,12/06/2025,14:58:50
Knowby Examples,49570add-c7f6-49ac-9cc3-9067959af175,IKEA Poang Chair Assembly Guide,44ed-a978-e8d990e2----8b3d-aef900a6bb99,Robert Perez,28/11/2025,10:28:07
Knowby Examples,49570add-c7f6-49ac-9cc3-9067959af175,IKEA Poang Chair Assembly Guide,44ed-a978-e8d990e2----8b3d-aef900a6bb99,Robert Perez,13/12/2025,14:03:19
Knowby Examples,49570add-c7f6-49ac-9cc3-9067959af175,IKEA Poang Chair Assembly Guide,4ed4-864f-db17168a----9128-a3c9ddb6e3ea,Carol Jones,26/11/2024,14:09:15
Knowby Examples,49570add-c7f6-49ac-9cc3-9067959af175,IKEA Poang Chair Assembly Guide,4ed4-864f-db17168a----9128-a3c9ddb6e3ea,Carol Jones,26/11/2025,15:23:02
Knowby Examples,49570add-c7f6-49ac-9cc3-9067959af175,IKEA Poang Chair Assembly Guide,4ed4-864f-db17168a----9128-a3c9ddb6e3ea,Carol Jones,27/11/2024,09:52:35
Knowby Examples,49570add-c7f6-49ac-9cc3-9067959af175,IKEA Poang Chair Assembly Guide,4ed4-864f-db17168a----9128-a3c9ddb6e3ea,Carol Jones,08/12/2025,08:13:59
Knowby Examples,49570add-c7f6-49ac-9cc3-9067959af175,IKEA Poang Chair Assembly Guide,4ed4-864f-db17168a----9128-a3c9ddb6e3ea,Carol Jones,10/08/2025,10:34:40
Knowby Examples,525c36a9-e642-47e4-b4d3-d167a3142a97,Samsung Galaxy Z Fold 5: Elevate Your Productivity,4405-d6f6-e37511ad----906f-aefa00b1a961,Jeffrey Brown,28/11/2025,08:42:18
Knowby Examples,525c36a9-e642-47e4-b4d3-d167a3142a97,Samsung Galaxy Z Fold 5: Elevate Your Productivity,44ed-a978-e8d990e2----8b3d-aef900a6bb99,Robert Perez,28/11/2025,08:43:32
Knowby Examples,525c36a9-e642-47e4-b4d3-d167a3142a97,Samsung Galaxy Z Fold 5: Elevate Your Productivity,44ed-a978-e8d990e2----8b3d-aef900a6bb99,Robert Perez,28/11/2025,13:01:27
Knowby Examples,525c36a9-e642-47e4-b4d3-d167a3142a97,Samsung Galaxy Z Fold 5: Elevate Your Productivity,44ed-a978-e8d990e2----8b3d-aef900a6bb99,Robert Perez,28/11/2025,16:34:06
Knowby Examples,525c36a9-e642-47e4-b4d3-d167a3142a97,Samsung Galaxy Z Fold 5: Elevate Your Productivity,44ed-a978-e8d990e2----8b3d-aef900a6bb99,Robert Perez,30/11/2025,17:26:56
Knowby Examples,525c36a9-e642-47e4-b4d3-d167a3142a97,Samsung Galaxy Z Fold 5: Elevate Your Productivity,44ed-a978-e8d990e2----8b3d-aef900a6bb99,Robert Perez,12/08/2025,11:45:10
Knowby Examples,525c36a9-e642-47e4-b4d3-d167a3142a97,Samsung Galaxy Z Fold 5: Elevate Your Productivity,44ed-a978-e8d990e2----8b3d-aef900a6bb99,Robert Perez,12/08/2025,14:52:17
Knowby Examples,525c36a9-e642-47e4-b4d3-d167a3142a97,Samsung Galaxy Z Fold 5: Elevate Your Productivity,44ed-a978-e8d990e2----8b3d-aef900a6bb99,Robert Perez,14/07/2025,08:37:48
Knowby Examples,525c36a9-e642-47e4-b4d3-d167a3142a97,Samsung Galaxy Z Fold 5: Elevate Your Productivity,4ed4-864f-db17168a----9128-a3c9ddb6e3ea,Carol Jones,26/11/2025,17:19:55
Knowby Examples,525c36a9-e642-47e4-b4d3-d167a3142a97,Samsung Galaxy Z Fold 5: Elevate Your Productivity,4ed4-864f-db17168a----9128-a3c9ddb6e3ea,Carol Jones,26/11/2024,10:14:29
Knowby Examples,525c36a9-e642-47e4-b4d3-d167a3142a97,Samsung Galaxy Z Fold 5: Elevate Your Productivity,4ed4-864f-db17168a----9128-a3c9ddb6e3ea,Carol Jones,27/11/2024,13:12:25
Knowby Examples,e69c648a-515c-4bdc-a82f-c7a67d2540d8,How to Spray Paint a Fence,4405-d6f6-e37511ad----906f-aefa00b1a961,Jeffrey Brown,22/11/2025,08:05:52
Knowby Examples,e69c648a-515c-4bdc-a82f-c7a67d2540d8,How to Spray Paint a Fence,4405-d6f6-e37511ad----906f-aefa00b1a961,Jeffrey Brown,28/11/2025,10:37:55
Knowby Examples,e69c648a-515c-4bdc-a82f-c7a67d2540d8,How to Spray Paint a Fence,44ed-a978-e8d990e2----8b3d-aef900a6bb99,Robert Perez,21/11/2025,16:17:55
Knowby Examples,e69c648a-515c-4bdc-a82f-c7a67d2540d8,How to Spray Paint a Fence,44ed-a978-e8d990e2----8b3d-aef900a6bb99,Robert Perez,29/11/2024,11:44:33
Knowby Examples,e69c648a-515c-4bdc-a82f-c7a67d2540d8,How to Spray Paint a Fence,44ed-a978-e8d990e2----8b3d-aef900a6bb99,Robert Perez,31/07/2025,15:33:04
Knowby Examples,e69c648a-515c-4bdc-a82f-c7a67d2540d8,How to Spray Paint a Fence,4ed4-864f-db17168a----9128-a3c9ddb6e3ea,Carol Jones,21/11/2024,14:19:55
Knowby Examples,e69c648a-515c-4bdc-a82f-c7a67d2540d8,How to Spray Paint a Fence,4d1a-2d52-b574cc8e----b6c0-af3b0075112b,Melanie Wilson,30/11/2025,11:33:16
Knowby Examples,abd82d46-6a2a-43ce-adac-f23d3fdbef20,How to install outdoor roller blinds ,4dd1-509e-67e290d9----bb68-afdb00c8af51,Cristian Gonzalez,23/11/2025,17:57:35
Knowby Examples,abd82d46-6a2a-43ce-adac-f23d3fdbef20,How to install outdoor roller blinds ,4405-d6f6-e37511ad----906f-aefa00b1a961,Jeffrey Brown,22/11/2025,15:50:35
Knowby Examples,abd82d46-6a2a-43ce-adac-f23d3fdbef20,How to install outdoor roller blinds ,44ed-a978-e8d990e2----8b3d-aef900a6bb99,Robert Perez,21/11/2025,14:49:47
Knowby Examples,abd82d46-6a2a-43ce-adac-f23d3fdbef20,How to install outdoor roller blinds ,44ed-a978-e8d990e2----8b3d-aef900a6bb99,Robert Perez,22/11/2025,17:51:43
Knowby Examples,abd82d46-6a2a-43ce-adac-f23d3fdbef20,How to install outdoor roller blinds ,44ed-a978-e8d990e2----8b3d-aef900a6bb99,Robert Perez,22/11/2025,12:32:15
Knowby Examples,abd82d46-6a2a-43ce-adac-f23d3fdbef20,How to install outdoor roller blinds ,44ed-a978-e8d990e2----8b3d-aef900a6bb99,Robert Perez,23/11/2025,08:47:36
Knowby Examples,abd82d46-6a2a-43ce-adac-f23d3fdbef20,How to install outdoor roller blinds ,44ed-a978-e8d990e2----8b3d-aef900a6bb99,Robert Perez,23/11/2024,11:38:25
Knowby Examples,abd82d46-6a2a-43ce-adac-f23d3fdbef20,How to install outdoor roller blinds ,4ed4-864f-db17168a----9128-a3c9ddb6e3ea,Carol Jones,21/11/2025,09:12:17
Knowby Examples,abd82d46-6a2a-43ce-adac-f23d3fdbef20,How to install outdoor roller blinds ,4ed4-864f-db17168a----9128-a3c9ddb6e3ea,Carol Jones,21/11/2025,12:10:15
Knowby Examples,abd82d46-6a2a-43ce-adac-f23d3fdbef20,How to install outdoor roller blinds ,4ed4-864f-db17168a----9128-a3c9ddb6e3ea,Carol Jones,22/11/2025,09:07:35
Knowby Examples,abd82d46-6a2a-43ce-adac-f23d3fdbef20,How to install outdoor roller blinds ,4ed4-864f-db17168a----9128-a3c9ddb6e3ea,Carol Jones,22/11/2024,16:41:25
Knowby Examples,abd82d46-6a2a-43ce-adac-f23d3fdbef20,How to install outdoor roller blinds ,4ed4-864f-db17168a----9128-a3c9ddb6e3ea,Carol Jones,23/11/2025,10:23:24
Knowby Examples,abd82d46-6a2a-43ce-adac-f23d3fdbef20,How to install outdoor roller blinds ,4ed4-864f-db17168a----9128-a3c9ddb6e3ea,Carol Jones,06/11/2025,11:27:50
Knowby Examples,abd82d46-6a2a-43ce-adac-f23d3fdbef20,How to install outdoor roller blinds ,4ed4-864f-db17168a----9128-a3c9ddb6e3ea,Carol Jones,31/10/2024,17:37:28
Knowby Examples,80455c93-12a9-4683-989d-c55d16e0ee1c,How To Build a Mud Room ,4405-d6f6-e37511ad----906f-aefa00b1a961,Jeffrey Brown,22/11/2025,15:29:24
Knowby Examples,80455c93-12a9-4683-989d-c55d16e0ee1c,How To Build a Mud Room ,44ed-a978-e8d990e2----8b3d-aef900a6bb99,Robert Perez,21/11/2025,09:41:33
Knowby Examples,80455c93-12a9-4683-989d-c55d16e0ee1c,How To Build a Mud Room ,44ed-a978-e8d990e2----8b3d-aef900a6bb99,Robert Perez,29/11/2025,15:02:28
Knowby Examples,80455c93-12a9-4683-989d-c55d16e0ee1c,How To Build a Mud Room ,44ed-a978-e8d990e2----8b3d-aef900a6bb99,Robert Perez,13/12/2024,09:06:33
Knowby Examples,80455c93-12a9-4683-989d-c55d16e0ee1c,How To Build a Mud Room ,44ed-a978-e8d990e2----8b3d-aef900a6bb99,Robert Perez,14/12/2025,14:53:01
Knowby Examples,80455c93-12a9-4683-989d-c55d16e0ee1c,How To Build a Mud Room ,44ed-a978-e8d990e2----8b3d-aef900a6bb99,Robert Perez,16/09/2025,14:59:00
Knowby Examples,80455c93-12a9-4683-989d-c55d16e0ee1c,How To Build a Mud Room ,4ed4-864f-db17168a----9128-a3c9ddb6e3ea,Carol Jones,16/02/2025,08:08:56
Knowby Examples,80455c93-12a9-4683-989d-c55d16e0ee1c,How To Build a Mud Room ,4d1a-2d52-b574cc8e----b6c0-af3b0075112b,Melanie Wilson,30/11/2025,15:57:44
Knowby Examples,80455c93-12a9-4683-989d-c55d16e0ee1c,How To Build a Mud Room ,4d1a-2d52-b574cc8e----b6c0-af3b0075112b,Melanie Wilson,14/12/2025,17:58:56
Knowby Examples,539ae4fa-74ad-4fe0-8bc0-7e7bda2b3721,Що має бути в тривожній валізці: список найважливіших речей,4ed4-864f-db17168a----9128-a3c9ddb6e3ea,Carol Jones,25/11/2025,11:07:07
Knowby Examples,7994aa21-8463-4102-b5c1-4bd1dce7295d,"Що робити, якщо потрапили під завал?",4ed4-864f-db17168a----9128-a3c9ddb6e3ea,Carol Jones,07/12/2025,15:47:22
Knowby Examples,7994aa21-8463-4102-b5c1-4bd1dce7295d,"Що робити, якщо потрапили під завал?",4ed4-864f-db17168a----9128-a3c9ddb6e3ea,Carol Jones,16/02/2025,14:42:18
Knowby Examples,1f2ebb1a-dc7e-4698-ab64-33441134c276,"Як діяти, якщо ви виявили підозрілий предмет",4d2c-583f-adfb71a0----947b-af0c00af8d6b,Adriana Sanders,23/06/2025,16:06:12
Knowby Examples,55a597d7-c9f0-4b9c-a4a8-d0745542b277,Правила поведінки населення під час війни,4dd1-509e-67e290d9----bb68-afdb00c8af51,Cristian Gonzalez,21/12/2025,08:09:35
Knowby Examples,a6138fbf-ff40-49b7-b237-d00a09380d82,Washing machine ,4dd1-509e-67e290d9----bb68-afdb00c8af51,Cristian Gonzalez,14/11/2025,11:25:57
Knowby Examples,a6138fbf-ff40-49b7-b237-d00a09380d82,Washing machine ,4d2c-583f-adfb71a0----947b-af0c00af8d6b,Adriana Sanders,19/11/2025,13:28:20
Knowby Examples,a6138fbf-ff40-49b7-b237-d00a09380d82,Washing machine ,4327-393b-53cbdfde----b9a4-aef900aa92ef,Kenneth Landry,14/11/2025,10:32:19
Knowby Examples,a6138fbf-ff40-49b7-b237-d00a09380d82,Washing machine ,44ed-a978-e8d990e2----8b3d-aef900a6bb99,Robert Perez,26/08/2025,11:30:55
Knowby Examples,a6138fbf-ff40-49b7-b237-d00a09380d82,Washing machine ,44ed-a978-e8d990e2----8b3d-aef900a6bb99,Robert Perez,31/08/2025,12:13:23
Knowby Examples,a6138fbf-ff40-49b7-b237-d00a09380d82,Washing machine ,44ed-a978-e8d990e2----8b3d-aef900a6bb99,Robert Perez,14/12/2025,15:34:30
Knowby Examples,987590ef-c598-4927-bf96-f4196d9c49ad,RV Hookup Handbook,4d2c-583f-adfb71a0----947b-af0c00af8d6b,Adriana Sanders,19/11/2025,13:00:43
Knowby Examples,987590ef-c598-4927-bf96-f4196d9c49ad,RV Hookup Handbook,44ed-a978-e8d990e2----8b3d-aef900a6bb99,Robert Perez,11/09/2025,13:20:21
Knowby Examples,987590ef-c598-4927-bf96-f4196d9c49ad,RV Hookup Handbook,44ed-a978-e8d990e2----8b3d-aef900a6bb99,Robert Perez,11/10/2025,12:10:05
Knowby Examples,987590ef-c598-4927-bf96-f4196d9c49ad,RV Hookup Handbook,44ed-a978-e8d990e2----8b3d-aef900a6bb99,Robert Perez,05/02/2025,11:25:25
Knowby Examples,987590ef-c598-4927-bf96-f4196d9c49ad,RV Hookup Handbook,44ed-a978-e8d990e2----8b3d-aef900a6bb99,Robert Perez,05/02/2025,15:05:35
Knowby Examples,987590ef-c598-4927-bf96-f4196d9c49ad,RV Hookup Handbook,4ed4-864f-db17168a----9128-a3c9ddb6e3ea,Carol Jones,11/08/2025,16:31:58
Knowby Examples,987590ef-c598-4927-bf96-f4196d9c49ad,RV Hookup Handbook,4ed4-864f-db17168a----9128-a3c9ddb6e3ea,Carol Jones,11/08/2025,12:13:26
Knowby Examples,987590ef-c598-4927-bf96-f4196d9c49ad,RV Hookup Handbook,4ed4-864f-db17168a----9128-a3c9ddb6e3ea,Carol Jones,11/09/2025,17:25:36
Knowby Examples,987590ef-c598-4927-bf96-f4196d9c49ad,RV Hookup Handbook,4ed4-864f-db17168a----9128-a3c9ddb6e3ea,Carol Jones,11/09/2025,11:35:29
Knowby Examples,987590ef-c598-4927-bf96-f4196d9c49ad,RV Hookup Handbook,4ed4-864f-db17168a----9128-a3c9ddb6e3ea,Carol Jones,11/09/2025,09:15:31
Knowby Examples,987590ef-c598-4927-bf96-f4196d9c49ad,RV Hookup Handbook,4ed4-864f-db17168a----9128-a3c9ddb6e3ea,Carol Jones,11/09/2025,16:00:06
Knowby Examples,987590ef-c598-4927-bf96-f4196d9c49ad,RV Hookup Handbook,4ed4-864f-db17168a----9128-a3c9ddb6e3ea,Carol Jones,07/06/2025,13:34:59
Knowby Examples,987590ef-c598-4927-bf96-f4196d9c49ad,RV Hookup Handbook,4ed4-864f-db17168a----9128-a3c9ddb6e3ea,Carol Jones,07/06/2024,10:11:17
Knowby Examples,987590ef-c598-4927-bf96-f4196d9c49ad,RV Hookup Handbook,4ed4-864f-db17168a----9128-a3c9ddb6e3ea,Carol Jones,13/07/2025,16:03:14
Knowby Examples,987590ef-c598-4927-bf96-f4196d9c49ad,RV Hookup Handbook,4ed4-864f-db17168a----9128-a3c9ddb6e3ea,Carol Jones,08/12/2025,09:23:21
Knowby Examples,987590ef-c598-4927-bf96-f4196d9c49ad,RV Hookup Handbook,4ed4-864f-db17168a----9128-a3c9ddb6e3ea,Carol Jones,30/09/2025,16:13:45
Knowby Examples,987590ef-c598-4927-bf96-f4196d9c49ad,RV Hookup Handbook,4ce8-8c89-f1a68cdd----9925-4c51c1d10ac1,Lisa Smith,07/06/2025,14:08:46
Knowby Examples,19920747-70dc-4084-92a2-ba47177c0ba2,Advanced Zoom Tips and Features ,4dd1-509e-67e290d9----bb68-afdb00c8af51,Cristian Gonzalez,05/10/2025,10:24:28
Knowby Examples,19920747-70dc-4084-92a2-ba47177c0ba2,Advanced Zoom Tips and Features ,4d2c-583f-adfb71a0----947b-af0c00af8d6b,Adriana Sanders,17/05/2025,11:51:42
Knowby Examples,19920747-70dc-4084-92a2-ba47177c0ba2,Advanced Zoom Tips and Features ,4ed4-864f-db17168a----9128-a3c9ddb6e3ea,Carol Jones,16/02/2025,15:36:07
Knowby Examples,19920747-70dc-4084-92a2-ba47177c0ba2,Advanced Zoom Tips and Features ,4ed4-864f-db17168a----9128-a3c9ddb6e3ea,Carol Jones,16/02/2025,17:44:29
Knowby Examples,19920747-70dc-4084-92a2-ba47177c0ba2,Advanced Zoom Tips and Features ,409d-3bdc-4417dd91----8aea-d6ea712d295b,Lisa Reeves,04/11/2025,15:50:49
Knowby Examples,763aafbe-6e14-47cb-94c4-e03069d9d55b,Surf Lifeguard Skills - Releases,4dd1-509e-67e290d9----bb68-afdb00c8af51,Cristian Gonzalez,17/05/2024,09:24:36
Knowby Examples,763aafbe-6e14-47cb-94c4-e03069d9d55b,Surf Lifeguard Skills - Releases,4dd1-509e-67e290d9----bb68-afdb00c8af51,Cristian Gonzalez,28/05/2025,16:15:41
Knowby Examples,763aafbe-6e14-47cb-94c4-e03069d9d55b,Surf Lifeguard Skills - Releases,4dd1-509e-67e290d9----bb68-afdb00c8af51,Cristian Gonzalez,28/05/2024,16:21:45
Knowby Examples,763aafbe-6e14-47cb-94c4-e03069d9d55b,Surf Lifeguard Skills - Releases,4d2c-583f-adfb71a0----947b-af0c00af8d6b,Adriana Sanders,17/05/2025,10:08:18
Knowby Examples,763aafbe-6e14-47cb-94c4-e03069d9d55b,Surf Lifeguard Skills - Releases,44ed-a978-e8d990e2----8b3d-aef900a6bb99,Robert Perez,17/07/2025,16:29:19
Knowby Examples,763aafbe-6e14-47cb-94c4-e03069d9d55b,Surf Lifeguard Skills - Releases,4ed4-864f-db17168a----9128-a3c9ddb6e3ea,Carol Jones,16/05/2025,13:49:39
Knowby Examples,763aafbe-6e14-47cb-94c4-e03069d9d55b,Surf Lifeguard Skills - Releases,4ed4-864f-db17168a----9128-a3c9ddb6e3ea,Carol Jones,17/05/2025,13:18:23
Knowby Examples,763aafbe-6e14-47cb-94c4-e03069d9d55b,Surf Lifeguard Skills - Releases,4ed4-864f-db17168a----9128-a3c9ddb6e3ea,Carol Jones,17/05/2025,14:19:58
Knowby Examples,763aafbe-6e14-47cb-94c4-e03069d9d55b,Surf Lifeguard Skills - Releases,4ed4-864f-db17168a----9128-a3c9ddb6e3ea,Carol Jones,17/05/2025,09:06:35
Knowby Examples,763aafbe-6e14-47cb-94c4-e03069d9d55b,Surf Lifeguard Skills - Releases,4ed4-864f-db17168a----9128-a3c9ddb6e3ea,Carol Jones,17/05/2025,10:02:49
Knowby Examples,763aafbe-6e14-47cb-94c4-e03069d9d55b,Surf Lifeguard Skills - Releases,4ed4-864f-db17168a----9128-a3c9ddb6e3ea,Carol Jones,17/05/2025,17:03:06
Knowby Examples,763aafbe-6e14-47cb-94c4-e03069d9d55b,Surf Lifeguard Skills - Releases,40cf-6eb7-521cd9aa----b44e-b3bc2ae815ea,Robert Rodriguez,17/05/2025,16:52:47
Knowby Examples,763aafbe-6e14-47cb-94c4-e03069d9d55b,Surf Lifeguard Skills - Releases,4a03-290e-7ab16f5f----99f5-ecabe6f9e6bf,Jacqueline Reed,19/05/2025,17:16:23
Knowby Examples,763aafbe-6e14-47cb-94c4-e03069d9d55b,Surf Lifeguard Skills - Releases,46c1-3356-6e368907----9cbd-7fef344c8555,Lindsey Ross,13/08/2025,17:45:03
Knowby Examples,b722327c-a646-40eb-be54-7005c235ca33,Surf Lifeguard Skills - Tows,4cb2-65da-696d957b----9f0d-54f7230f93ca,Andrew Mueller,16/09/2025,15:36:23
Knowby Examples,b722327c-a646-40eb-be54-7005c235ca33,Surf Lifeguard Skills - Tows,4ea3-2234-ee1de7e0----99b4-aefa00ae2eab,William Wilkinson,21/05/2025,16:02:29
Knowby Examples,b722327c-a646-40eb-be54-7005c235ca33,Surf Lifeguard Skills - Tows,44ed-a978-e8d990e2----8b3d-aef900a6bb99,Robert Perez,17/07/2025,14:31:45
Knowby Examples,b722327c-a646-40eb-be54-7005c235ca33,Surf Lifeguard Skills - Tows,4ed4-864f-db17168a----9128-a3c9ddb6e3ea,Carol Jones,17/05/2025,11:31:23
Knowby Examples,b722327c-a646-40eb-be54-7005c235ca33,Surf Lifeguard Skills - Tows,4ed4-864f-db17168a----9128-a3c9ddb6e3ea,Carol Jones,17/05/2025,17:32:40
Knowby Examples,b722327c-a646-40eb-be54-7005c235ca33,Surf Lifeguard Skills - Tows,4ed1-affe-79057836----9ea2-adc551671be2,John Terrell,06/03/2025,15:34:29
Knowby Examples,b722327c-a646-40eb-be54-7005c235ca33,Surf Lifeguard Skills - Tows,4a03-290e-7ab16f5f----99f5-ecabe6f9e6bf,Jacqueline Reed,19/05/2025,11:11:27
Knowby Examples,b722327c-a646-40eb-be54-7005c235ca33,Surf Lifeguard Skills - Tows,4a03-290e-7ab16f5f----99f5-ecabe6f9e6bf,Jacqueline Reed,19/05/2025,09:27:51
Knowby Examples,b04696de-e91a-4a5e-8aab-05b45706b9ff,Surf Lifeguard Skills - Tube Rescue,4cb2-65da-696d957b----9f0d-54f7230f93ca,Andrew Mueller,16/09/2025,14:52:59
Knowby Examples,b04696de-e91a-4a5e-8aab-05b45706b9ff,Surf Lifeguard Skills - Tube Rescue,4dd1-509e-67e290d9----bb68-afdb00c8af51,Cristian Gonzalez,28/05/2025,10:27:58
Knowby Examples,b04696de-e91a-4a5e-8aab-05b45706b9ff,Surf Lifeguard Skills - Tube Rescue,44ed-a978-e8d990e2----8b3d-aef900a6bb99,Robert Perez,17/07/2025,11:23:09
Knowby Examples,b04696de-e91a-4a5e-8aab-05b45706b9ff,Surf Lifeguard Skills - Tube Rescue,44ed-a978-e8d990e2----8b3d-aef900a6bb99,Robert Perez,08/01/2024,10:02:15
Knowby Examples,b04696de-e91a-4a5e-8aab-05b45706b9ff,Surf Lifeguard Skills - Tube Rescue,44ed-a978-e8d990e2----8b3d-aef900a6bb99,Robert Perez,09/03/2025,13:01:34
Knowby Examples,b04696de-e91a-4a5e-8aab-05b45706b9ff,Surf Lifeguard Skills - Tube Rescue,4ed4-864f-db17168a----9128-a3c9ddb6e3ea,Carol Jones,17/05/2025,08:04:57
Knowby Examples,b04696de-e91a-4a5e-8aab-05b45706b9ff,Surf Lifeguard Skills - Tube Rescue,4ed4-864f-db17168a----9128-a3c9ddb6e3ea,Carol Jones,17/05/2025,13:34:35
Knowby Examples,b04696de-e91a-4a5e-8aab-05b45706b9ff,Surf Lifeguard Skills - Tube Rescue,4ed4-864f-db17168a----9128-a3c9ddb6e3ea,Carol Jones,06/04/2025,16:52:40
Knowby Examples,b04696de-e91a-4a5e-8aab-05b45706b9ff,Surf Lifeguard Skills - Tube Rescue,4ed4-864f-db17168a----9128-a3c9ddb6e3ea,Carol Jones,23/10/2025,08:59:03
Knowby Examples,b04696de-e91a-4a5e-8aab-05b45706b9ff,Surf Lifeguard Skills - Tube Rescue,4f16-eda6-7db766e9----bc66-af8100c46bb3,Jared Foster,21/05/2025,14:15:24
Knowby Examples,b04696de-e91a-4a5e-8aab-05b45706b9ff,Surf Lifeguard Skills - Tube Rescue,4a03-290e-7ab16f5f----99f5-ecabe6f9e6bf,Jacqueline Reed,19/05/2025,12:44:39
Knowby Examples,88c7aa22-0b8a-4b01-960b-06c10bad2ee0,Pool Car Safety and Maintenance Guide,4dd1-509e-67e290d9----bb68-afdb00c8af51,Cristian Gonzalez,22/05/2024,14:04:55
Knowby Examples,88c7aa22-0b8a-4b01-960b-06c10bad2ee0,Pool Car Safety and Maintenance Guide,4ea3-2234-ee1de7e0----99b4-aefa00ae2eab,William Wilkinson,22/05/2024,13:27:28
Knowby Examples,88c7aa22-0b8a-4b01-960b-06c10bad2ee0,Pool Car Safety and Maintenance Guide,4327-393b-53cbdfde----b9a4-aef900aa92ef,Kenneth Landry,22/05/2025,11:10:46
Knowby Examples,88c7aa22-0b8a-4b01-960b-06c10bad2ee0,Pool Car Safety and Maintenance Guide,44ed-a978-e8d990e2----8b3d-aef900a6bb99,Robert Perez,21/05/2024,09:35:47
Knowby Examples,88c7aa22-0b8a-4b01-960b-06c10bad2ee0,Pool Car Safety and Maintenance Guide,44ed-a978-e8d990e2----8b3d-aef900a6bb99,Robert Perez,24/05/2025,08:08:11
Knowby Examples,88c7aa22-0b8a-4b01-960b-06c10bad2ee0,Pool Car Safety and Maintenance Guide,44ed-a978-e8d990e2----8b3d-aef900a6bb99,Robert Perez,08/07/2025,11:09:56
Knowby Examples,88c7aa22-0b8a-4b01-960b-06c10bad2ee0,Pool Car Safety and Maintenance Guide,4ed4-864f-db17168a----9128-a3c9ddb6e3ea,Carol Jones,21/05/2025,17:10:13
Knowby Examples,88c7aa22-0b8a-4b01-960b-06c10bad2ee0,Pool Car Safety and Maintenance Guide,4ed4-864f-db17168a----9128-a3c9ddb6e3ea,Carol Jones,21/05/2024,11:25:39
Knowby Examples,88c7aa22-0b8a-4b01-960b-06c10bad2ee0,Pool Car Safety and Maintenance Guide,4ed4-864f-db17168a----9128-a3c9ddb6e3ea,Carol Jones,22/05/2024,12:32:50
Knowby Examples,88c7aa22-0b8a-4b01-960b-06c10bad2ee0,Pool Car Safety and Maintenance Guide,4ed4-864f-db17168a----9128-a3c9ddb6e3ea,Carol Jones,21/06/2025,14:32:39
Knowby Examples,88c7aa22-0b8a-4b01-960b-06c10bad2ee0,Pool Car Safety and Maintenance Guide,4ed4-864f-db17168a----9128-a3c9ddb6e3ea,Carol Jones,21/06/2025,16:16:29
Knowby Examples,88c7aa22-0b8a-4b01-960b-06c10bad2ee0,Pool Car Safety and Maintenance Guide,4ed1-affe-79057836----9ea2-adc551671be2,John Terrell,21/05/2024,08:06:46
Knowby Examples,88c7aa22-0b8a-4b01-960b-06c10bad2ee0,Pool Car Safety and Maintenance Guide,4f16-eda6-7db766e9----bc66-af8100c46bb3,Jared Foster,21/05/2025,08:59:16
Knowby Examples,88c7aa22-0b8a-4b01-960b-06c10bad2ee0,Pool Car Safety and Maintenance Guide,4f16-eda6-7db766e9----bc66-af8100c46bb3,Jared Foster,22/05/2025,13:41:05
Knowby Examples,31abdc8e-4693-400d-9004-9f4152f3012c,Tainui Car Pool Safety Check,4ea3-2234-ee1de7e0----99b4-aefa00ae2eab,William Wilkinson,21/05/2025,14:37:53
Knowby Examples,31abdc8e-4693-400d-9004-9f4152f3012c,Tainui Car Pool Safety Check,4ea3-2234-ee1de7e0----99b4-aefa00ae2eab,William Wilkinson,21/05/2025,13:28:34
Knowby Examples,31abdc8e-4693-400d-9004-9f4152f3012c,Tainui Car Pool Safety Check,4327-393b-53cbdfde----b9a4-aef900aa92ef,Kenneth Landry,22/05/2025,16:10:25
Knowby Examples,31abdc8e-4693-400d-9004-9f4152f3012c,Tainui Car Pool Safety Check,44ed-a978-e8d990e2----8b3d-aef900a6bb99,Robert Perez,21/05/2024,13:12:28
Knowby Examples,31abdc8e-4693-400d-9004-9f4152f3012c,Tainui Car Pool Safety Check,44ed-a978-e8d990e2----8b3d-aef900a6bb99,Robert Perez,22/05/2025,14:05:25
Knowby Examples,31abdc8e-4693-400d-9004-9f4152f3012c,Tainui Car Pool Safety Check,44ed-a978-e8d990e2----8b3d-aef900a6bb99,Robert Perez,24/05/2025,15:20:24
Knowby Examples,31abdc8e-4693-400d-9004-9f4152f3012c,Tainui Car Pool Safety Check,44ed-a978-e8d990e2----8b3d-aef900a6bb99,Robert Perez,26/05/2024,14:43:33
Knowby Examples,31abdc8e-4693-400d-9004-9f4152f3012c,Tainui Car Pool Safety Check,44ed-a978-e8d990e2----8b3d-aef900a6bb99,Robert Perez,29/05/2025,17:05:13
Knowby Examples,31abdc8e-4693-400d-9004-9f4152f3012c,Tainui Car Pool Safety Check,44ed-a978-e8d990e2----8b3d-aef900a6bb99,Robert Perez,29/05/2025,12:49:59
Knowby Examples,31abdc8e-4693-400d-9004-9f4152f3012c,Tainui Car Pool Safety Check,44ed-a978-e8d990e2----8b3d-aef900a6bb99,Robert Perez,30/05/2025,10:08:14
Knowby Examples,31abdc8e-4693-400d-9004-9f4152f3012c,Tainui Car Pool Safety Check,44ed-a978-e8d990e2----8b3d-aef900a6bb99,Robert Perez,31/05/2025,15:51:10
Knowby Examples,31abdc8e-4693-400d-9004-9f4152f3012c,Tainui Car Pool Safety Check,44ed-a978-e8d990e2----8b3d-aef900a6bb99,Robert Perez,31/07/2025,14:36:59
Knowby Examples,31abdc8e-4693-400d-9004-9f4152f3012c,Tainui Car Pool Safety Check,4ed4-864f-db17168a----9128-a3c9ddb6e3ea,Carol Jones,21/05/2025,17:27:32
Knowby Examples,31abdc8e-4693-400d-9004-9f4152f3012c,Tainui Car Pool Safety Check,4ed4-864f-db17168a----9128-a3c9ddb6e3ea,Carol Jones,21/05/2025,13:27:51
Knowby Examples,31abdc8e-4693-400d-9004-9f4152f3012c,Tainui Car Pool Safety Check,4ed4-864f-db17168a----9128-a3c9ddb6e3ea,Carol Jones,21/05/2025,14:05:23
Knowby Examples,31abdc8e-4693-400d-9004-9f4152f3012c,Tainui Car Pool Safety Check,4ed4-864f-db17168a----9128-a3c9ddb6e3ea,Carol Jones,21/05/2025,15:21:41
Knowby Examples,31abdc8e-4693-400d-9004-9f4152f3012c,Tainui Car Pool Safety Check,4ed4-864f-db17168a----9128-a3c9ddb6e3ea,Carol Jones,21/05/2025,16:43:04
Knowby Examples,31abdc8e-4693-400d-9004-9f4152f3012c,Tainui Car Pool Safety Check,4ed4-864f-db17168a----9128-a3c9ddb6e3ea,Carol Jones,21/05/2025,13:02:05
Knowby Examples,31abdc8e-4693-400d-9004-9f4152f3012c,Tainui Car Pool Safety Check,4ed4-864f-db17168a----9128-a3c9ddb6e3ea,Carol Jones,22/05/2025,17:23:11
Knowby Examples,31abdc8e-4693-400d-9004-9f4152f3012c,Tainui Car Pool Safety Check,4ed4-864f-db17168a----9128-a3c9ddb6e3ea,Carol Jones,21/06/2025,08:50:06
Knowby Examples,31abdc8e-4693-400d-9004-9f4152f3012c,Tainui Car Pool Safety Check,4ed4-864f-db17168a----9128-a3c9ddb6e3ea,Carol Jones,23/10/2025,16:51:37
Knowby Examples,31abdc8e-4693-400d-9004-9f4152f3012c,Tainui Car Pool Safety Check,4ed1-affe-79057836----9ea2-adc551671be2,John Terrell,21/05/2024,13:19:12
Knowby Examples,31abdc8e-4693-400d-9004-9f4152f3012c,Tainui Car Pool Safety Check,4ed1-affe-79057836----9ea2-adc551671be2,John Terrell,06/03/2024,17:10:11
Knowby Examples,31abdc8e-4693-400d-9004-9f4152f3012c,Tainui Car Pool Safety Check,4f16-eda6-7db766e9----bc66-af8100c46bb3,Jared Foster,21/05/2025,17:52:17
Knowby Examples,31abdc8e-4693-400d-9004-9f4152f3012c,Tainui Car Pool Safety Check,4f16-eda6-7db766e9----bc66-af8100c46bb3,Jared Foster,21/05/2024,16:11:24
Knowby Examples,31abdc8e-4693-400d-9004-9f4152f3012c,Tainui Car Pool Safety Check,4f16-eda6-7db766e9----bc66-af8100c46bb3,Jared Foster,22/05/2025,12:59:58
Knowby Examples,31abdc8e-4693-400d-9004-9f4152f3012c,Tainui Car Pool Safety Check,4f16-eda6-7db766e9----bc66-af8100c46bb3,Jared Foster,22/05/2025,09:08:15
Knowby Examples,31abdc8e-4693-400d-9004-9f4152f3012c,Tainui Car Pool Safety Check,4f16-eda6-7db766e9----bc66-af8100c46bb3,Jared Foster,22/05/2025,11:22:36
Knowby Examples,2e83f28e-8d66-49da-8f56-2bcbfb37eb1b,New Customer Set Up,4dd1-509e-67e290d9----bb68-afdb00c8af51,Cristian Gonzalez,14/05/2025,13:08:52
Knowby Examples,2e83f28e-8d66-49da-8f56-2bcbfb37eb1b,New Customer Set Up,4dd1-509e-67e290d9----bb68-afdb00c8af51,Cristian Gonzalez,14/05/2024,16:56:51
Knowby Examples,2e83f28e-8d66-49da-8f56-2bcbfb37eb1b,New Customer Set Up,4dd1-509e-67e290d9----bb68-afdb00c8af51,Cristian Gonzalez,16/05/2025,09:03:55
Knowby Examples,2e83f28e-8d66-49da-8f56-2bcbfb37eb1b,New Customer Set Up,4dd1-509e-67e290d9----bb68-afdb00c8af51,Cristian Gonzalez,27/05/2025,14:53:01
Knowby Examples,2e83f28e-8d66-49da-8f56-2bcbfb37eb1b,New Customer Set Up,4dd1-509e-67e290d9----bb68-afdb00c8af51,Cristian Gonzalez,07/08/2025,10:29:21
Knowby Examples,2e83f28e-8d66-49da-8f56-2bcbfb37eb1b,New Customer Set Up,4dd1-509e-67e290d9----bb68-afdb00c8af51,Cristian Gonzalez,07/08/2025,09:47:46
Knowby Examples,2e83f28e-8d66-49da-8f56-2bcbfb37eb1b,New Customer Set Up,4d2c-583f-adfb71a0----947b-af0c00af8d6b,Adriana Sanders,06/09/2025,13:44:14
Knowby Examples,2e83f28e-8d66-49da-8f56-2bcbfb37eb1b,New Customer Set Up,44ed-a978-e8d990e2----8b3d-aef900a6bb99,Robert Perez,14/05/2025,08:27:38
Knowby Examples,2e83f28e-8d66-49da-8f56-2bcbfb37eb1b,New Customer Set Up,44ed-a978-e8d990e2----8b3d-aef900a6bb99,Robert Perez,19/06/2025,14:49:51
Knowby Examples,2e83f28e-8d66-49da-8f56-2bcbfb37eb1b,New Customer Set Up,4ed4-864f-db17168a----9128-a3c9ddb6e3ea,Carol Jones,13/05/2025,16:55:34
Knowby Examples,2e83f28e-8d66-49da-8f56-2bcbfb37eb1b,New Customer Set Up,4ed4-864f-db17168a----9128-a3c9ddb6e3ea,Carol Jones,22/05/2025,15:22:55
Knowby Examples,2e83f28e-8d66-49da-8f56-2bcbfb37eb1b,New Customer Set Up,4ed4-864f-db17168a----9128-a3c9ddb6e3ea,Carol Jones,22/05/2025,11:01:52
Knowby Examples,2e83f28e-8d66-49da-8f56-2bcbfb37eb1b,New Customer Set Up,4ed4-864f-db17168a----9128-a3c9ddb6e3ea,Carol Jones,22/05/2025,17:51:33
Knowby Examples,2e83f28e-8d66-49da-8f56-2bcbfb37eb1b,New Customer Set Up,4ed4-864f-db17168a----9128-a3c9ddb6e3ea,Carol Jones,29/05/2025,09:14:12
Knowby Examples,2e83f28e-8d66-49da-8f56-2bcbfb37eb1b,New Customer Set Up,4ed4-864f-db17168a----9128-a3c9ddb6e3ea,Carol Jones,06/01/2024,14:46:58
Knowby Examples,2e83f28e-8d66-49da-8f56-2bcbfb37eb1b,New Customer Set Up,4ed4-864f-db17168a----9128-a3c9ddb6e3ea,Carol Jones,20/11/2025,15:55:55
Knowby Examples,2e83f28e-8d66-49da-8f56-2bcbfb37eb1b,New Customer Set Up,4f16-eda6-7db766e9----bc66-af8100c46bb3,Jared Foster,21/05/2025,10:46:45
Knowby Examples,9ba01496-d56c-4290-a240-7c56d0622835,Introduction and How To | espressoFlow ,44ed-a978-e8d990e2----8b3d-aef900a6bb99,Robert Perez,16/07/2025,09:44:37
Knowby Examples,9ba01496-d56c-4290-a240-7c56d0622835,Introduction and How To | espressoFlow ,4ed4-864f-db17168a----9128-a3c9ddb6e3ea,Carol Jones,07/07/2025,09:23:31
Knowby Examples,9ba01496-d56c-4290-a240-7c56d0622835,Introduction and How To | espressoFlow ,4dd1-509e-67e290d9----bb68-afdb00c8af51,Cristian Gonzalez,03/04/2025,13:17:41
Knowby Examples,1a21a062-0795-4bbe-b610-ee3bf575f6ee,Enabling Auto-Rotation on espressoDisplay,461a-a7ab-cd6791bf----a425-ad2b7c56ee35,Rebecca Walker,28/10/2025,14:57:43
Knowby Examples,1a21a062-0795-4bbe-b610-ee3bf575f6ee,Enabling Auto-Rotation on espressoDisplay,4ed4-864f-db17168a----9128-a3c9ddb6e3ea,Carol Jones,07/07/2025,17:17:46
Knowby Examples,1a21a062-0795-4bbe-b610-ee3bf575f6ee,Enabling Auto-Rotation on espressoDisplay,4ed4-864f-db17168a----9128-a3c9ddb6e3ea,Carol Jones,07/07/2025,13:35:46
Knowby Examples,50d2449d-b915-4365-80e5-e302f8565449,Changing the Scale on espressoDisplay,4ed4-864f-db17168a----9128-a3c9ddb6e3ea,Carol Jones,07/07/2025,12:02:12
Knowby Examples,50d2449d-b915-4365-80e5-e302f8565449,Changing the Scale on espressoDisplay,4e42-3ecf-a947652f----8d8f-1b0d973d1bbf,Robert Taylor,02/12/2025,16:35:10
Knowby Examples,25700e85-dd58-4d8c-bfc7-08f61285e5f5,Downloading the right version for your device,4dd1-509e-67e290d9----bb68-afdb00c8af51,Cristian Gonzalez,07/10/2025,15:23:48
Knowby Examples,25700e85-dd58-4d8c-bfc7-08f61285e5f5,Downloading the right version for your device,4ed4-864f-db17168a----9128-a3c9ddb6e3ea,Carol Jones,07/07/2025,09:37:07
Knowby Examples,25700e85-dd58-4d8c-bfc7-08f61285e5f5,Downloading the right version for your device,4ed4-864f-db17168a----9128-a3c9ddb6e3ea,Carol Jones,30/09/2025,09:39:26
Knowby Examples,7e778c8f-d40e-4cfc-9bcf-759ed3950807,Using Your espressoDisplay Features,44ed-a978-e8d990e2----8b3d-aef900a6bb99,Robert Perez,07/08/2025,16:29:58
Knowby Examples,7e778c8f-d40e-4cfc-9bcf-759ed3950807,Using Your espressoDisplay Features,44ed-a978-e8d990e2----8b3d-aef900a6bb99,Robert Perez,16/07/2025,15:45:51
Knowby Examples,7e778c8f-d40e-4cfc-9bcf-759ed3950807,Using Your espressoDisplay Features,44ed-a978-e8d990e2----8b3d-aef900a6bb99,Robert Perez,18/07/2025,17:32:43
Knowby Examples,7e778c8f-d40e-4cfc-9bcf-759ed3950807,Using Your espressoDisplay Features,44ed-a978-e8d990e2----8b3d-aef900a6bb99,Robert Perez,18/07/2025,10:46:00
Knowby Examples,7e778c8f-d40e-4cfc-9bcf-759ed3950807,Using Your espressoDisplay Features,44ed-a978-e8d990e2----8b3d-aef900a6bb99,Robert Perez,31/07/2025,09:01:55
Knowby Examples,7e778c8f-d40e-4cfc-9bcf-759ed3950807,Using Your espressoDisplay Features,44ed-a978-e8d990e2----8b3d-aef900a6bb99,Robert Perez,08/02/2024,17:16:35
Knowby Examples,7e778c8f-d40e-4cfc-9bcf-759ed3950807,Using Your espressoDisplay Features,44ed-a978-e8d990e2----8b3d-aef900a6bb99,Robert Perez,08/07/2025,09:56:27
Knowby Examples,7e778c8f-d40e-4cfc-9bcf-759ed3950807,Using Your espressoDisplay Features,44ed-a978-e8d990e2----8b3d-aef900a6bb99,Robert Perez,08/07/2025,10:40:20
Knowby Examples,7e778c8f-d40e-4cfc-9bcf-759ed3950807,Using Your espressoDisplay Features,4ed4-864f-db17168a----9128-a3c9ddb6e3ea,Carol Jones,07/07/2025,17:52:19
Knowby Examples,7e778c8f-d40e-4cfc-9bcf-759ed3950807,Using Your espressoDisplay Features,4ed4-864f-db17168a----9128-a3c9ddb6e3ea,Carol Jones,07/07/2025,13:52:58
Knowby Examples,7e778c8f-d40e-4cfc-9bcf-759ed3950807,Using Your espressoDisplay Features,4ed4-864f-db17168a----9128-a3c9ddb6e3ea,Carol Jones,07/07/2025,14:16:18
Knowby Examples,7e778c8f-d40e-4cfc-9bcf-759ed3950807,Using Your espressoDisplay Features,4ed4-864f-db17168a----9128-a3c9ddb6e3ea,Carol Jones,07/07/2025,08:34:48
Knowby Examples,7e778c8f-d40e-4cfc-9bcf-759ed3950807,Using Your espressoDisplay Features,4ed4-864f-db17168a----9128-a3c9ddb6e3ea,Carol Jones,07/07/2024,17:30:38
Knowby Examples,76ce873e-9813-46c8-8739-73febc3d9294,W3 Planer Operations Guide,44ed-a978-e8d990e2----8b3d-aef900a6bb99,Robert Perez,24/07/2025,13:58:11
Knowby Examples,76ce873e-9813-46c8-8739-73febc3d9294,W3 Planer Operations Guide,4ed4-864f-db17168a----9128-a3c9ddb6e3ea,Carol Jones,23/07/2025,11:22:08
Knowby Examples,76ce873e-9813-46c8-8739-73febc3d9294,W3 Planer Operations Guide,4ed4-864f-db17168a----9128-a3c9ddb6e3ea,Carol Jones,24/07/2025,14:09:05
Knowby Examples,76ce873e-9813-46c8-8739-73febc3d9294,W3 Planer Operations Guide,4ed4-864f-db17168a----9128-a3c9ddb6e3ea,Carol Jones,25/07/2025,09:34:53
Knowby Examples,76ce873e-9813-46c8-8739-73febc3d9294,W3 Planer Operations Guide,4ed4-864f-db17168a----9128-a3c9ddb6e3ea,Carol Jones,20/11/2024,12:29:37
Knowby Examples,76ce873e-9813-46c8-8739-73febc3d9294,W3 Planer Operations Guide,4e42-3ecf-a947652f----8d8f-1b0d973d1bbf,Robert Taylor,02/12/2025,09:49:05
Knowby Examples,76ce873e-9813-46c8-8739-73febc3d9294,W3 Planer Operations Guide,4dd1-509e-67e290d9----bb68-afdb00c8af51,Cristian Gonzalez,21/03/2024,17:12:31
Knowby Examples,35ede95e-bd0b-4e68-ba19-fd5113e600ae,Wheelchair Bay Temporary Install and Remove,4d2c-583f-adfb71a0----947b-af0c00af8d6b,Adriana Sanders,14/08/2025,12:21:26
Knowby Examples,35ede95e-bd0b-4e68-ba19-fd5113e600ae,Wheelchair Bay Temporary Install and Remove,44ed-a978-e8d990e2----8b3d-aef900a6bb99,Robert Perez,27/07/2025,08:08:36
Knowby Examples,35ede95e-bd0b-4e68-ba19-fd5113e600ae,Wheelchair Bay Temporary Install and Remove,44ed-a978-e8d990e2----8b3d-aef900a6bb99,Robert Perez,31/07/2025,16:58:14
Knowby Examples,35ede95e-bd0b-4e68-ba19-fd5113e600ae,Wheelchair Bay Temporary Install and Remove,4ed4-864f-db17168a----9128-a3c9ddb6e3ea,Carol Jones,21/08/2025,13:23:36
Knowby Examples,35ede95e-bd0b-4e68-ba19-fd5113e600ae,Wheelchair Bay Temporary Install and Remove,4ed4-864f-db17168a----9128-a3c9ddb6e3ea,Carol Jones,23/10/2025,12:59:18
Knowby Examples,fbd572f4-c5a3-41be-9077-01788d78b275,Drilling non-friable asbestos with thickener,4cb2-65da-696d957b----9f0d-54f7230f93ca,Andrew Mueller,17/09/2025,10:39:24
Knowby Examples,fbd572f4-c5a3-41be-9077-01788d78b275,Drilling non-friable asbestos with thickener,4dd1-509e-67e290d9----bb68-afdb00c8af51,Cristian Gonzalez,14/08/2025,11:24:36
Knowby Examples,fbd572f4-c5a3-41be-9077-01788d78b275,Drilling non-friable asbestos with thickener,4d2c-583f-adfb71a0----947b-af0c00af8d6b,Adriana Sanders,16/08/2025,09:03:50
Knowby Examples,fbd572f4-c5a3-41be-9077-01788d78b275,Drilling non-friable asbestos with thickener,4d2c-583f-adfb71a0----947b-af0c00af8d6b,Adriana Sanders,11/07/2025,13:04:20
Knowby Examples,fbd572f4-c5a3-41be-9077-01788d78b275,Drilling non-friable asbestos with thickener,4ed4-864f-db17168a----9128-a3c9ddb6e3ea,Carol Jones,08/01/2025,13:39:13
Knowby Examples,fbd572f4-c5a3-41be-9077-01788d78b275,Drilling non-friable asbestos with thickener,4ed4-864f-db17168a----9128-a3c9ddb6e3ea,Carol Jones,08/01/2025,13:58:37
Knowby Examples,fbd572f4-c5a3-41be-9077-01788d78b275,Drilling non-friable asbestos with thickener,4ed4-864f-db17168a----9128-a3c9ddb6e3ea,Carol Jones,08/01/2025,08:17:52
Knowby Examples,fbd572f4-c5a3-41be-9077-01788d78b275,Drilling non-friable asbestos with thickener,4ed4-864f-db17168a----9128-a3c9ddb6e3ea,Carol Jones,08/01/2024,10:41:26
Knowby Examples,fbd572f4-c5a3-41be-9077-01788d78b275,Drilling non-friable asbestos with thickener,4ed4-864f-db17168a----9128-a3c9ddb6e3ea,Carol Jones,20/11/2024,09:18:31
Knowby Examples,fbd572f4-c5a3-41be-9077-01788d78b275,Drilling non-friable asbestos with thickener,4d1a-2d52-b574cc8e----b6c0-af3b0075112b,Melanie Wilson,08/11/2025,12:05:08
Knowby Examples,758662a8-928f-4f5a-9ef7-6eaa8f6b1dcc,Removing asbestos-containing flooring,4ed4-864f-db17168a----9128-a3c9ddb6e3ea,Carol Jones,08/01/2025,09:58:23
Knowby Examples,758662a8-928f-4f5a-9ef7-6eaa8f6b1dcc,Removing asbestos-containing flooring,4ed4-864f-db17168a----9128-a3c9ddb6e3ea,Carol Jones,08/01/2025,12:31:45
Knowby Examples,758662a8-928f-4f5a-9ef7-6eaa8f6b1dcc,Removing asbestos-containing flooring,4ed4-864f-db17168a----9128-a3c9ddb6e3ea,Carol Jones,08/01/2025,12:01:59
Knowby Examples,758662a8-928f-4f5a-9ef7-6eaa8f6b1dcc,Removing asbestos-containing flooring,4ed4-864f-db17168a----9128-a3c9ddb6e3ea,Carol Jones,08/01/2025,17:12:15
Knowby Examples,758662a8-928f-4f5a-9ef7-6eaa8f6b1dcc,Removing asbestos-containing flooring,4e42-3ecf-a947652f----8d8f-1b0d973d1bbf,Robert Taylor,17/01/2025,13:47:53
Knowby Examples,a54abd81-6353-43b8-8814-c049395e9552,What you should know about working with asbestos,4cb2-65da-696d957b----9f0d-54f7230f93ca,Andrew Mueller,17/09/2025,16:13:36
Knowby Examples,a54abd81-6353-43b8-8814-c049395e9552,What you should know about working with asbestos,4cb2-65da-696d957b----9f0d-54f7230f93ca,Andrew Mueller,17/09/2025,13:11:43
Knowby Examples,a54abd81-6353-43b8-8814-c049395e9552,What you should know about working with asbestos,4dd1-509e-67e290d9----bb68-afdb00c8af51,Cristian Gonzalez,08/05/2025,17:11:47
Knowby Examples,a54abd81-6353-43b8-8814-c049395e9552,What you should know about working with asbestos,4dd1-509e-67e290d9----bb68-afdb00c8af51,Cristian Gonzalez,08/08/2024,14:25:50
Knowby Examples,a54abd81-6353-43b8-8814-c049395e9552,What you should know about working with asbestos,44ed-a978-e8d990e2----8b3d-aef900a6bb99,Robert Perez,08/01/2024,17:28:30
Knowby Examples,a54abd81-6353-43b8-8814-c049395e9552,What you should know about working with asbestos,4ed4-864f-db17168a----9128-a3c9ddb6e3ea,Carol Jones,08/01/2025,15:18:11
Knowby Examples,a54abd81-6353-43b8-8814-c049395e9552,What you should know about working with asbestos,4ed4-864f-db17168a----9128-a3c9ddb6e3ea,Carol Jones,08/01/2024,13:30:14
Knowby Examples,a54abd81-6353-43b8-8814-c049395e9552,What you should know about working with asbestos,4ed4-864f-db17168a----9128-a3c9ddb6e3ea,Carol Jones,08/01/2024,15:02:06
Knowby Examples,a54abd81-6353-43b8-8814-c049395e9552,What you should know about working with asbestos,4ed4-864f-db17168a----9128-a3c9ddb6e3ea,Carol Jones,08/01/2025,14:44:09
Knowby Examples,a54abd81-6353-43b8-8814-c049395e9552,What you should know about working with asbestos,4ed4-864f-db17168a----9128-a3c9ddb6e3ea,Carol Jones,09/01/2025,11:47:31
Knowby Examples,a54abd81-6353-43b8-8814-c049395e9552,What you should know about working with asbestos,4ed4-864f-db17168a----9128-a3c9ddb6e3ea,Carol Jones,09/03/2025,13:53:36
Knowby Examples,a54abd81-6353-43b8-8814-c049395e9552,What you should know about working with asbestos,4ed4-864f-db17168a----9128-a3c9ddb6e3ea,Carol Jones,17/09/2025,10:47:02
Knowby Examples,a54abd81-6353-43b8-8814-c049395e9552,What you should know about working with asbestos,4ed4-864f-db17168a----9128-a3c9ddb6e3ea,Carol Jones,17/09/2025,08:36:31
Knowby Examples,a54abd81-6353-43b8-8814-c049395e9552,What you should know about working with asbestos,4ed4-864f-db17168a----9128-a3c9ddb6e3ea,Carol Jones,17/09/2025,09:46:13
Knowby Examples,a54abd81-6353-43b8-8814-c049395e9552,What you should know about working with asbestos,4ed4-864f-db17168a----9128-a3c9ddb6e3ea,Carol Jones,23/10/2025,11:15:14
Knowby Examples,a54abd81-6353-43b8-8814-c049395e9552,What you should know about working with asbestos,4ed4-864f-db17168a----9128-a3c9ddb6e3ea,Carol Jones,20/11/2025,13:09:27
Knowby Examples,a54abd81-6353-43b8-8814-c049395e9552,What you should know about working with asbestos,40cf-6eb7-521cd9aa----b44e-b3bc2ae815ea,Robert Rodriguez,17/09/2025,17:21:24
Knowby Examples,a54abd81-6353-43b8-8814-c049395e9552,What you should know about working with asbestos,40cf-6eb7-521cd9aa----b44e-b3bc2ae815ea,Robert Rodriguez,17/09/2025,15:18:09
Knowby Examples,a54abd81-6353-43b8-8814-c049395e9552,What you should know about working with asbestos,4d1a-2d52-b574cc8e----b6c0-af3b0075112b,Melanie Wilson,08/11/2025,11:41:32
Knowby Examples,ffae5c0e-d860-472c-b166-1746f5be28f4,"Operating Principles for Cat® 735C, 740C EJ & 745C Trucks ",4dd1-509e-67e290d9----bb68-afdb00c8af51,Cristian Gonzalez,20/06/2025,11:47:57
Knowby Examples,ffae5c0e-d860-472c-b166-1746f5be28f4,"Operating Principles for Cat® 735C, 740C EJ & 745C Trucks ",4dd1-509e-67e290d9----bb68-afdb00c8af51,Cristian Gonzalez,08/08/2025,14:49:52
Knowby Examples,ffae5c0e-d860-472c-b166-1746f5be28f4,"Operating Principles for Cat® 735C, 740C EJ & 745C Trucks ",4dd1-509e-67e290d9----bb68-afdb00c8af51,Cristian Gonzalez,15/08/2025,16:32:04
Knowby Examples,ffae5c0e-d860-472c-b166-1746f5be28f4,"Operating Principles for Cat® 735C, 740C EJ & 745C Trucks ",4dd1-509e-67e290d9----bb68-afdb00c8af51,Cristian Gonzalez,19/09/2025,10:06:59
Knowby Examples,ffae5c0e-d860-472c-b166-1746f5be28f4,"Operating Principles for Cat® 735C, 740C EJ & 745C Trucks ",4d2c-583f-adfb71a0----947b-af0c00af8d6b,Adriana Sanders,20/06/2025,12:31:53
Knowby Examples,ffae5c0e-d860-472c-b166-1746f5be28f4,"Operating Principles for Cat® 735C, 740C EJ & 745C Trucks ",4d2c-583f-adfb71a0----947b-af0c00af8d6b,Adriana Sanders,25/06/2024,08:35:19
Knowby Examples,ffae5c0e-d860-472c-b166-1746f5be28f4,"Operating Principles for Cat® 735C, 740C EJ & 745C Trucks ",4d2c-583f-adfb71a0----947b-af0c00af8d6b,Adriana Sanders,25/06/2024,09:50:58
Knowby Examples,ffae5c0e-d860-472c-b166-1746f5be28f4,"Operating Principles for Cat® 735C, 740C EJ & 745C Trucks ",4d2c-583f-adfb71a0----947b-af0c00af8d6b,Adriana Sanders,26/06/2025,16:21:31
Knowby Examples,ffae5c0e-d860-472c-b166-1746f5be28f4,"Operating Principles for Cat® 735C, 740C EJ & 745C Trucks ",4d2c-583f-adfb71a0----947b-af0c00af8d6b,Adriana Sanders,26/06/2025,12:00:44
Knowby Examples,ffae5c0e-d860-472c-b166-1746f5be28f4,"Operating Principles for Cat® 735C, 740C EJ & 745C Trucks ",4d2c-583f-adfb71a0----947b-af0c00af8d6b,Adriana Sanders,26/06/2025,15:54:56
Knowby Examples,ffae5c0e-d860-472c-b166-1746f5be28f4,"Operating Principles for Cat® 735C, 740C EJ & 745C Trucks ",4d2c-583f-adfb71a0----947b-af0c00af8d6b,Adriana Sanders,28/06/2025,12:32:23
Knowby Examples,ffae5c0e-d860-472c-b166-1746f5be28f4,"Operating Principles for Cat® 735C, 740C EJ & 745C Trucks ",4d2c-583f-adfb71a0----947b-af0c00af8d6b,Adriana Sanders,07/07/2025,17:29:03
Knowby Examples,ffae5c0e-d860-472c-b166-1746f5be28f4,"Operating Principles for Cat® 735C, 740C EJ & 745C Trucks ",4d2c-583f-adfb71a0----947b-af0c00af8d6b,Adriana Sanders,14/08/2025,15:46:38
Knowby Examples,ffae5c0e-d860-472c-b166-1746f5be28f4,"Operating Principles for Cat® 735C, 740C EJ & 745C Trucks ",4d2c-583f-adfb71a0----947b-af0c00af8d6b,Adriana Sanders,15/08/2025,08:18:16
Knowby Examples,ffae5c0e-d860-472c-b166-1746f5be28f4,"Operating Principles for Cat® 735C, 740C EJ & 745C Trucks ",44ed-a978-e8d990e2----8b3d-aef900a6bb99,Robert Perez,20/06/2025,16:36:25
Knowby Examples,ffae5c0e-d860-472c-b166-1746f5be28f4,"Operating Principles for Cat® 735C, 740C EJ & 745C Trucks ",44ed-a978-e8d990e2----8b3d-aef900a6bb99,Robert Perez,20/06/2025,14:19:51
Knowby Examples,ffae5c0e-d860-472c-b166-1746f5be28f4,"Operating Principles for Cat® 735C, 740C EJ & 745C Trucks ",44ed-a978-e8d990e2----8b3d-aef900a6bb99,Robert Perez,21/06/2025,15:37:56
Knowby Examples,ffae5c0e-d860-472c-b166-1746f5be28f4,"Operating Principles for Cat® 735C, 740C EJ & 745C Trucks ",44ed-a978-e8d990e2----8b3d-aef900a6bb99,Robert Perez,29/06/2025,13:19:05
Knowby Examples,ffae5c0e-d860-472c-b166-1746f5be28f4,"Operating Principles for Cat® 735C, 740C EJ & 745C Trucks ",44ed-a978-e8d990e2----8b3d-aef900a6bb99,Robert Perez,07/03/2025,11:55:23
Knowby Examples,ffae5c0e-d860-472c-b166-1746f5be28f4,"Operating Principles for Cat® 735C, 740C EJ & 745C Trucks ",44ed-a978-e8d990e2----8b3d-aef900a6bb99,Robert Perez,07/05/2025,17:43:07
Knowby Examples,ffae5c0e-d860-472c-b166-1746f5be28f4,"Operating Principles for Cat® 735C, 740C EJ & 745C Trucks ",44ed-a978-e8d990e2----8b3d-aef900a6bb99,Robert Perez,17/07/2025,08:48:53
Knowby Examples,ffae5c0e-d860-472c-b166-1746f5be28f4,"Operating Principles for Cat® 735C, 740C EJ & 745C Trucks ",44ed-a978-e8d990e2----8b3d-aef900a6bb99,Robert Perez,08/05/2025,16:57:06
Knowby Examples,ffae5c0e-d860-472c-b166-1746f5be28f4,"Operating Principles for Cat® 735C, 740C EJ & 745C Trucks ",44ed-a978-e8d990e2----8b3d-aef900a6bb99,Robert Perez,08/05/2025,11:24:24
Knowby Examples,ffae5c0e-d860-472c-b166-1746f5be28f4,"Operating Principles for Cat® 735C, 740C EJ & 745C Trucks ",44ed-a978-e8d990e2----8b3d-aef900a6bb99,Robert Perez,08/06/2025,14:24:12
Knowby Examples,ffae5c0e-d860-472c-b166-1746f5be28f4,"Operating Principles for Cat® 735C, 740C EJ & 745C Trucks ",44ed-a978-e8d990e2----8b3d-aef900a6bb99,Robert Perez,08/06/2025,14:20:42
Knowby Examples,ffae5c0e-d860-472c-b166-1746f5be28f4,"Operating Principles for Cat® 735C, 740C EJ & 745C Trucks ",44ed-a978-e8d990e2----8b3d-aef900a6bb99,Robert Perez,08/06/2025,15:36:30
Knowby Examples,ffae5c0e-d860-472c-b166-1746f5be28f4,"Operating Principles for Cat® 735C, 740C EJ & 745C Trucks ",44ed-a978-e8d990e2----8b3d-aef900a6bb99,Robert Perez,08/06/2025,14:30:45
Knowby Examples,ffae5c0e-d860-472c-b166-1746f5be28f4,"Operating Principles for Cat® 735C, 740C EJ & 745C Trucks ",44ed-a978-e8d990e2----8b3d-aef900a6bb99,Robert Perez,08/06/2025,10:40:49
Knowby Examples,ffae5c0e-d860-472c-b166-1746f5be28f4,"Operating Principles for Cat® 735C, 740C EJ & 745C Trucks ",44ed-a978-e8d990e2----8b3d-aef900a6bb99,Robert Perez,08/06/2025,15:00:52
Knowby Examples,ffae5c0e-d860-472c-b166-1746f5be28f4,"Operating Principles for Cat® 735C, 740C EJ & 745C Trucks ",44ed-a978-e8d990e2----8b3d-aef900a6bb99,Robert Perez,08/07/2024,10:40:46
Knowby Examples,ffae5c0e-d860-472c-b166-1746f5be28f4,"Operating Principles for Cat® 735C, 740C EJ & 745C Trucks ",44ed-a978-e8d990e2----8b3d-aef900a6bb99,Robert Perez,08/07/2025,09:48:58
Knowby Examples,ffae5c0e-d860-472c-b166-1746f5be28f4,"Operating Principles for Cat® 735C, 740C EJ & 745C Trucks ",44ed-a978-e8d990e2----8b3d-aef900a6bb99,Robert Perez,08/09/2025,17:19:56
Knowby Examples,ffae5c0e-d860-472c-b166-1746f5be28f4,"Operating Principles for Cat® 735C, 740C EJ & 745C Trucks ",44ed-a978-e8d990e2----8b3d-aef900a6bb99,Robert Perez,14/08/2025,11:09:10
Knowby Examples,ffae5c0e-d860-472c-b166-1746f5be28f4,"Operating Principles for Cat® 735C, 740C EJ & 745C Trucks ",44ed-a978-e8d990e2----8b3d-aef900a6bb99,Robert Perez,21/08/2025,10:01:56
Knowby Examples,ffae5c0e-d860-472c-b166-1746f5be28f4,"Operating Principles for Cat® 735C, 740C EJ & 745C Trucks ",44ed-a978-e8d990e2----8b3d-aef900a6bb99,Robert Perez,27/08/2025,16:51:38
Knowby Examples,ffae5c0e-d860-472c-b166-1746f5be28f4,"Operating Principles for Cat® 735C, 740C EJ & 745C Trucks ",44ed-a978-e8d990e2----8b3d-aef900a6bb99,Robert Perez,25/09/2025,12:24:28
Knowby Examples,ffae5c0e-d860-472c-b166-1746f5be28f4,"Operating Principles for Cat® 735C, 740C EJ & 745C Trucks ",4ed4-864f-db17168a----9128-a3c9ddb6e3ea,Carol Jones,19/06/2025,11:26:13
Knowby Examples,ffae5c0e-d860-472c-b166-1746f5be28f4,"Operating Principles for Cat® 735C, 740C EJ & 745C Trucks ",4ed4-864f-db17168a----9128-a3c9ddb6e3ea,Carol Jones,19/06/2025,13:16:55
Knowby Examples,ffae5c0e-d860-472c-b166-1746f5be28f4,"Operating Principles for Cat® 735C, 740C EJ & 745C Trucks ",4ed4-864f-db17168a----9128-a3c9ddb6e3ea,Carol Jones,19/06/2025,10:05:51
Knowby Examples,ffae5c0e-d860-472c-b166-1746f5be28f4,"Operating Principles for Cat® 735C, 740C EJ & 745C Trucks ",4ed4-864f-db17168a----9128-a3c9ddb6e3ea,Carol Jones,19/06/2025,13:35:10
Knowby Examples,ffae5c0e-d860-472c-b166-1746f5be28f4,"Operating Principles for Cat® 735C, 740C EJ & 745C Trucks ",4ed4-864f-db17168a----9128-a3c9ddb6e3ea,Carol Jones,07/10/2025,10:00:24
Knowby Examples,ffae5c0e-d860-472c-b166-1746f5be28f4,"Operating Principles for Cat® 735C, 740C EJ & 745C Trucks ",4ed4-864f-db17168a----9128-a3c9ddb6e3ea,Carol Jones,23/10/2025,14:35:19
Knowby Examples,ffae5c0e-d860-472c-b166-1746f5be28f4,"Operating Principles for Cat® 735C, 740C EJ & 745C Trucks ",4ed4-864f-db17168a----9128-a3c9ddb6e3ea,Carol Jones,20/11/2025,12:08:00
Knowby Examples,ffae5c0e-d860-472c-b166-1746f5be28f4,"Operating Principles for Cat® 735C, 740C EJ & 745C Trucks ",4ed4-864f-db17168a----9128-a3c9ddb6e3ea,Carol Jones,14/01/2025,15:01:46
Knowby Examples,ffae5c0e-d860-472c-b166-1746f5be28f4,"Operating Principles for Cat® 735C, 740C EJ & 745C Trucks ",4ed4-864f-db17168a----9128-a3c9ddb6e3ea,Carol Jones,14/01/2025,15:51:28
Knowby Examples,ffae5c0e-d860-472c-b166-1746f5be28f4,"Operating Principles for Cat® 735C, 740C EJ & 745C Trucks ",4d1a-2d52-b574cc8e----b6c0-af3b0075112b,Melanie Wilson,08/11/2025,12:44:05
Knowby Examples,ffae5c0e-d860-472c-b166-1746f5be28f4,"Operating Principles for Cat® 735C, 740C EJ & 745C Trucks ",4d1a-2d52-b574cc8e----b6c0-af3b0075112b,Melanie Wilson,08/11/2025,15:03:27
Knowby Examples,94ea1456-b186-40cf-8d6d-0d734a3e6071,Silica Dust in the Workplace: Step-by-Step Safety Guide,489c-c9c4-29fad270----aab7-af440073e71a,John Jones,21/10/2025,10:08:04
Knowby Examples,94ea1456-b186-40cf-8d6d-0d734a3e6071,Silica Dust in the Workplace: Step-by-Step Safety Guide,4cb2-65da-696d957b----9f0d-54f7230f93ca,Andrew Mueller,08/01/2025,12:03:20
Knowby Examples,94ea1456-b186-40cf-8d6d-0d734a3e6071,Silica Dust in the Workplace: Step-by-Step Safety Guide,4cb2-65da-696d957b----9f0d-54f7230f93ca,Andrew Mueller,08/06/2025,10:28:34
Knowby Examples,94ea1456-b186-40cf-8d6d-0d734a3e6071,Silica Dust in the Workplace: Step-by-Step Safety Guide,4cb2-65da-696d957b----9f0d-54f7230f93ca,Andrew Mueller,17/09/2025,13:13:08
Knowby Examples,94ea1456-b186-40cf-8d6d-0d734a3e6071,Silica Dust in the Workplace: Step-by-Step Safety Guide,4dd1-509e-67e290d9----bb68-afdb00c8af51,Cristian Gonzalez,22/07/2025,14:41:19
Knowby Examples,94ea1456-b186-40cf-8d6d-0d734a3e6071,Silica Dust in the Workplace: Step-by-Step Safety Guide,4dd1-509e-67e290d9----bb68-afdb00c8af51,Cristian Gonzalez,22/07/2025,17:06:47
Knowby Examples,94ea1456-b186-40cf-8d6d-0d734a3e6071,Silica Dust in the Workplace: Step-by-Step Safety Guide,4dd1-509e-67e290d9----bb68-afdb00c8af51,Cristian Gonzalez,22/07/2025,14:00:03
Knowby Examples,94ea1456-b186-40cf-8d6d-0d734a3e6071,Silica Dust in the Workplace: Step-by-Step Safety Guide,4dd1-509e-67e290d9----bb68-afdb00c8af51,Cristian Gonzalez,22/07/2025,11:07:07
Knowby Examples,94ea1456-b186-40cf-8d6d-0d734a3e6071,Silica Dust in the Workplace: Step-by-Step Safety Guide,4dd1-509e-67e290d9----bb68-afdb00c8af51,Cristian Gonzalez,23/07/2025,16:31:24
Knowby Examples,94ea1456-b186-40cf-8d6d-0d734a3e6071,Silica Dust in the Workplace: Step-by-Step Safety Guide,4dd1-509e-67e290d9----bb68-afdb00c8af51,Cristian Gonzalez,23/07/2025,10:39:38
Knowby Examples,94ea1456-b186-40cf-8d6d-0d734a3e6071,Silica Dust in the Workplace: Step-by-Step Safety Guide,4dd1-509e-67e290d9----bb68-afdb00c8af51,Cristian Gonzalez,23/07/2025,11:13:41
Knowby Examples,94ea1456-b186-40cf-8d6d-0d734a3e6071,Silica Dust in the Workplace: Step-by-Step Safety Guide,4dd1-509e-67e290d9----bb68-afdb00c8af51,Cristian Gonzalez,08/07/2025,11:45:42
Knowby Examples,94ea1456-b186-40cf-8d6d-0d734a3e6071,Silica Dust in the Workplace: Step-by-Step Safety Guide,4dd1-509e-67e290d9----bb68-afdb00c8af51,Cristian Gonzalez,10/09/2025,13:03:01
Knowby Examples,94ea1456-b186-40cf-8d6d-0d734a3e6071,Silica Dust in the Workplace: Step-by-Step Safety Guide,4dd1-509e-67e290d9----bb68-afdb00c8af51,Cristian Gonzalez,14/10/2024,15:17:14
Knowby Examples,94ea1456-b186-40cf-8d6d-0d734a3e6071,Silica Dust in the Workplace: Step-by-Step Safety Guide,4dd1-509e-67e290d9----bb68-afdb00c8af51,Cristian Gonzalez,18/10/2025,16:29:42
Knowby Examples,94ea1456-b186-40cf-8d6d-0d734a3e6071,Silica Dust in the Workplace: Step-by-Step Safety Guide,4dd1-509e-67e290d9----bb68-afdb00c8af51,Cristian Gonzalez,18/10/2025,09:35:49
Knowby Examples,94ea1456-b186-40cf-8d6d-0d734a3e6071,Silica Dust in the Workplace: Step-by-Step Safety Guide,4dd1-509e-67e290d9----bb68-afdb00c8af51,Cristian Gonzalez,18/10/2025,13:02:07
Knowby Examples,94ea1456-b186-40cf-8d6d-0d734a3e6071,Silica Dust in the Workplace: Step-by-Step Safety Guide,4327-393b-53cbdfde----b9a4-aef900aa92ef,Kenneth Landry,22/07/2025,09:23:19
Knowby Examples,94ea1456-b186-40cf-8d6d-0d734a3e6071,Silica Dust in the Workplace: Step-by-Step Safety Guide,44ed-a978-e8d990e2----8b3d-aef900a6bb99,Robert Perez,22/07/2024,13:59:25
Knowby Examples,94ea1456-b186-40cf-8d6d-0d734a3e6071,Silica Dust in the Workplace: Step-by-Step Safety Guide,44ed-a978-e8d990e2----8b3d-aef900a6bb99,Robert Perez,08/06/2025,10:31:16
Knowby Examples,94ea1456-b186-40cf-8d6d-0d734a3e6071,Silica Dust in the Workplace: Step-by-Step Safety Guide,44ed-a978-e8d990e2----8b3d-aef900a6bb99,Robert Perez,19/09/2025,16:42:26
Knowby Examples,94ea1456-b186-40cf-8d6d-0d734a3e6071,Silica Dust in the Workplace: Step-by-Step Safety Guide,44ed-a978-e8d990e2----8b3d-aef900a6bb99,Robert Perez,28/10/2025,08:17:57
Knowby Examples,94ea1456-b186-40cf-8d6d-0d734a3e6071,Silica Dust in the Workplace: Step-by-Step Safety Guide,44ed-a978-e8d990e2----8b3d-aef900a6bb99,Robert Perez,17/01/2025,13:36:57
Knowby Examples,94ea1456-b186-40cf-8d6d-0d734a3e6071,Silica Dust in the Workplace: Step-by-Step Safety Guide,43bc-e7ae-89d089c6----851d-5f6cf54a10ec,Christopher Cunningham,10/10/2025,14:01:00
Knowby Examples,94ea1456-b186-40cf-8d6d-0d734a3e6071,Silica Dust in the Workplace: Step-by-Step Safety Guide,4ed4-864f-db17168a----9128-a3c9ddb6e3ea,Carol Jones,23/07/2024,08:04:31
Knowby Examples,94ea1456-b186-40cf-8d6d-0d734a3e6071,Silica Dust in the Workplace: Step-by-Step Safety Guide,4ed4-864f-db17168a----9128-a3c9ddb6e3ea,Carol Jones,25/07/2024,12:56:09
Knowby Examples,94ea1456-b186-40cf-8d6d-0d734a3e6071,Silica Dust in the Workplace: Step-by-Step Safety Guide,4ed4-864f-db17168a----9128-a3c9ddb6e3ea,Carol Jones,25/07/2025,16:30:58
Knowby Examples,94ea1456-b186-40cf-8d6d-0d734a3e6071,Silica Dust in the Workplace: Step-by-Step Safety Guide,4ed4-864f-db17168a----9128-a3c9ddb6e3ea,Carol Jones,08/08/2025,16:32:06
Knowby Examples,94ea1456-b186-40cf-8d6d-0d734a3e6071,Silica Dust in the Workplace: Step-by-Step Safety Guide,4ed4-864f-db17168a----9128-a3c9ddb6e3ea,Carol Jones,08/12/2025,17:17:33
Knowby Examples,94ea1456-b186-40cf-8d6d-0d734a3e6071,Silica Dust in the Workplace: Step-by-Step Safety Guide,4ed4-864f-db17168a----9128-a3c9ddb6e3ea,Carol Jones,30/09/2025,10:58:50
Knowby Examples,94ea1456-b186-40cf-8d6d-0d734a3e6071,Silica Dust in the Workplace: Step-by-Step Safety Guide,40cf-6eb7-521cd9aa----b44e-b3bc2ae815ea,Robert Rodriguez,14/10/2025,11:34:19
Knowby Examples,94ea1456-b186-40cf-8d6d-0d734a3e6071,Silica Dust in the Workplace: Step-by-Step Safety Guide,4ed1-affe-79057836----9ea2-adc551671be2,John Terrell,25/07/2025,17:37:56
Knowby Examples,94ea1456-b186-40cf-8d6d-0d734a3e6071,Silica Dust in the Workplace: Step-by-Step Safety Guide,4f16-eda6-7db766e9----bc66-af8100c46bb3,Jared Foster,25/07/2025,14:14:04
Knowby Examples,94ea1456-b186-40cf-8d6d-0d734a3e6071,Silica Dust in the Workplace: Step-by-Step Safety Guide,4a03-290e-7ab16f5f----99f5-ecabe6f9e6bf,Jacqueline Reed,23/07/2024,12:31:25
Knowby Examples,94ea1456-b186-40cf-8d6d-0d734a3e6071,Silica Dust in the Workplace: Step-by-Step Safety Guide,4dd1-509e-67e290d9----bb68-afdb00c8af51,Cristian Gonzalez,03/04/2025,09:19:29
Knowby Examples,94ea1456-b186-40cf-8d6d-0d734a3e6071,Silica Dust in the Workplace: Step-by-Step Safety Guide,4dd1-509e-67e290d9----bb68-afdb00c8af51,Cristian Gonzalez,03/04/2025,15:15:20
Knowby Examples,94ea1456-b186-40cf-8d6d-0d734a3e6071,Silica Dust in the Workplace: Step-by-Step Safety Guide,4dd1-509e-67e290d9----bb68-afdb00c8af51,Cristian Gonzalez,19/03/2025,08:50:24
Knowby Examples,87a64d61-4103-46f5-b142-db657b41786d,Creative LEGO Micro Build Ideas,4cb2-65da-696d957b----9f0d-54f7230f93ca,Andrew Mueller,19/09/2025,14:52:51
Knowby Examples,87a64d61-4103-46f5-b142-db657b41786d,Creative LEGO Micro Build Ideas,4dd1-509e-67e290d9----bb68-afdb00c8af51,Cristian Gonzalez,28/11/2025,14:24:59
Knowby Examples,87a64d61-4103-46f5-b142-db657b41786d,Creative LEGO Micro Build Ideas,4dd1-509e-67e290d9----bb68-afdb00c8af51,Cristian Gonzalez,29/11/2024,14:48:10
Knowby Examples,87a64d61-4103-46f5-b142-db657b41786d,Creative LEGO Micro Build Ideas,4dd1-509e-67e290d9----bb68-afdb00c8af51,Cristian Gonzalez,29/11/2025,15:30:03
Knowby Examples,87a64d61-4103-46f5-b142-db657b41786d,Creative LEGO Micro Build Ideas,4dd1-509e-67e290d9----bb68-afdb00c8af51,Cristian Gonzalez,29/11/2024,09:56:53
Knowby Examples,87a64d61-4103-46f5-b142-db657b41786d,Creative LEGO Micro Build Ideas,4dd1-509e-67e290d9----bb68-afdb00c8af51,Cristian Gonzalez,29/11/2025,09:16:01
Knowby Examples,87a64d61-4103-46f5-b142-db657b41786d,Creative LEGO Micro Build Ideas,4dd1-509e-67e290d9----bb68-afdb00c8af51,Cristian Gonzalez,12/01/2025,08:21:58
Knowby Examples,87a64d61-4103-46f5-b142-db657b41786d,Creative LEGO Micro Build Ideas,4dd1-509e-67e290d9----bb68-afdb00c8af51,Cristian Gonzalez,12/01/2025,13:26:31
Knowby Examples,87a64d61-4103-46f5-b142-db657b41786d,Creative LEGO Micro Build Ideas,4dd1-509e-67e290d9----bb68-afdb00c8af51,Cristian Gonzalez,10/09/2025,16:16:14
Knowby Examples,87a64d61-4103-46f5-b142-db657b41786d,Creative LEGO Micro Build Ideas,4dd1-509e-67e290d9----bb68-afdb00c8af51,Cristian Gonzalez,10/09/2025,13:52:36
Knowby Examples,87a64d61-4103-46f5-b142-db657b41786d,Creative LEGO Micro Build Ideas,4dd1-509e-67e290d9----bb68-afdb00c8af51,Cristian Gonzalez,10/09/2025,09:46:03
Knowby Examples,87a64d61-4103-46f5-b142-db657b41786d,Creative LEGO Micro Build Ideas,4dd1-509e-67e290d9----bb68-afdb00c8af51,Cristian Gonzalez,18/10/2025,14:01:36
Knowby Examples,87a64d61-4103-46f5-b142-db657b41786d,Creative LEGO Micro Build Ideas,4dd1-509e-67e290d9----bb68-afdb00c8af51,Cristian Gonzalez,18/10/2024,17:30:41
Knowby Examples,87a64d61-4103-46f5-b142-db657b41786d,Creative LEGO Micro Build Ideas,4dd1-509e-67e290d9----bb68-afdb00c8af51,Cristian Gonzalez,18/10/2024,14:47:38
Knowby Examples,87a64d61-4103-46f5-b142-db657b41786d,Creative LEGO Micro Build Ideas,4dd1-509e-67e290d9----bb68-afdb00c8af51,Cristian Gonzalez,18/10/2025,09:58:18
Knowby Examples,87a64d61-4103-46f5-b142-db657b41786d,Creative LEGO Micro Build Ideas,4dd1-509e-67e290d9----bb68-afdb00c8af51,Cristian Gonzalez,18/10/2025,08:07:01
Knowby Examples,87a64d61-4103-46f5-b142-db657b41786d,Creative LEGO Micro Build Ideas,4dd1-509e-67e290d9----bb68-afdb00c8af51,Cristian Gonzalez,18/10/2025,12:54:25
Knowby Examples,87a64d61-4103-46f5-b142-db657b41786d,Creative LEGO Micro Build Ideas,4dd1-509e-67e290d9----bb68-afdb00c8af51,Cristian Gonzalez,18/10/2025,15:47:20
Knowby Examples,87a64d61-4103-46f5-b142-db657b41786d,Creative LEGO Micro Build Ideas,4dd1-509e-67e290d9----bb68-afdb00c8af51,Cristian Gonzalez,18/10/2025,17:24:27
Knowby Examples,87a64d61-4103-46f5-b142-db657b41786d,Creative LEGO Micro Build Ideas,4dd1-509e-67e290d9----bb68-afdb00c8af51,Cristian Gonzalez,18/10/2025,16:11:00
Knowby Examples,87a64d61-4103-46f5-b142-db657b41786d,Creative LEGO Micro Build Ideas,4dd1-509e-67e290d9----bb68-afdb00c8af51,Cristian Gonzalez,18/10/2025,09:00:11
Knowby Examples,87a64d61-4103-46f5-b142-db657b41786d,Creative LEGO Micro Build Ideas,4dd1-509e-67e290d9----bb68-afdb00c8af51,Cristian Gonzalez,18/10/2025,13:38:20
Knowby Examples,87a64d61-4103-46f5-b142-db657b41786d,Creative LEGO Micro Build Ideas,4dd1-509e-67e290d9----bb68-afdb00c8af51,Cristian Gonzalez,25/10/2025,12:30:25
Knowby Examples,87a64d61-4103-46f5-b142-db657b41786d,Creative LEGO Micro Build Ideas,4d2c-583f-adfb71a0----947b-af0c00af8d6b,Adriana Sanders,12/01/2025,12:10:53
Knowby Examples,87a64d61-4103-46f5-b142-db657b41786d,Creative LEGO Micro Build Ideas,4d2c-583f-adfb71a0----947b-af0c00af8d6b,Adriana Sanders,12/05/2024,11:32:26
Knowby Examples,87a64d61-4103-46f5-b142-db657b41786d,Creative LEGO Micro Build Ideas,4d2c-583f-adfb71a0----947b-af0c00af8d6b,Adriana Sanders,13/10/2025,11:13:04
Knowby Examples,87a64d61-4103-46f5-b142-db657b41786d,Creative LEGO Micro Build Ideas,4405-d6f6-e37511ad----906f-aefa00b1a961,Jeffrey Brown,28/11/2025,08:13:15
Knowby Examples,87a64d61-4103-46f5-b142-db657b41786d,Creative LEGO Micro Build Ideas,44ed-a978-e8d990e2----8b3d-aef900a6bb99,Robert Perez,28/11/2025,16:18:43
Knowby Examples,87a64d61-4103-46f5-b142-db657b41786d,Creative LEGO Micro Build Ideas,44ed-a978-e8d990e2----8b3d-aef900a6bb99,Robert Perez,29/11/2025,14:03:22
Knowby Examples,87a64d61-4103-46f5-b142-db657b41786d,Creative LEGO Micro Build Ideas,44ed-a978-e8d990e2----8b3d-aef900a6bb99,Robert Perez,29/11/2025,08:52:02
Knowby Examples,87a64d61-4103-46f5-b142-db657b41786d,Creative LEGO Micro Build Ideas,44ed-a978-e8d990e2----8b3d-aef900a6bb99,Robert Perez,30/11/2024,13:52:30
Knowby Examples,87a64d61-4103-46f5-b142-db657b41786d,Creative LEGO Micro Build Ideas,44ed-a978-e8d990e2----8b3d-aef900a6bb99,Robert Perez,30/11/2024,14:09:43
Knowby Examples,87a64d61-4103-46f5-b142-db657b41786d,Creative LEGO Micro Build Ideas,44ed-a978-e8d990e2----8b3d-aef900a6bb99,Robert Perez,30/11/2025,11:54:48
Knowby Examples,87a64d61-4103-46f5-b142-db657b41786d,Creative LEGO Micro Build Ideas,44ed-a978-e8d990e2----8b3d-aef900a6bb99,Robert Perez,30/11/2025,12:37:03
Knowby Examples,87a64d61-4103-46f5-b142-db657b41786d,Creative LEGO Micro Build Ideas,44ed-a978-e8d990e2----8b3d-aef900a6bb99,Robert Perez,30/11/2025,17:33:19
Knowby Examples,87a64d61-4103-46f5-b142-db657b41786d,Creative LEGO Micro Build Ideas,44ed-a978-e8d990e2----8b3d-aef900a6bb99,Robert Perez,30/11/2025,12:17:41
Knowby Examples,87a64d61-4103-46f5-b142-db657b41786d,Creative LEGO Micro Build Ideas,44ed-a978-e8d990e2----8b3d-aef900a6bb99,Robert Perez,12/01/2025,09:55:15
Knowby Examples,87a64d61-4103-46f5-b142-db657b41786d,Creative LEGO Micro Build Ideas,44ed-a978-e8d990e2----8b3d-aef900a6bb99,Robert Perez,12/01/2025,13:47:04
Knowby Examples,87a64d61-4103-46f5-b142-db657b41786d,Creative LEGO Micro Build Ideas,44ed-a978-e8d990e2----8b3d-aef900a6bb99,Robert Perez,12/01/2025,12:42:13
Knowby Examples,87a64d61-4103-46f5-b142-db657b41786d,Creative LEGO Micro Build Ideas,44ed-a978-e8d990e2----8b3d-aef900a6bb99,Robert Perez,12/01/2025,10:41:51
Knowby Examples,87a64d61-4103-46f5-b142-db657b41786d,Creative LEGO Micro Build Ideas,44ed-a978-e8d990e2----8b3d-aef900a6bb99,Robert Perez,12/01/2025,14:51:21
Knowby Examples,87a64d61-4103-46f5-b142-db657b41786d,Creative LEGO Micro Build Ideas,44ed-a978-e8d990e2----8b3d-aef900a6bb99,Robert Perez,08/06/2025,16:08:44
Knowby Examples,87a64d61-4103-46f5-b142-db657b41786d,Creative LEGO Micro Build Ideas,44ed-a978-e8d990e2----8b3d-aef900a6bb99,Robert Perez,10/09/2025,17:19:09
Knowby Examples,87a64d61-4103-46f5-b142-db657b41786d,Creative LEGO Micro Build Ideas,43bc-e7ae-89d089c6----851d-5f6cf54a10ec,Christopher Cunningham,10/10/2025,15:02:33
Knowby Examples,87a64d61-4103-46f5-b142-db657b41786d,Creative LEGO Micro Build Ideas,43bc-e7ae-89d089c6----851d-5f6cf54a10ec,Christopher Cunningham,10/10/2025,15:45:58
Knowby Examples,87a64d61-4103-46f5-b142-db657b41786d,Creative LEGO Micro Build Ideas,4ed4-864f-db17168a----9128-a3c9ddb6e3ea,Carol Jones,25/11/2025,12:19:58
Knowby Examples,87a64d61-4103-46f5-b142-db657b41786d,Creative LEGO Micro Build Ideas,4ed4-864f-db17168a----9128-a3c9ddb6e3ea,Carol Jones,26/11/2025,08:57:45
Knowby Examples,87a64d61-4103-46f5-b142-db657b41786d,Creative LEGO Micro Build Ideas,4ed4-864f-db17168a----9128-a3c9ddb6e3ea,Carol Jones,27/11/2025,12:38:43
Knowby Examples,87a64d61-4103-46f5-b142-db657b41786d,Creative LEGO Micro Build Ideas,4ed4-864f-db17168a----9128-a3c9ddb6e3ea,Carol Jones,27/11/2025,15:57:04
Knowby Examples,87a64d61-4103-46f5-b142-db657b41786d,Creative LEGO Micro Build Ideas,4ed4-864f-db17168a----9128-a3c9ddb6e3ea,Carol Jones,12/01/2025,13:49:55
Knowby Examples,87a64d61-4103-46f5-b142-db657b41786d,Creative LEGO Micro Build Ideas,4ed4-864f-db17168a----9128-a3c9ddb6e3ea,Carol Jones,12/01/2025,12:33:16
Knowby Examples,87a64d61-4103-46f5-b142-db657b41786d,Creative LEGO Micro Build Ideas,4ed4-864f-db17168a----9128-a3c9ddb6e3ea,Carol Jones,10/07/2024,12:13:49
Knowby Examples,87a64d61-4103-46f5-b142-db657b41786d,Creative LEGO Micro Build Ideas,4ed4-864f-db17168a----9128-a3c9ddb6e3ea,Carol Jones,10/08/2025,17:11:53
Knowby Examples,87a64d61-4103-46f5-b142-db657b41786d,Creative LEGO Micro Build Ideas,4ed4-864f-db17168a----9128-a3c9ddb6e3ea,Carol Jones,10/08/2025,12:27:41
Knowby Examples,87a64d61-4103-46f5-b142-db657b41786d,Creative LEGO Micro Build Ideas,4ed4-864f-db17168a----9128-a3c9ddb6e3ea,Carol Jones,10/08/2025,15:33:49
Knowby Examples,87a64d61-4103-46f5-b142-db657b41786d,Creative LEGO Micro Build Ideas,4ed4-864f-db17168a----9128-a3c9ddb6e3ea,Carol Jones,10/08/2024,08:23:56
Knowby Examples,87a64d61-4103-46f5-b142-db657b41786d,Creative LEGO Micro Build Ideas,4ed4-864f-db17168a----9128-a3c9ddb6e3ea,Carol Jones,10/08/2025,14:41:14
Knowby Examples,87a64d61-4103-46f5-b142-db657b41786d,Creative LEGO Micro Build Ideas,4ed4-864f-db17168a----9128-a3c9ddb6e3ea,Carol Jones,13/10/2025,12:26:49
Knowby Examples,87a64d61-4103-46f5-b142-db657b41786d,Creative LEGO Micro Build Ideas,4ed4-864f-db17168a----9128-a3c9ddb6e3ea,Carol Jones,14/10/2025,16:48:38
Knowby Examples,87a64d61-4103-46f5-b142-db657b41786d,Creative LEGO Micro Build Ideas,4ed4-864f-db17168a----9128-a3c9ddb6e3ea,Carol Jones,15/10/2025,08:56:14
Knowby Examples,87a64d61-4103-46f5-b142-db657b41786d,Creative LEGO Micro Build Ideas,4ed4-864f-db17168a----9128-a3c9ddb6e3ea,Carol Jones,17/10/2025,10:47:47
Knowby Examples,87a64d61-4103-46f5-b142-db657b41786d,Creative LEGO Micro Build Ideas,4ed4-864f-db17168a----9128-a3c9ddb6e3ea,Carol Jones,17/10/2025,17:19:26
Knowby Examples,87a64d61-4103-46f5-b142-db657b41786d,Creative LEGO Micro Build Ideas,4ed4-864f-db17168a----9128-a3c9ddb6e3ea,Carol Jones,23/10/2025,16:01:39
Knowby Examples,87a64d61-4103-46f5-b142-db657b41786d,Creative LEGO Micro Build Ideas,4ed4-864f-db17168a----9128-a3c9ddb6e3ea,Carol Jones,20/11/2025,12:00:08
Knowby Examples,87a64d61-4103-46f5-b142-db657b41786d,Creative LEGO Micro Build Ideas,4ed4-864f-db17168a----9128-a3c9ddb6e3ea,Carol Jones,20/11/2025,08:27:08
Knowby Examples,87a64d61-4103-46f5-b142-db657b41786d,Creative LEGO Micro Build Ideas,40cf-6eb7-521cd9aa----b44e-b3bc2ae815ea,Robert Rodriguez,14/10/2025,11:04:02
Knowby Examples,87a64d61-4103-46f5-b142-db657b41786d,Creative LEGO Micro Build Ideas,4d1a-2d52-b574cc8e----b6c0-af3b0075112b,Melanie Wilson,12/01/2025,13:41:55
Knowby Examples,87a64d61-4103-46f5-b142-db657b41786d,Creative LEGO Micro Build Ideas,4d1a-2d52-b574cc8e----b6c0-af3b0075112b,Melanie Wilson,12/04/2025,10:24:12
Knowby Examples,87a64d61-4103-46f5-b142-db657b41786d,Creative LEGO Micro Build Ideas,4d1a-2d52-b574cc8e----b6c0-af3b0075112b,Melanie Wilson,12/04/2025,09:49:40
Knowby Examples,cf570255-758c-4439-bf37-b4eec6076705,First Step Solutions – Your Path to Success,489c-c9c4-29fad270----aab7-af440073e71a,John Jones,15/11/2025,11:36:50
Knowby Examples,cf570255-758c-4439-bf37-b4eec6076705,First Step Solutions – Your Path to Success,4dd1-509e-67e290d9----bb68-afdb00c8af51,Cristian Gonzalez,13/11/2025,11:08:33
Knowby Examples,cf570255-758c-4439-bf37-b4eec6076705,First Step Solutions – Your Path to Success,4dd1-509e-67e290d9----bb68-afdb00c8af51,Cristian Gonzalez,14/11/2025,10:23:04
Knowby Examples,cf570255-758c-4439-bf37-b4eec6076705,First Step Solutions – Your Path to Success,4dd1-509e-67e290d9----bb68-afdb00c8af51,Cristian Gonzalez,14/11/2024,14:31:51
Knowby Examples,cf570255-758c-4439-bf37-b4eec6076705,First Step Solutions – Your Path to Success,4dd1-509e-67e290d9----bb68-afdb00c8af51,Cristian Gonzalez,15/11/2024,10:09:04
Knowby Examples,cf570255-758c-4439-bf37-b4eec6076705,First Step Solutions – Your Path to Success,4dd1-509e-67e290d9----bb68-afdb00c8af51,Cristian Gonzalez,15/11/2025,09:28:38
Knowby Examples,cf570255-758c-4439-bf37-b4eec6076705,First Step Solutions – Your Path to Success,4dd1-509e-67e290d9----bb68-afdb00c8af51,Cristian Gonzalez,15/11/2025,12:27:57
Knowby Examples,cf570255-758c-4439-bf37-b4eec6076705,First Step Solutions – Your Path to Success,44ed-a978-e8d990e2----8b3d-aef900a6bb99,Robert Perez,17/11/2025,14:55:08
Knowby Examples,cf570255-758c-4439-bf37-b4eec6076705,First Step Solutions – Your Path to Success,44ed-a978-e8d990e2----8b3d-aef900a6bb99,Robert Perez,17/01/2025,11:06:56
Knowby Examples,cf570255-758c-4439-bf37-b4eec6076705,First Step Solutions – Your Path to Success,44ed-a978-e8d990e2----8b3d-aef900a6bb99,Robert Perez,17/01/2025,10:10:07
Knowby Examples,cf570255-758c-4439-bf37-b4eec6076705,First Step Solutions – Your Path to Success,43bc-e7ae-89d089c6----851d-5f6cf54a10ec,Christopher Cunningham,15/11/2025,16:42:16
Knowby Examples,cf570255-758c-4439-bf37-b4eec6076705,First Step Solutions – Your Path to Success,4ed4-864f-db17168a----9128-a3c9ddb6e3ea,Carol Jones,11/12/2025,11:36:09
Knowby Examples,cf570255-758c-4439-bf37-b4eec6076705,First Step Solutions – Your Path to Success,4ed4-864f-db17168a----9128-a3c9ddb6e3ea,Carol Jones,11/12/2024,09:31:23
Knowby Examples,cf570255-758c-4439-bf37-b4eec6076705,First Step Solutions – Your Path to Success,4ed4-864f-db17168a----9128-a3c9ddb6e3ea,Carol Jones,11/12/2025,13:15:12
Knowby Examples,cf570255-758c-4439-bf37-b4eec6076705,First Step Solutions – Your Path to Success,4ed4-864f-db17168a----9128-a3c9ddb6e3ea,Carol Jones,11/12/2025,15:09:27
Knowby Examples,cf570255-758c-4439-bf37-b4eec6076705,First Step Solutions – Your Path to Success,4ed4-864f-db17168a----9128-a3c9ddb6e3ea,Carol Jones,11/12/2025,09:20:12
Knowby Examples,cf570255-758c-4439-bf37-b4eec6076705,First Step Solutions – Your Path to Success,4ed4-864f-db17168a----9128-a3c9ddb6e3ea,Carol Jones,11/12/2025,08:51:38
Knowby Examples,cf570255-758c-4439-bf37-b4eec6076705,First Step Solutions – Your Path to Success,4ed4-864f-db17168a----9128-a3c9ddb6e3ea,Carol Jones,11/12/2025,10:57:20
Knowby Examples,cf570255-758c-4439-bf37-b4eec6076705,First Step Solutions – Your Path to Success,4ed4-864f-db17168a----9128-a3c9ddb6e3ea,Carol Jones,14/11/2025,11:38:49
Knowby Examples,cf570255-758c-4439-bf37-b4eec6076705,First Step Solutions – Your Path to Success,4ed4-864f-db17168a----9128-a3c9ddb6e3ea,Carol Jones,17/11/2025,14:31:48
Knowby Examples,cf570255-758c-4439-bf37-b4eec6076705,First Step Solutions – Your Path to Success,4f16-eda6-7db766e9----bc66-af8100c46bb3,Jared Foster,15/11/2025,08:37:03
Knowby Examples,faa98453-deb1-455d-8e29-9d43e12372a3,Yakima Roof Rack Installation (K328 Kit),4dd1-509e-67e290d9----bb68-afdb00c8af51,Cristian Gonzalez,27/11/2025,09:17:20
Knowby Examples,faa98453-deb1-455d-8e29-9d43e12372a3,Yakima Roof Rack Installation (K328 Kit),4dd1-509e-67e290d9----bb68-afdb00c8af51,Cristian Gonzalez,27/11/2025,11:18:08
Knowby Examples,faa98453-deb1-455d-8e29-9d43e12372a3,Yakima Roof Rack Installation (K328 Kit),4d2c-583f-adfb71a0----947b-af0c00af8d6b,Adriana Sanders,22/12/2025,13:00:24
Knowby Examples,faa98453-deb1-455d-8e29-9d43e12372a3,Yakima Roof Rack Installation (K328 Kit),44ed-a978-e8d990e2----8b3d-aef900a6bb99,Robert Perez,29/11/2025,12:50:30
Knowby Examples,faa98453-deb1-455d-8e29-9d43e12372a3,Yakima Roof Rack Installation (K328 Kit),44ed-a978-e8d990e2----8b3d-aef900a6bb99,Robert Perez,12/05/2024,14:06:11
Knowby Examples,faa98453-deb1-455d-8e29-9d43e12372a3,Yakima Roof Rack Installation (K328 Kit),44ed-a978-e8d990e2----8b3d-aef900a6bb99,Robert Perez,12/08/2025,08:54:17
Knowby Examples,faa98453-deb1-455d-8e29-9d43e12372a3,Yakima Roof Rack Installation (K328 Kit),44ed-a978-e8d990e2----8b3d-aef900a6bb99,Robert Perez,01/08/2025,08:47:52
Knowby Examples,faa98453-deb1-455d-8e29-9d43e12372a3,Yakima Roof Rack Installation (K328 Kit),43bc-e7ae-89d089c6----851d-5f6cf54a10ec,Christopher Cunningham,27/11/2025,11:15:01
Knowby Examples,faa98453-deb1-455d-8e29-9d43e12372a3,Yakima Roof Rack Installation (K328 Kit),43bc-e7ae-89d089c6----851d-5f6cf54a10ec,Christopher Cunningham,27/11/2025,17:54:04
Knowby Examples,faa98453-deb1-455d-8e29-9d43e12372a3,Yakima Roof Rack Installation (K328 Kit),4ed4-864f-db17168a----9128-a3c9ddb6e3ea,Carol Jones,26/11/2025,12:28:22
Knowby Examples,faa98453-deb1-455d-8e29-9d43e12372a3,Yakima Roof Rack Installation (K328 Kit),4ed4-864f-db17168a----9128-a3c9ddb6e3ea,Carol Jones,26/11/2024,12:15:32
Knowby Examples,faa98453-deb1-455d-8e29-9d43e12372a3,Yakima Roof Rack Installation (K328 Kit),4ed4-864f-db17168a----9128-a3c9ddb6e3ea,Carol Jones,26/11/2025,16:17:01
Knowby Examples,faa98453-deb1-455d-8e29-9d43e12372a3,Yakima Roof Rack Installation (K328 Kit),4ed4-864f-db17168a----9128-a3c9ddb6e3ea,Carol Jones,26/11/2025,17:50:23
Knowby Examples,faa98453-deb1-455d-8e29-9d43e12372a3,Yakima Roof Rack Installation (K328 Kit),4ed4-864f-db17168a----9128-a3c9ddb6e3ea,Carol Jones,27/11/2025,16:16:07
Knowby Examples,faa98453-deb1-455d-8e29-9d43e12372a3,Yakima Roof Rack Installation (K328 Kit),4ed4-864f-db17168a----9128-a3c9ddb6e3ea,Carol Jones,18/12/2025,13:05:22
Knowby Examples,faa98453-deb1-455d-8e29-9d43e12372a3,Yakima Roof Rack Installation (K328 Kit),4ed4-864f-db17168a----9128-a3c9ddb6e3ea,Carol Jones,18/12/2025,16:25:41
Knowby Examples,faa98453-deb1-455d-8e29-9d43e12372a3,Yakima Roof Rack Installation (K328 Kit),4ed4-864f-db17168a----9128-a3c9ddb6e3ea,Carol Jones,18/12/2025,16:45:31
Knowby Examples,faa98453-deb1-455d-8e29-9d43e12372a3,Yakima Roof Rack Installation (K328 Kit),4ed4-864f-db17168a----9128-a3c9ddb6e3ea,Carol Jones,18/12/2025,16:06:37
Knowby Examples,faa98453-deb1-455d-8e29-9d43e12372a3,Yakima Roof Rack Installation (K328 Kit),4ed4-864f-db17168a----9128-a3c9ddb6e3ea,Carol Jones,18/12/2025,11:08:59
Knowby Examples,faa98453-deb1-455d-8e29-9d43e12372a3,Yakima Roof Rack Installation (K328 Kit),4ed4-864f-db17168a----9128-a3c9ddb6e3ea,Carol Jones,18/12/2024,08:26:57
Knowby Examples,faa98453-deb1-455d-8e29-9d43e12372a3,Yakima Roof Rack Installation (K328 Kit),4ed4-864f-db17168a----9128-a3c9ddb6e3ea,Carol Jones,18/12/2025,16:15:10
Knowby Examples,faa98453-deb1-455d-8e29-9d43e12372a3,Yakima Roof Rack Installation (K328 Kit),4ed4-864f-db17168a----9128-a3c9ddb6e3ea,Carol Jones,18/12/2025,10:22:16
Knowby Examples,faa98453-deb1-455d-8e29-9d43e12372a3,Yakima Roof Rack Installation (K328 Kit),4ed4-864f-db17168a----9128-a3c9ddb6e3ea,Carol Jones,18/12/2025,16:43:03
Knowby Examples,faa98453-deb1-455d-8e29-9d43e12372a3,Yakima Roof Rack Installation (K328 Kit),4ed4-864f-db17168a----9128-a3c9ddb6e3ea,Carol Jones,29/01/2025,13:48:03
Knowby Examples,faa98453-deb1-455d-8e29-9d43e12372a3,Yakima Roof Rack Installation (K328 Kit),40cf-6eb7-521cd9aa----b44e-b3bc2ae815ea,Robert Rodriguez,29/01/2025,09:22:46
Knowby Examples,faa98453-deb1-455d-8e29-9d43e12372a3,Yakima Roof Rack Installation (K328 Kit),40cf-6eb7-521cd9aa----b44e-b3bc2ae815ea,Robert Rodriguez,25/02/2025,13:38:32
Knowby Examples,faa98453-deb1-455d-8e29-9d43e12372a3,Yakima Roof Rack Installation (K328 Kit),40cf-6eb7-521cd9aa----b44e-b3bc2ae815ea,Robert Rodriguez,25/02/2025,14:29:51
Knowby Examples,faa98453-deb1-455d-8e29-9d43e12372a3,Yakima Roof Rack Installation (K328 Kit),40cf-6eb7-521cd9aa----b44e-b3bc2ae815ea,Robert Rodriguez,25/02/2025,09:10:43
Knowby Examples,faa98453-deb1-455d-8e29-9d43e12372a3,Yakima Roof Rack Installation (K328 Kit),4ed1-affe-79057836----9ea2-adc551671be2,John Terrell,26/11/2024,15:31:54
Knowby Examples,faa98453-deb1-455d-8e29-9d43e12372a3,Yakima Roof Rack Installation (K328 Kit),4f16-eda6-7db766e9----bc66-af8100c46bb3,Jared Foster,26/11/2025,14:23:13
Knowby Examples,faa98453-deb1-455d-8e29-9d43e12372a3,Yakima Roof Rack Installation (K328 Kit),4f16-eda6-7db766e9----bc66-af8100c46bb3,Jared Foster,26/11/2025,09:53:29
Knowby Examples,faa98453-deb1-455d-8e29-9d43e12372a3,Yakima Roof Rack Installation (K328 Kit),4f16-eda6-7db766e9----bc66-af8100c46bb3,Jared Foster,26/11/2025,09:31:34
Knowby Examples,faa98453-deb1-455d-8e29-9d43e12372a3,Yakima Roof Rack Installation (K328 Kit),4f16-eda6-7db766e9----bc66-af8100c46bb3,Jared Foster,26/11/2025,14:46:19
Knowby Examples,faa98453-deb1-455d-8e29-9d43e12372a3,Yakima Roof Rack Installation (K328 Kit),4f16-eda6-7db766e9----bc66-af8100c46bb3,Jared Foster,26/11/2024,12:36:47
Knowby Examples,faa98453-deb1-455d-8e29-9d43e12372a3,Yakima Roof Rack Installation (K328 Kit),409d-3bdc-4417dd91----8aea-d6ea712d295b,Lisa Reeves,14/04/2025,09:39:46
Knowby Examples,faa98453-deb1-455d-8e29-9d43e12372a3,Yakima Roof Rack Installation (K328 Kit),409d-3bdc-4417dd91----8aea-d6ea712d295b,Lisa Reeves,14/04/2025,17:07:59
Knowby Examples,faa98453-deb1-455d-8e29-9d43e12372a3,Yakima Roof Rack Installation (K328 Kit),4d1a-2d52-b574cc8e----b6c0-af3b0075112b,Melanie Wilson,23/01/2025,13:26:01
Knowby Examples,faa98453-deb1-455d-8e29-9d43e12372a3,Yakima Roof Rack Installation (K328 Kit),4ed4-864f-db17168a----9128-a3c9ddb6e3ea,Carol Jones,03/11/2025,09:07:19
Knowby Examples,faa98453-deb1-455d-8e29-9d43e12372a3,Yakima Roof Rack Installation (K328 Kit),4ed4-864f-db17168a----9128-a3c9ddb6e3ea,Carol Jones,03/11/2025,14:33:03
Knowby Examples,faa98453-deb1-455d-8e29-9d43e12372a3,Yakima Roof Rack Installation (K328 Kit),4ed4-864f-db17168a----9128-a3c9ddb6e3ea,Carol Jones,18/03/2025,12:04:33
Knowby Examples,faa98453-deb1-455d-8e29-9d43e12372a3,Yakima Roof Rack Installation (K328 Kit),4ed4-864f-db17168a----9128-a3c9ddb6e3ea,Carol Jones,18/03/2025,16:38:32
Knowby Examples,faa98453-deb1-455d-8e29-9d43e12372a3,Yakima Roof Rack Installation (K328 Kit),4ed4-864f-db17168a----9128-a3c9ddb6e3ea,Carol Jones,20/03/2025,17:00:20
Knowby Examples,67734e4c-44c3-4bb5-87f2-d4421d2f316a,Create a Fun Paper Bird with Your Kids,489c-c9c4-29fad270----aab7-af440073e71a,John Jones,03/07/2025,12:34:21
Knowby Examples,67734e4c-44c3-4bb5-87f2-d4421d2f316a,Create a Fun Paper Bird with Your Kids,4dd1-509e-67e290d9----bb68-afdb00c8af51,Cristian Gonzalez,28/11/2024,15:31:57
Knowby Examples,67734e4c-44c3-4bb5-87f2-d4421d2f316a,Create a Fun Paper Bird with Your Kids,4dd1-509e-67e290d9----bb68-afdb00c8af51,Cristian Gonzalez,21/12/2025,14:16:02
Knowby Examples,67734e4c-44c3-4bb5-87f2-d4421d2f316a,Create a Fun Paper Bird with Your Kids,4dd1-509e-67e290d9----bb68-afdb00c8af51,Cristian Gonzalez,01/06/2025,08:04:47
Knowby Examples,67734e4c-44c3-4bb5-87f2-d4421d2f316a,Create a Fun Paper Bird with Your Kids,4dd1-509e-67e290d9----bb68-afdb00c8af51,Cristian Gonzalez,01/06/2025,16:04:58
Knowby Examples,67734e4c-44c3-4bb5-87f2-d4421d2f316a,Create a Fun Paper Bird with Your Kids,4d2c-583f-adfb71a0----947b-af0c00af8d6b,Adriana Sanders,22/01/2025,12:00:20
Knowby Examples,67734e4c-44c3-4bb5-87f2-d4421d2f316a,Create a Fun Paper Bird with Your Kids,499e-cb38-526fa60a----93b8-2a420487c6bc,Jesse Delgado,22/01/2024,11:42:53
Knowby Examples,67734e4c-44c3-4bb5-87f2-d4421d2f316a,Create a Fun Paper Bird with Your Kids,411c-f567-2e4c7697----90d9-1cccc21596a3,Regina Evans,12/02/2025,10:08:08
Knowby Examples,67734e4c-44c3-4bb5-87f2-d4421d2f316a,Create a Fun Paper Bird with Your Kids,44ed-a978-e8d990e2----8b3d-aef900a6bb99,Robert Perez,29/11/2025,16:09:48
Knowby Examples,67734e4c-44c3-4bb5-87f2-d4421d2f316a,Create a Fun Paper Bird with Your Kids,44ed-a978-e8d990e2----8b3d-aef900a6bb99,Robert Perez,12/02/2024,12:38:13
Knowby Examples,67734e4c-44c3-4bb5-87f2-d4421d2f316a,Create a Fun Paper Bird with Your Kids,44ed-a978-e8d990e2----8b3d-aef900a6bb99,Robert Perez,13/01/2025,17:11:29
Knowby Examples,67734e4c-44c3-4bb5-87f2-d4421d2f316a,Create a Fun Paper Bird with Your Kids,4ed4-864f-db17168a----9128-a3c9ddb6e3ea,Carol Jones,26/11/2024,11:53:53
Knowby Examples,67734e4c-44c3-4bb5-87f2-d4421d2f316a,Create a Fun Paper Bird with Your Kids,4ed4-864f-db17168a----9128-a3c9ddb6e3ea,Carol Jones,27/11/2025,10:10:46
Knowby Examples,67734e4c-44c3-4bb5-87f2-d4421d2f316a,Create a Fun Paper Bird with Your Kids,4ed4-864f-db17168a----9128-a3c9ddb6e3ea,Carol Jones,27/11/2025,12:46:13
Knowby Examples,67734e4c-44c3-4bb5-87f2-d4421d2f316a,Create a Fun Paper Bird with Your Kids,4ed4-864f-db17168a----9128-a3c9ddb6e3ea,Carol Jones,27/11/2025,08:03:17
Knowby Examples,67734e4c-44c3-4bb5-87f2-d4421d2f316a,Create a Fun Paper Bird with Your Kids,4ed4-864f-db17168a----9128-a3c9ddb6e3ea,Carol Jones,12/08/2025,16:19:58
Knowby Examples,67734e4c-44c3-4bb5-87f2-d4421d2f316a,Create a Fun Paper Bird with Your Kids,4ed4-864f-db17168a----9128-a3c9ddb6e3ea,Carol Jones,19/12/2025,12:30:15
Knowby Examples,67734e4c-44c3-4bb5-87f2-d4421d2f316a,Create a Fun Paper Bird with Your Kids,4ed4-864f-db17168a----9128-a3c9ddb6e3ea,Carol Jones,13/01/2025,08:37:24
Knowby Examples,67734e4c-44c3-4bb5-87f2-d4421d2f316a,Create a Fun Paper Bird with Your Kids,4f16-eda6-7db766e9----bc66-af8100c46bb3,Jared Foster,18/11/2025,11:43:24
Knowby Examples,67734e4c-44c3-4bb5-87f2-d4421d2f316a,Create a Fun Paper Bird with Your Kids,4f16-eda6-7db766e9----bc66-af8100c46bb3,Jared Foster,18/11/2025,10:25:30
Knowby Examples,67734e4c-44c3-4bb5-87f2-d4421d2f316a,Create a Fun Paper Bird with Your Kids,4f16-eda6-7db766e9----bc66-af8100c46bb3,Jared Foster,18/11/2025,17:23:02
Knowby Examples,67734e4c-44c3-4bb5-87f2-d4421d2f316a,Create a Fun Paper Bird with Your Kids,4f16-eda6-7db766e9----bc66-af8100c46bb3,Jared Foster,27/11/2025,08:21:13
Knowby Examples,67734e4c-44c3-4bb5-87f2-d4421d2f316a,Create a Fun Paper Bird with Your Kids,4f16-eda6-7db766e9----bc66-af8100c46bb3,Jared Foster,27/11/2024,10:21:54
Knowby Examples,20fc08f1-4507-4965-b258-c31c27668f16,Learn Excel Pivot Tables Example Spreadsheet Included,489c-c9c4-29fad270----aab7-af440073e71a,John Jones,03/07/2025,13:59:22
Knowby Examples,20fc08f1-4507-4965-b258-c31c27668f16,Learn Excel Pivot Tables Example Spreadsheet Included,4ed4-864f-db17168a----9128-a3c9ddb6e3ea,Carol Jones,16/02/2025,10:05:27
Knowby Examples,20fc08f1-4507-4965-b258-c31c27668f16,Learn Excel Pivot Tables Example Spreadsheet Included,4ed4-864f-db17168a----9128-a3c9ddb6e3ea,Carol Jones,16/02/2025,11:09:20
Knowby Examples,20fc08f1-4507-4965-b258-c31c27668f16,Learn Excel Pivot Tables Example Spreadsheet Included,4ed4-864f-db17168a----9128-a3c9ddb6e3ea,Carol Jones,16/02/2025,17:49:45
Knowby Examples,20fc08f1-4507-4965-b258-c31c27668f16,Learn Excel Pivot Tables Example Spreadsheet Included,4ed4-864f-db17168a----9128-a3c9ddb6e3ea,Carol Jones,16/02/2024,12:58:31
Knowby Examples,20fc08f1-4507-4965-b258-c31c27668f16,Learn Excel Pivot Tables Example Spreadsheet Included,4ed4-864f-db17168a----9128-a3c9ddb6e3ea,Carol Jones,16/02/2024,08:07:43
Knowby Examples,20fc08f1-4507-4965-b258-c31c27668f16,Learn Excel Pivot Tables Example Spreadsheet Included,4e42-3ecf-a947652f----8d8f-1b0d973d1bbf,Robert Taylor,17/02/2025,09:22:17
Knowby Examples,20fc08f1-4507-4965-b258-c31c27668f16,Learn Excel Pivot Tables Example Spreadsheet Included,4ed4-864f-db17168a----9128-a3c9ddb6e3ea,Carol Jones,03/11/2025,13:42:47
Knowby Examples,20fc08f1-4507-4965-b258-c31c27668f16,Learn Excel Pivot Tables Example Spreadsheet Included,4ed4-864f-db17168a----9128-a3c9ddb6e3ea,Carol Jones,03/11/2025,11:24:58
Knowby Examples,e91d0a0e-a99d-48b7-a014-a943a3599f79,How Dad Shoes Turned New Balance Into A 5 Billion Brand,44ed-a978-e8d990e2----8b3d-aef900a6bb99,Robert Perez,16/02/2024,14:57:02
Knowby Examples,e91d0a0e-a99d-48b7-a014-a943a3599f79,How Dad Shoes Turned New Balance Into A 5 Billion Brand,44ed-a978-e8d990e2----8b3d-aef900a6bb99,Robert Perez,16/02/2025,12:41:31
Knowby Examples,e91d0a0e-a99d-48b7-a014-a943a3599f79,How Dad Shoes Turned New Balance Into A 5 Billion Brand,4ed4-864f-db17168a----9128-a3c9ddb6e3ea,Carol Jones,16/02/2025,08:53:44
Knowby Examples,e91d0a0e-a99d-48b7-a014-a943a3599f79,How Dad Shoes Turned New Balance Into A 5 Billion Brand,4ed4-864f-db17168a----9128-a3c9ddb6e3ea,Carol Jones,16/02/2025,13:55:26
Knowby Examples,e91d0a0e-a99d-48b7-a014-a943a3599f79,How Dad Shoes Turned New Balance Into A 5 Billion Brand,4ed4-864f-db17168a----9128-a3c9ddb6e3ea,Carol Jones,16/02/2025,08:56:58
Knowby Examples,e91d0a0e-a99d-48b7-a014-a943a3599f79,How Dad Shoes Turned New Balance Into A 5 Billion Brand,4e42-3ecf-a947652f----8d8f-1b0d973d1bbf,Robert Taylor,17/02/2025,10:05:26
Knowby Examples,e91d0a0e-a99d-48b7-a014-a943a3599f79,How Dad Shoes Turned New Balance Into A 5 Billion Brand,4e42-3ecf-a947652f----8d8f-1b0d973d1bbf,Robert Taylor,17/02/2024,14:53:29
Knowby Examples,43c15f64-fce0-4f70-8d12-d68f9c4df56e,Unknown v2,4ed4-864f-db17168a----9128-a3c9ddb6e3ea,Carol Jones,16/02/2025,15:22:33
Knowby Examples,7c78a778-4608-4c3c-890b-d6e157c6bb38,How To Clean Your Suede Sneakers The BEST Way,4ed4-864f-db17168a----9128-a3c9ddb6e3ea,Carol Jones,16/02/2025,12:22:19
Knowby Examples,7c78a778-4608-4c3c-890b-d6e157c6bb38,How To Clean Your Suede Sneakers The BEST Way,4ed4-864f-db17168a----9128-a3c9ddb6e3ea,Carol Jones,16/02/2025,12:30:01
Knowby Examples,7c78a778-4608-4c3c-890b-d6e157c6bb38,How To Clean Your Suede Sneakers The BEST Way,4ed4-864f-db17168a----9128-a3c9ddb6e3ea,Carol Jones,16/02/2025,14:37:15
Knowby Examples,7c78a778-4608-4c3c-890b-d6e157c6bb38,How To Clean Your Suede Sneakers The BEST Way,4f16-eda6-7db766e9----bc66-af8100c46bb3,Jared Foster,17/02/2024,08:52:27
Knowby Examples,a0e4b58c-63c6-4d1a-8bbb-6e0791e5759c,Unknown,40cf-6eb7-521cd9aa----b44e-b3bc2ae815ea,Robert Rodriguez,21/02/2025,14:55:12
Knowby Examples,e8160d44-bcaa-4f1f-84bc-5e41a1b112e0,Unknown,40cf-6eb7-521cd9aa----b44e-b3bc2ae815ea,Robert Rodriguez,21/02/2025,12:07:05
Knowby Examples,07b489c7-5334-4075-90b9-17efcb26330d,Nespresso Inissia How to Directions for the first use,4cb2-65da-696d957b----9f0d-54f7230f93ca,Andrew Mueller,21/03/2025,17:41:19
Knowby Examples,07b489c7-5334-4075-90b9-17efcb26330d,Nespresso Inissia How to Directions for the first use,4ed4-864f-db17168a----9128-a3c9ddb6e3ea,Carol Jones,21/03/2025,11:44:57
Knowby Examples,07b489c7-5334-4075-90b9-17efcb26330d,Nespresso Inissia How to Directions for the first use,4ed4-864f-db17168a----9128-a3c9ddb6e3ea,Carol Jones,21/03/2024,10:43:23
Knowby Examples,7b19315f-cb26-4003-bffa-ff96be70c583,Komatsu PC490LC 11 excavator cab controls,40cf-6eb7-521cd9aa----b44e-b3bc2ae815ea,Robert Rodriguez,21/03/2024,15:04:44
Knowby Examples,8a2f7b72-7ae8-406e-8671-4f8b351000a9,5Cs for Health and Safety Governance: A Quick Guide,400d-dbe2-f01d079d----af6e-af3d005280aa,Rhonda Evans,29/11/2025,17:57:13
Knowby Examples,8a2f7b72-7ae8-406e-8671-4f8b351000a9,5Cs for Health and Safety Governance: A Quick Guide,4dd1-509e-67e290d9----bb68-afdb00c8af51,Cristian Gonzalez,11/05/2025,11:29:45
Knowby Examples,8a2f7b72-7ae8-406e-8671-4f8b351000a9,5Cs for Health and Safety Governance: A Quick Guide,4dd1-509e-67e290d9----bb68-afdb00c8af51,Cristian Gonzalez,11/05/2025,12:32:09
Knowby Examples,8a2f7b72-7ae8-406e-8671-4f8b351000a9,5Cs for Health and Safety Governance: A Quick Guide,4dd1-509e-67e290d9----bb68-afdb00c8af51,Cristian Gonzalez,11/05/2025,12:34:06
Knowby Examples,8a2f7b72-7ae8-406e-8671-4f8b351000a9,5Cs for Health and Safety Governance: A Quick Guide,4dd1-509e-67e290d9----bb68-afdb00c8af51,Cristian Gonzalez,21/12/2025,12:59:49
Knowby Examples,8a2f7b72-7ae8-406e-8671-4f8b351000a9,5Cs for Health and Safety Governance: A Quick Guide,4d2c-583f-adfb71a0----947b-af0c00af8d6b,Adriana Sanders,13/09/2025,15:41:31
Knowby Examples,8a2f7b72-7ae8-406e-8671-4f8b351000a9,5Cs for Health and Safety Governance: A Quick Guide,4d2c-583f-adfb71a0----947b-af0c00af8d6b,Adriana Sanders,22/01/2025,12:03:43
Knowby Examples,8a2f7b72-7ae8-406e-8671-4f8b351000a9,5Cs for Health and Safety Governance: A Quick Guide,411c-f567-2e4c7697----90d9-1cccc21596a3,Regina Evans,01/05/2025,14:34:26
Knowby Examples,8a2f7b72-7ae8-406e-8671-4f8b351000a9,5Cs for Health and Safety Governance: A Quick Guide,44ed-a978-e8d990e2----8b3d-aef900a6bb99,Robert Perez,30/10/2025,10:37:41
Knowby Examples,8a2f7b72-7ae8-406e-8671-4f8b351000a9,5Cs for Health and Safety Governance: A Quick Guide,44ed-a978-e8d990e2----8b3d-aef900a6bb99,Robert Perez,12/05/2025,15:59:25
Knowby Examples,8a2f7b72-7ae8-406e-8671-4f8b351000a9,5Cs for Health and Safety Governance: A Quick Guide,44ed-a978-e8d990e2----8b3d-aef900a6bb99,Robert Perez,12/07/2025,14:21:56
Knowby Examples,8a2f7b72-7ae8-406e-8671-4f8b351000a9,5Cs for Health and Safety Governance: A Quick Guide,44ed-a978-e8d990e2----8b3d-aef900a6bb99,Robert Perez,12/07/2025,15:32:01
Knowby Examples,8a2f7b72-7ae8-406e-8671-4f8b351000a9,5Cs for Health and Safety Governance: A Quick Guide,44ed-a978-e8d990e2----8b3d-aef900a6bb99,Robert Perez,12/07/2024,10:40:02
Knowby Examples,8a2f7b72-7ae8-406e-8671-4f8b351000a9,5Cs for Health and Safety Governance: A Quick Guide,4ed4-864f-db17168a----9128-a3c9ddb6e3ea,Carol Jones,25/07/2025,14:20:42
Knowby Examples,8a2f7b72-7ae8-406e-8671-4f8b351000a9,5Cs for Health and Safety Governance: A Quick Guide,4ed4-864f-db17168a----9128-a3c9ddb6e3ea,Carol Jones,16/09/2025,09:29:59
Knowby Examples,8a2f7b72-7ae8-406e-8671-4f8b351000a9,5Cs for Health and Safety Governance: A Quick Guide,4ed4-864f-db17168a----9128-a3c9ddb6e3ea,Carol Jones,19/12/2025,17:34:47
Knowby Examples,8a2f7b72-7ae8-406e-8671-4f8b351000a9,5Cs for Health and Safety Governance: A Quick Guide,4ce8-8c89-f1a68cdd----9925-4c51c1d10ac1,Lisa Smith,21/02/2025,09:15:10
Knowby Examples,8a2f7b72-7ae8-406e-8671-4f8b351000a9,5Cs for Health and Safety Governance: A Quick Guide,4dc6-89f6-9778ae6d----819e-19d9f7801bfa,Amy Brown,26/07/2025,09:20:34
Knowby Examples,985a47a7-1b9c-4fcb-bc47-60a2a73227c4,Knowby Studio,4dd1-509e-67e290d9----bb68-afdb00c8af51,Cristian Gonzalez,28/05/2025,13:12:21
Knowby Examples,985a47a7-1b9c-4fcb-bc47-60a2a73227c4,Knowby Studio,4dd1-509e-67e290d9----bb68-afdb00c8af51,Cristian Gonzalez,28/05/2024,17:18:28
Knowby Examples,985a47a7-1b9c-4fcb-bc47-60a2a73227c4,Knowby Studio,4dd1-509e-67e290d9----bb68-afdb00c8af51,Cristian Gonzalez,31/05/2025,09:41:28
Knowby Examples,985a47a7-1b9c-4fcb-bc47-60a2a73227c4,Knowby Studio,4dd1-509e-67e290d9----bb68-afdb00c8af51,Cristian Gonzalez,16/07/2024,09:17:57
Knowby Examples,985a47a7-1b9c-4fcb-bc47-60a2a73227c4,Knowby Studio,4d2c-583f-adfb71a0----947b-af0c00af8d6b,Adriana Sanders,23/05/2025,17:56:13
Knowby Examples,985a47a7-1b9c-4fcb-bc47-60a2a73227c4,Knowby Studio,4d2c-583f-adfb71a0----947b-af0c00af8d6b,Adriana Sanders,06/09/2025,09:07:45
Knowby Examples,985a47a7-1b9c-4fcb-bc47-60a2a73227c4,Knowby Studio,4d2c-583f-adfb71a0----947b-af0c00af8d6b,Adriana Sanders,23/06/2025,17:47:11
Knowby Examples,985a47a7-1b9c-4fcb-bc47-60a2a73227c4,Knowby Studio,4d2c-583f-adfb71a0----947b-af0c00af8d6b,Adriana Sanders,28/06/2025,11:26:39
Knowby Examples,985a47a7-1b9c-4fcb-bc47-60a2a73227c4,Knowby Studio,411c-f567-2e4c7697----90d9-1cccc21596a3,Regina Evans,11/07/2025,16:00:55
Knowby Examples,985a47a7-1b9c-4fcb-bc47-60a2a73227c4,Knowby Studio,411c-f567-2e4c7697----90d9-1cccc21596a3,Regina Evans,28/11/2025,15:22:48
Knowby Examples,985a47a7-1b9c-4fcb-bc47-60a2a73227c4,Knowby Studio,411c-f567-2e4c7697----90d9-1cccc21596a3,Regina Evans,28/11/2025,11:17:00
Knowby Examples,985a47a7-1b9c-4fcb-bc47-60a2a73227c4,Knowby Studio,411c-f567-2e4c7697----90d9-1cccc21596a3,Regina Evans,28/01/2025,12:12:10
Knowby Examples,985a47a7-1b9c-4fcb-bc47-60a2a73227c4,Knowby Studio,44ed-a978-e8d990e2----8b3d-aef900a6bb99,Robert Perez,23/05/2025,17:57:08
Knowby Examples,985a47a7-1b9c-4fcb-bc47-60a2a73227c4,Knowby Studio,44ed-a978-e8d990e2----8b3d-aef900a6bb99,Robert Perez,23/05/2025,08:11:43
Knowby Examples,985a47a7-1b9c-4fcb-bc47-60a2a73227c4,Knowby Studio,44ed-a978-e8d990e2----8b3d-aef900a6bb99,Robert Perez,24/05/2025,10:48:01
Knowby Examples,985a47a7-1b9c-4fcb-bc47-60a2a73227c4,Knowby Studio,44ed-a978-e8d990e2----8b3d-aef900a6bb99,Robert Perez,26/05/2024,09:08:26
Knowby Examples,985a47a7-1b9c-4fcb-bc47-60a2a73227c4,Knowby Studio,44ed-a978-e8d990e2----8b3d-aef900a6bb99,Robert Perez,18/06/2025,09:36:47
Knowby Examples,985a47a7-1b9c-4fcb-bc47-60a2a73227c4,Knowby Studio,44ed-a978-e8d990e2----8b3d-aef900a6bb99,Robert Perez,13/07/2025,11:03:55
Knowby Examples,985a47a7-1b9c-4fcb-bc47-60a2a73227c4,Knowby Studio,44ed-a978-e8d990e2----8b3d-aef900a6bb99,Robert Perez,27/08/2025,12:52:43
Knowby Examples,985a47a7-1b9c-4fcb-bc47-60a2a73227c4,Knowby Studio,4ed4-864f-db17168a----9128-a3c9ddb6e3ea,Carol Jones,23/05/2025,09:36:16
Knowby Examples,985a47a7-1b9c-4fcb-bc47-60a2a73227c4,Knowby Studio,4ed4-864f-db17168a----9128-a3c9ddb6e3ea,Carol Jones,28/05/2024,09:45:30
Knowby Examples,985a47a7-1b9c-4fcb-bc47-60a2a73227c4,Knowby Studio,4ed4-864f-db17168a----9128-a3c9ddb6e3ea,Carol Jones,23/10/2025,09:16:39
Knowby Examples,985a47a7-1b9c-4fcb-bc47-60a2a73227c4,Knowby Studio,40d0-f75c-8245845a----a70f-2a0ac12b6503,Debra Cox DDS,17/09/2025,15:20:06
Knowby Examples,985a47a7-1b9c-4fcb-bc47-60a2a73227c4,Knowby Studio,4f16-eda6-7db766e9----bc66-af8100c46bb3,Jared Foster,22/05/2025,12:41:15
Knowby Examples,f861441c-0e1e-4cf1-a1d9-ec9f035e6042,Silica Dust: Working with Engineered Stone,4cb2-65da-696d957b----9f0d-54f7230f93ca,Andrew Mueller,08/06/2025,09:59:01
Knowby Examples,f861441c-0e1e-4cf1-a1d9-ec9f035e6042,Silica Dust: Working with Engineered Stone,4cb2-65da-696d957b----9f0d-54f7230f93ca,Andrew Mueller,16/09/2025,08:45:12
Knowby Examples,f861441c-0e1e-4cf1-a1d9-ec9f035e6042,Silica Dust: Working with Engineered Stone,4d2c-583f-adfb71a0----947b-af0c00af8d6b,Adriana Sanders,13/09/2024,09:15:07
Knowby Examples,f861441c-0e1e-4cf1-a1d9-ec9f035e6042,Silica Dust: Working with Engineered Stone,4d2c-583f-adfb71a0----947b-af0c00af8d6b,Adriana Sanders,11/07/2025,13:28:46
Knowby Examples,f861441c-0e1e-4cf1-a1d9-ec9f035e6042,Silica Dust: Working with Engineered Stone,44ed-a978-e8d990e2----8b3d-aef900a6bb99,Robert Perez,30/07/2025,11:50:27
Knowby Examples,f861441c-0e1e-4cf1-a1d9-ec9f035e6042,Silica Dust: Working with Engineered Stone,4ed4-864f-db17168a----9128-a3c9ddb6e3ea,Carol Jones,25/07/2025,13:01:50
Knowby Examples,f861441c-0e1e-4cf1-a1d9-ec9f035e6042,Silica Dust: Working with Engineered Stone,4ed4-864f-db17168a----9128-a3c9ddb6e3ea,Carol Jones,25/07/2025,12:22:28
Knowby Examples,f861441c-0e1e-4cf1-a1d9-ec9f035e6042,Silica Dust: Working with Engineered Stone,4ed4-864f-db17168a----9128-a3c9ddb6e3ea,Carol Jones,25/07/2025,16:52:51
Knowby Examples,f861441c-0e1e-4cf1-a1d9-ec9f035e6042,Silica Dust: Working with Engineered Stone,4ed4-864f-db17168a----9128-a3c9ddb6e3ea,Carol Jones,25/07/2025,12:36:24
Knowby Examples,f861441c-0e1e-4cf1-a1d9-ec9f035e6042,Silica Dust: Working with Engineered Stone,4ed4-864f-db17168a----9128-a3c9ddb6e3ea,Carol Jones,08/12/2025,14:26:28
Knowby Examples,f861441c-0e1e-4cf1-a1d9-ec9f035e6042,Silica Dust: Working with Engineered Stone,4ed4-864f-db17168a----9128-a3c9ddb6e3ea,Carol Jones,30/09/2025,08:38:03
Knowby Examples,f861441c-0e1e-4cf1-a1d9-ec9f035e6042,Silica Dust: Working with Engineered Stone,4ed4-864f-db17168a----9128-a3c9ddb6e3ea,Carol Jones,23/10/2025,10:59:53
Knowby Examples,f861441c-0e1e-4cf1-a1d9-ec9f035e6042,Silica Dust: Working with Engineered Stone,4ed4-864f-db17168a----9128-a3c9ddb6e3ea,Carol Jones,20/11/2024,17:41:50
Knowby Examples,f861441c-0e1e-4cf1-a1d9-ec9f035e6042,Silica Dust: Working with Engineered Stone,4f16-eda6-7db766e9----bc66-af8100c46bb3,Jared Foster,25/07/2025,10:20:34
Knowby Examples,f861441c-0e1e-4cf1-a1d9-ec9f035e6042,Silica Dust: Working with Engineered Stone,4a03-290e-7ab16f5f----99f5-ecabe6f9e6bf,Jacqueline Reed,30/07/2025,17:22:48
Knowby Examples,f861441c-0e1e-4cf1-a1d9-ec9f035e6042,Silica Dust: Working with Engineered Stone,4a03-290e-7ab16f5f----99f5-ecabe6f9e6bf,Jacqueline Reed,31/07/2025,11:14:15
Knowby Examples,eccd5dcb-3d7d-4903-8997-5190ac34ec4e,Fresh sourdough bread for breakfast,400d-dbe2-f01d079d----af6e-af3d005280aa,Rhonda Evans,23/11/2025,17:32:06
Knowby Examples,eccd5dcb-3d7d-4903-8997-5190ac34ec4e,Fresh sourdough bread for breakfast,400d-dbe2-f01d079d----af6e-af3d005280aa,Rhonda Evans,23/11/2025,09:34:26
Knowby Examples,eccd5dcb-3d7d-4903-8997-5190ac34ec4e,Fresh sourdough bread for breakfast,400d-dbe2-f01d079d----af6e-af3d005280aa,Rhonda Evans,23/11/2025,09:49:32
Knowby Examples,eccd5dcb-3d7d-4903-8997-5190ac34ec4e,Fresh sourdough bread for breakfast,400d-dbe2-f01d079d----af6e-af3d005280aa,Rhonda Evans,23/11/2025,10:56:40
Knowby Examples,eccd5dcb-3d7d-4903-8997-5190ac34ec4e,Fresh sourdough bread for breakfast,400d-dbe2-f01d079d----af6e-af3d005280aa,Rhonda Evans,23/11/2025,10:30:53
Knowby Examples,eccd5dcb-3d7d-4903-8997-5190ac34ec4e,Fresh sourdough bread for breakfast,400d-dbe2-f01d079d----af6e-af3d005280aa,Rhonda Evans,23/11/2025,14:50:56
Knowby Examples,eccd5dcb-3d7d-4903-8997-5190ac34ec4e,Fresh sourdough bread for breakfast,400d-dbe2-f01d079d----af6e-af3d005280aa,Rhonda Evans,23/11/2025,12:31:11
Knowby Examples,eccd5dcb-3d7d-4903-8997-5190ac34ec4e,Fresh sourdough bread for breakfast,400d-dbe2-f01d079d----af6e-af3d005280aa,Rhonda Evans,23/11/2025,15:00:43
Knowby Examples,eccd5dcb-3d7d-4903-8997-5190ac34ec4e,Fresh sourdough bread for breakfast,400d-dbe2-f01d079d----af6e-af3d005280aa,Rhonda Evans,23/11/2025,14:32:43
Knowby Examples,eccd5dcb-3d7d-4903-8997-5190ac34ec4e,Fresh sourdough bread for breakfast,400d-dbe2-f01d079d----af6e-af3d005280aa,Rhonda Evans,23/11/2025,11:05:39
Knowby Examples,eccd5dcb-3d7d-4903-8997-5190ac34ec4e,Fresh sourdough bread for breakfast,400d-dbe2-f01d079d----af6e-af3d005280aa,Rhonda Evans,23/11/2025,12:52:20
Knowby Examples,eccd5dcb-3d7d-4903-8997-5190ac34ec4e,Fresh sourdough bread for breakfast,400d-dbe2-f01d079d----af6e-af3d005280aa,Rhonda Evans,26/11/2025,14:58:10
Knowby Examples,eccd5dcb-3d7d-4903-8997-5190ac34ec4e,Fresh sourdough bread for breakfast,400d-dbe2-f01d079d----af6e-af3d005280aa,Rhonda Evans,26/11/2025,12:02:09
Knowby Examples,eccd5dcb-3d7d-4903-8997-5190ac34ec4e,Fresh sourdough bread for breakfast,400d-dbe2-f01d079d----af6e-af3d005280aa,Rhonda Evans,26/11/2025,13:36:36
Knowby Examples,eccd5dcb-3d7d-4903-8997-5190ac34ec4e,Fresh sourdough bread for breakfast,400d-dbe2-f01d079d----af6e-af3d005280aa,Rhonda Evans,26/11/2025,15:09:26
Knowby Examples,eccd5dcb-3d7d-4903-8997-5190ac34ec4e,Fresh sourdough bread for breakfast,400d-dbe2-f01d079d----af6e-af3d005280aa,Rhonda Evans,26/11/2025,10:32:50
Knowby Examples,eccd5dcb-3d7d-4903-8997-5190ac34ec4e,Fresh sourdough bread for breakfast,400d-dbe2-f01d079d----af6e-af3d005280aa,Rhonda Evans,27/11/2025,10:16:11
Knowby Examples,eccd5dcb-3d7d-4903-8997-5190ac34ec4e,Fresh sourdough bread for breakfast,400d-dbe2-f01d079d----af6e-af3d005280aa,Rhonda Evans,27/11/2025,15:24:30
Knowby Examples,eccd5dcb-3d7d-4903-8997-5190ac34ec4e,Fresh sourdough bread for breakfast,400d-dbe2-f01d079d----af6e-af3d005280aa,Rhonda Evans,27/11/2025,12:39:01
Knowby Examples,eccd5dcb-3d7d-4903-8997-5190ac34ec4e,Fresh sourdough bread for breakfast,400d-dbe2-f01d079d----af6e-af3d005280aa,Rhonda Evans,29/11/2025,08:19:51
Knowby Examples,eccd5dcb-3d7d-4903-8997-5190ac34ec4e,Fresh sourdough bread for breakfast,400d-dbe2-f01d079d----af6e-af3d005280aa,Rhonda Evans,29/11/2025,17:20:35
Knowby Examples,eccd5dcb-3d7d-4903-8997-5190ac34ec4e,Fresh sourdough bread for breakfast,400d-dbe2-f01d079d----af6e-af3d005280aa,Rhonda Evans,29/11/2025,13:23:32
Knowby Examples,eccd5dcb-3d7d-4903-8997-5190ac34ec4e,Fresh sourdough bread for breakfast,400d-dbe2-f01d079d----af6e-af3d005280aa,Rhonda Evans,30/11/2024,11:13:40
Knowby Examples,eccd5dcb-3d7d-4903-8997-5190ac34ec4e,Fresh sourdough bread for breakfast,400d-dbe2-f01d079d----af6e-af3d005280aa,Rhonda Evans,30/11/2025,17:47:03
Knowby Examples,eccd5dcb-3d7d-4903-8997-5190ac34ec4e,Fresh sourdough bread for breakfast,400d-dbe2-f01d079d----af6e-af3d005280aa,Rhonda Evans,30/11/2025,13:57:26
Knowby Examples,eccd5dcb-3d7d-4903-8997-5190ac34ec4e,Fresh sourdough bread for breakfast,400d-dbe2-f01d079d----af6e-af3d005280aa,Rhonda Evans,30/11/2025,08:58:23
Knowby Examples,eccd5dcb-3d7d-4903-8997-5190ac34ec4e,Fresh sourdough bread for breakfast,400d-dbe2-f01d079d----af6e-af3d005280aa,Rhonda Evans,30/11/2025,11:33:14
Knowby Examples,eccd5dcb-3d7d-4903-8997-5190ac34ec4e,Fresh sourdough bread for breakfast,400d-dbe2-f01d079d----af6e-af3d005280aa,Rhonda Evans,30/11/2025,16:39:11
Knowby Examples,eccd5dcb-3d7d-4903-8997-5190ac34ec4e,Fresh sourdough bread for breakfast,400d-dbe2-f01d079d----af6e-af3d005280aa,Rhonda Evans,30/11/2025,14:23:51
Knowby Examples,eccd5dcb-3d7d-4903-8997-5190ac34ec4e,Fresh sourdough bread for breakfast,400d-dbe2-f01d079d----af6e-af3d005280aa,Rhonda Evans,30/11/2025,17:26:45
Knowby Examples,eccd5dcb-3d7d-4903-8997-5190ac34ec4e,Fresh sourdough bread for breakfast,400d-dbe2-f01d079d----af6e-af3d005280aa,Rhonda Evans,30/11/2025,12:14:27
Knowby Examples,eccd5dcb-3d7d-4903-8997-5190ac34ec4e,Fresh sourdough bread for breakfast,400d-dbe2-f01d079d----af6e-af3d005280aa,Rhonda Evans,30/11/2025,08:45:33
Knowby Examples,eccd5dcb-3d7d-4903-8997-5190ac34ec4e,Fresh sourdough bread for breakfast,400d-dbe2-f01d079d----af6e-af3d005280aa,Rhonda Evans,30/11/2025,15:10:45
Knowby Examples,eccd5dcb-3d7d-4903-8997-5190ac34ec4e,Fresh sourdough bread for breakfast,400d-dbe2-f01d079d----af6e-af3d005280aa,Rhonda Evans,30/11/2024,09:41:30
Knowby Examples,eccd5dcb-3d7d-4903-8997-5190ac34ec4e,Fresh sourdough bread for breakfast,400d-dbe2-f01d079d----af6e-af3d005280aa,Rhonda Evans,30/11/2025,17:30:54
Knowby Examples,eccd5dcb-3d7d-4903-8997-5190ac34ec4e,Fresh sourdough bread for breakfast,400d-dbe2-f01d079d----af6e-af3d005280aa,Rhonda Evans,30/11/2025,17:21:14
Knowby Examples,eccd5dcb-3d7d-4903-8997-5190ac34ec4e,Fresh sourdough bread for breakfast,400d-dbe2-f01d079d----af6e-af3d005280aa,Rhonda Evans,12/01/2025,10:29:47
Knowby Examples,eccd5dcb-3d7d-4903-8997-5190ac34ec4e,Fresh sourdough bread for breakfast,400d-dbe2-f01d079d----af6e-af3d005280aa,Rhonda Evans,12/01/2025,15:19:10
Knowby Examples,eccd5dcb-3d7d-4903-8997-5190ac34ec4e,Fresh sourdough bread for breakfast,400d-dbe2-f01d079d----af6e-af3d005280aa,Rhonda Evans,12/01/2025,13:58:22
Knowby Examples,eccd5dcb-3d7d-4903-8997-5190ac34ec4e,Fresh sourdough bread for breakfast,400d-dbe2-f01d079d----af6e-af3d005280aa,Rhonda Evans,12/01/2025,09:44:35
Knowby Examples,eccd5dcb-3d7d-4903-8997-5190ac34ec4e,Fresh sourdough bread for breakfast,400d-dbe2-f01d079d----af6e-af3d005280aa,Rhonda Evans,12/02/2025,17:14:37
Knowby Examples,eccd5dcb-3d7d-4903-8997-5190ac34ec4e,Fresh sourdough bread for breakfast,400d-dbe2-f01d079d----af6e-af3d005280aa,Rhonda Evans,12/02/2025,11:12:41
Knowby Examples,eccd5dcb-3d7d-4903-8997-5190ac34ec4e,Fresh sourdough bread for breakfast,400d-dbe2-f01d079d----af6e-af3d005280aa,Rhonda Evans,12/02/2025,10:57:37
Knowby Examples,eccd5dcb-3d7d-4903-8997-5190ac34ec4e,Fresh sourdough bread for breakfast,400d-dbe2-f01d079d----af6e-af3d005280aa,Rhonda Evans,12/03/2025,12:44:07
Knowby Examples,eccd5dcb-3d7d-4903-8997-5190ac34ec4e,Fresh sourdough bread for breakfast,400d-dbe2-f01d079d----af6e-af3d005280aa,Rhonda Evans,12/03/2025,12:24:18
Knowby Examples,eccd5dcb-3d7d-4903-8997-5190ac34ec4e,Fresh sourdough bread for breakfast,400d-dbe2-f01d079d----af6e-af3d005280aa,Rhonda Evans,12/03/2024,15:12:33
Knowby Examples,eccd5dcb-3d7d-4903-8997-5190ac34ec4e,Fresh sourdough bread for breakfast,400d-dbe2-f01d079d----af6e-af3d005280aa,Rhonda Evans,12/03/2025,15:23:18
Knowby Examples,eccd5dcb-3d7d-4903-8997-5190ac34ec4e,Fresh sourdough bread for breakfast,400d-dbe2-f01d079d----af6e-af3d005280aa,Rhonda Evans,12/03/2025,11:09:06
Knowby Examples,eccd5dcb-3d7d-4903-8997-5190ac34ec4e,Fresh sourdough bread for breakfast,400d-dbe2-f01d079d----af6e-af3d005280aa,Rhonda Evans,12/04/2025,17:58:41
Knowby Examples,eccd5dcb-3d7d-4903-8997-5190ac34ec4e,Fresh sourdough bread for breakfast,400d-dbe2-f01d079d----af6e-af3d005280aa,Rhonda Evans,12/05/2025,17:03:21
Knowby Examples,eccd5dcb-3d7d-4903-8997-5190ac34ec4e,Fresh sourdough bread for breakfast,400d-dbe2-f01d079d----af6e-af3d005280aa,Rhonda Evans,12/06/2025,08:57:17
Knowby Examples,eccd5dcb-3d7d-4903-8997-5190ac34ec4e,Fresh sourdough bread for breakfast,400d-dbe2-f01d079d----af6e-af3d005280aa,Rhonda Evans,12/06/2025,14:06:28
Knowby Examples,eccd5dcb-3d7d-4903-8997-5190ac34ec4e,Fresh sourdough bread for breakfast,400d-dbe2-f01d079d----af6e-af3d005280aa,Rhonda Evans,12/06/2025,15:24:34
Knowby Examples,eccd5dcb-3d7d-4903-8997-5190ac34ec4e,Fresh sourdough bread for breakfast,400d-dbe2-f01d079d----af6e-af3d005280aa,Rhonda Evans,12/06/2025,11:36:27
Knowby Examples,eccd5dcb-3d7d-4903-8997-5190ac34ec4e,Fresh sourdough bread for breakfast,400d-dbe2-f01d079d----af6e-af3d005280aa,Rhonda Evans,12/06/2025,16:37:01
Knowby Examples,eccd5dcb-3d7d-4903-8997-5190ac34ec4e,Fresh sourdough bread for breakfast,400d-dbe2-f01d079d----af6e-af3d005280aa,Rhonda Evans,12/07/2025,17:08:43
Knowby Examples,eccd5dcb-3d7d-4903-8997-5190ac34ec4e,Fresh sourdough bread for breakfast,400d-dbe2-f01d079d----af6e-af3d005280aa,Rhonda Evans,12/09/2025,13:48:19
Knowby Examples,eccd5dcb-3d7d-4903-8997-5190ac34ec4e,Fresh sourdough bread for breakfast,400d-dbe2-f01d079d----af6e-af3d005280aa,Rhonda Evans,12/09/2025,10:42:10
Knowby Examples,eccd5dcb-3d7d-4903-8997-5190ac34ec4e,Fresh sourdough bread for breakfast,400d-dbe2-f01d079d----af6e-af3d005280aa,Rhonda Evans,12/09/2025,16:39:21
Knowby Examples,eccd5dcb-3d7d-4903-8997-5190ac34ec4e,Fresh sourdough bread for breakfast,400d-dbe2-f01d079d----af6e-af3d005280aa,Rhonda Evans,12/09/2025,11:02:49
Knowby Examples,eccd5dcb-3d7d-4903-8997-5190ac34ec4e,Fresh sourdough bread for breakfast,400d-dbe2-f01d079d----af6e-af3d005280aa,Rhonda Evans,12/09/2025,09:38:51
Knowby Examples,eccd5dcb-3d7d-4903-8997-5190ac34ec4e,Fresh sourdough bread for breakfast,400d-dbe2-f01d079d----af6e-af3d005280aa,Rhonda Evans,12/09/2025,08:10:30
Knowby Examples,eccd5dcb-3d7d-4903-8997-5190ac34ec4e,Fresh sourdough bread for breakfast,400d-dbe2-f01d079d----af6e-af3d005280aa,Rhonda Evans,12/09/2024,08:17:59
Knowby Examples,eccd5dcb-3d7d-4903-8997-5190ac34ec4e,Fresh sourdough bread for breakfast,400d-dbe2-f01d079d----af6e-af3d005280aa,Rhonda Evans,12/11/2025,17:34:03
Knowby Examples,eccd5dcb-3d7d-4903-8997-5190ac34ec4e,Fresh sourdough bread for breakfast,400d-dbe2-f01d079d----af6e-af3d005280aa,Rhonda Evans,12/11/2025,16:53:57
Knowby Examples,eccd5dcb-3d7d-4903-8997-5190ac34ec4e,Fresh sourdough bread for breakfast,400d-dbe2-f01d079d----af6e-af3d005280aa,Rhonda Evans,13/12/2024,14:30:10
Knowby Examples,eccd5dcb-3d7d-4903-8997-5190ac34ec4e,Fresh sourdough bread for breakfast,400d-dbe2-f01d079d----af6e-af3d005280aa,Rhonda Evans,13/12/2024,10:31:12
Knowby Examples,eccd5dcb-3d7d-4903-8997-5190ac34ec4e,Fresh sourdough bread for breakfast,400d-dbe2-f01d079d----af6e-af3d005280aa,Rhonda Evans,13/12/2024,17:42:08
Knowby Examples,eccd5dcb-3d7d-4903-8997-5190ac34ec4e,Fresh sourdough bread for breakfast,400d-dbe2-f01d079d----af6e-af3d005280aa,Rhonda Evans,15/12/2025,09:57:52
Knowby Examples,eccd5dcb-3d7d-4903-8997-5190ac34ec4e,Fresh sourdough bread for breakfast,400d-dbe2-f01d079d----af6e-af3d005280aa,Rhonda Evans,17/12/2025,17:59:42
Knowby Examples,eccd5dcb-3d7d-4903-8997-5190ac34ec4e,Fresh sourdough bread for breakfast,400d-dbe2-f01d079d----af6e-af3d005280aa,Rhonda Evans,21/12/2025,10:04:00
Knowby Examples,eccd5dcb-3d7d-4903-8997-5190ac34ec4e,Fresh sourdough bread for breakfast,400d-dbe2-f01d079d----af6e-af3d005280aa,Rhonda Evans,21/12/2024,17:23:50
Knowby Examples,eccd5dcb-3d7d-4903-8997-5190ac34ec4e,Fresh sourdough bread for breakfast,400d-dbe2-f01d079d----af6e-af3d005280aa,Rhonda Evans,23/12/2025,14:01:25
Knowby Examples,eccd5dcb-3d7d-4903-8997-5190ac34ec4e,Fresh sourdough bread for breakfast,400d-dbe2-f01d079d----af6e-af3d005280aa,Rhonda Evans,23/12/2025,08:49:50
Knowby Examples,eccd5dcb-3d7d-4903-8997-5190ac34ec4e,Fresh sourdough bread for breakfast,400d-dbe2-f01d079d----af6e-af3d005280aa,Rhonda Evans,24/12/2025,14:21:12
Knowby Examples,eccd5dcb-3d7d-4903-8997-5190ac34ec4e,Fresh sourdough bread for breakfast,400d-dbe2-f01d079d----af6e-af3d005280aa,Rhonda Evans,31/12/2025,16:13:42
Knowby Examples,eccd5dcb-3d7d-4903-8997-5190ac34ec4e,Fresh sourdough bread for breakfast,400d-dbe2-f01d079d----af6e-af3d005280aa,Rhonda Evans,01/01/2025,17:33:14
Knowby Examples,eccd5dcb-3d7d-4903-8997-5190ac34ec4e,Fresh sourdough bread for breakfast,400d-dbe2-f01d079d----af6e-af3d005280aa,Rhonda Evans,26/01/2025,11:55:02
Knowby Examples,eccd5dcb-3d7d-4903-8997-5190ac34ec4e,Fresh sourdough bread for breakfast,400d-dbe2-f01d079d----af6e-af3d005280aa,Rhonda Evans,29/01/2025,09:05:44
Knowby Examples,eccd5dcb-3d7d-4903-8997-5190ac34ec4e,Fresh sourdough bread for breakfast,400d-dbe2-f01d079d----af6e-af3d005280aa,Rhonda Evans,19/02/2025,11:50:38
Knowby Examples,eccd5dcb-3d7d-4903-8997-5190ac34ec4e,Fresh sourdough bread for breakfast,400d-dbe2-f01d079d----af6e-af3d005280aa,Rhonda Evans,27/02/2025,10:16:38
Knowby Examples,eccd5dcb-3d7d-4903-8997-5190ac34ec4e,Fresh sourdough bread for breakfast,400d-dbe2-f01d079d----af6e-af3d005280aa,Rhonda Evans,03/06/2025,09:47:15
Knowby Examples,eccd5dcb-3d7d-4903-8997-5190ac34ec4e,Fresh sourdough bread for breakfast,4dd1-509e-67e290d9----bb68-afdb00c8af51,Cristian Gonzalez,17/12/2025,16:15:58
Knowby Examples,eccd5dcb-3d7d-4903-8997-5190ac34ec4e,Fresh sourdough bread for breakfast,4dd1-509e-67e290d9----bb68-afdb00c8af51,Cristian Gonzalez,21/12/2024,15:37:14
Knowby Examples,eccd5dcb-3d7d-4903-8997-5190ac34ec4e,Fresh sourdough bread for breakfast,4d2c-583f-adfb71a0----947b-af0c00af8d6b,Adriana Sanders,12/10/2024,15:23:19
Knowby Examples,eccd5dcb-3d7d-4903-8997-5190ac34ec4e,Fresh sourdough bread for breakfast,4d2c-583f-adfb71a0----947b-af0c00af8d6b,Adriana Sanders,22/01/2025,13:11:48
Knowby Examples,eccd5dcb-3d7d-4903-8997-5190ac34ec4e,Fresh sourdough bread for breakfast,44ed-a978-e8d990e2----8b3d-aef900a6bb99,Robert Perez,12/09/2025,11:05:10
Knowby Examples,eccd5dcb-3d7d-4903-8997-5190ac34ec4e,Fresh sourdough bread for breakfast,44ed-a978-e8d990e2----8b3d-aef900a6bb99,Robert Perez,19/12/2025,14:00:24
Knowby Examples,eccd5dcb-3d7d-4903-8997-5190ac34ec4e,Fresh sourdough bread for breakfast,44ed-a978-e8d990e2----8b3d-aef900a6bb99,Robert Perez,19/12/2025,12:31:47
Knowby Examples,eccd5dcb-3d7d-4903-8997-5190ac34ec4e,Fresh sourdough bread for breakfast,44ed-a978-e8d990e2----8b3d-aef900a6bb99,Robert Perez,19/12/2025,15:14:32
Knowby Examples,eccd5dcb-3d7d-4903-8997-5190ac34ec4e,Fresh sourdough bread for breakfast,44ed-a978-e8d990e2----8b3d-aef900a6bb99,Robert Perez,19/12/2025,13:18:55
Knowby Examples,eccd5dcb-3d7d-4903-8997-5190ac34ec4e,Fresh sourdough bread for breakfast,44ed-a978-e8d990e2----8b3d-aef900a6bb99,Robert Perez,21/12/2025,08:03:34
Knowby Examples,eccd5dcb-3d7d-4903-8997-5190ac34ec4e,Fresh sourdough bread for breakfast,44ed-a978-e8d990e2----8b3d-aef900a6bb99,Robert Perez,01/07/2025,17:44:58
Knowby Examples,eccd5dcb-3d7d-4903-8997-5190ac34ec4e,Fresh sourdough bread for breakfast,44ed-a978-e8d990e2----8b3d-aef900a6bb99,Robert Perez,01/07/2025,10:31:00
Knowby Examples,eccd5dcb-3d7d-4903-8997-5190ac34ec4e,Fresh sourdough bread for breakfast,44ed-a978-e8d990e2----8b3d-aef900a6bb99,Robert Perez,01/07/2025,15:30:36
Knowby Examples,eccd5dcb-3d7d-4903-8997-5190ac34ec4e,Fresh sourdough bread for breakfast,44ed-a978-e8d990e2----8b3d-aef900a6bb99,Robert Perez,05/01/2025,16:34:39
Knowby Examples,eccd5dcb-3d7d-4903-8997-5190ac34ec4e,Fresh sourdough bread for breakfast,44ed-a978-e8d990e2----8b3d-aef900a6bb99,Robert Perez,05/02/2025,10:18:24
Knowby Examples,eccd5dcb-3d7d-4903-8997-5190ac34ec4e,Fresh sourdough bread for breakfast,4ed4-864f-db17168a----9128-a3c9ddb6e3ea,Carol Jones,26/11/2025,17:07:51
Knowby Examples,eccd5dcb-3d7d-4903-8997-5190ac34ec4e,Fresh sourdough bread for breakfast,4ed4-864f-db17168a----9128-a3c9ddb6e3ea,Carol Jones,12/09/2024,16:02:53
Knowby Examples,eccd5dcb-3d7d-4903-8997-5190ac34ec4e,Fresh sourdough bread for breakfast,4ed4-864f-db17168a----9128-a3c9ddb6e3ea,Carol Jones,12/09/2024,13:10:44
Knowby Examples,eccd5dcb-3d7d-4903-8997-5190ac34ec4e,Fresh sourdough bread for breakfast,4ed4-864f-db17168a----9128-a3c9ddb6e3ea,Carol Jones,12/09/2025,17:39:22
Knowby Examples,eccd5dcb-3d7d-4903-8997-5190ac34ec4e,Fresh sourdough bread for breakfast,4ed4-864f-db17168a----9128-a3c9ddb6e3ea,Carol Jones,12/10/2025,13:42:34
Knowby Examples,eccd5dcb-3d7d-4903-8997-5190ac34ec4e,Fresh sourdough bread for breakfast,4ed4-864f-db17168a----9128-a3c9ddb6e3ea,Carol Jones,18/12/2025,14:25:46
Knowby Examples,eccd5dcb-3d7d-4903-8997-5190ac34ec4e,Fresh sourdough bread for breakfast,4ed4-864f-db17168a----9128-a3c9ddb6e3ea,Carol Jones,18/12/2025,11:42:35
Knowby Examples,eccd5dcb-3d7d-4903-8997-5190ac34ec4e,Fresh sourdough bread for breakfast,4ed4-864f-db17168a----9128-a3c9ddb6e3ea,Carol Jones,18/12/2025,14:51:56
Knowby Examples,eccd5dcb-3d7d-4903-8997-5190ac34ec4e,Fresh sourdough bread for breakfast,4ed4-864f-db17168a----9128-a3c9ddb6e3ea,Carol Jones,18/12/2024,12:25:08
Knowby Examples,eccd5dcb-3d7d-4903-8997-5190ac34ec4e,Fresh sourdough bread for breakfast,4ed4-864f-db17168a----9128-a3c9ddb6e3ea,Carol Jones,18/12/2025,09:58:31
Knowby Examples,eccd5dcb-3d7d-4903-8997-5190ac34ec4e,Fresh sourdough bread for breakfast,4ed4-864f-db17168a----9128-a3c9ddb6e3ea,Carol Jones,18/12/2025,11:28:40
Knowby Examples,eccd5dcb-3d7d-4903-8997-5190ac34ec4e,Fresh sourdough bread for breakfast,4ed4-864f-db17168a----9128-a3c9ddb6e3ea,Carol Jones,18/12/2025,11:06:51
Knowby Examples,eccd5dcb-3d7d-4903-8997-5190ac34ec4e,Fresh sourdough bread for breakfast,4ed4-864f-db17168a----9128-a3c9ddb6e3ea,Carol Jones,18/12/2025,14:17:23
Knowby Examples,eccd5dcb-3d7d-4903-8997-5190ac34ec4e,Fresh sourdough bread for breakfast,4ed4-864f-db17168a----9128-a3c9ddb6e3ea,Carol Jones,19/12/2025,12:33:51
Knowby Examples,eccd5dcb-3d7d-4903-8997-5190ac34ec4e,Fresh sourdough bread for breakfast,4ed4-864f-db17168a----9128-a3c9ddb6e3ea,Carol Jones,01/04/2025,17:26:03
Knowby Examples,eccd5dcb-3d7d-4903-8997-5190ac34ec4e,Fresh sourdough bread for breakfast,40cf-6eb7-521cd9aa----b44e-b3bc2ae815ea,Robert Rodriguez,12/11/2025,08:39:47
Knowby Examples,eccd5dcb-3d7d-4903-8997-5190ac34ec4e,Fresh sourdough bread for breakfast,4f16-eda6-7db766e9----bc66-af8100c46bb3,Jared Foster,12/10/2025,11:02:45
Knowby Examples,eccd5dcb-3d7d-4903-8997-5190ac34ec4e,Fresh sourdough bread for breakfast,4f16-eda6-7db766e9----bc66-af8100c46bb3,Jared Foster,12/10/2025,12:20:43
Knowby Examples,eccd5dcb-3d7d-4903-8997-5190ac34ec4e,Fresh sourdough bread for breakfast,4f16-eda6-7db766e9----bc66-af8100c46bb3,Jared Foster,12/10/2024,10:52:11
Knowby Examples,eccd5dcb-3d7d-4903-8997-5190ac34ec4e,Fresh sourdough bread for breakfast,4f16-eda6-7db766e9----bc66-af8100c46bb3,Jared Foster,12/10/2025,09:52:58
Knowby Examples,eccd5dcb-3d7d-4903-8997-5190ac34ec4e,Fresh sourdough bread for breakfast,4f16-eda6-7db766e9----bc66-af8100c46bb3,Jared Foster,12/10/2025,17:49:44
Knowby Examples,eccd5dcb-3d7d-4903-8997-5190ac34ec4e,Fresh sourdough bread for breakfast,4f16-eda6-7db766e9----bc66-af8100c46bb3,Jared Foster,12/10/2025,08:28:00
Knowby Examples,eccd5dcb-3d7d-4903-8997-5190ac34ec4e,Fresh sourdough bread for breakfast,4f16-eda6-7db766e9----bc66-af8100c46bb3,Jared Foster,12/10/2025,16:02:11
Knowby Examples,eccd5dcb-3d7d-4903-8997-5190ac34ec4e,Fresh sourdough bread for breakfast,4f16-eda6-7db766e9----bc66-af8100c46bb3,Jared Foster,12/10/2025,17:06:27
Knowby Examples,eccd5dcb-3d7d-4903-8997-5190ac34ec4e,Fresh sourdough bread for breakfast,4f16-eda6-7db766e9----bc66-af8100c46bb3,Jared Foster,12/10/2025,13:32:09
Knowby Examples,eccd5dcb-3d7d-4903-8997-5190ac34ec4e,Fresh sourdough bread for breakfast,4e42-3ecf-a947652f----8d8f-1b0d973d1bbf,Robert Taylor,17/01/2025,16:03:23
Knowby Examples,eccd5dcb-3d7d-4903-8997-5190ac34ec4e,Fresh sourdough bread for breakfast,4e42-3ecf-a947652f----8d8f-1b0d973d1bbf,Robert Taylor,02/12/2024,08:22:24
Knowby Examples,eccd5dcb-3d7d-4903-8997-5190ac34ec4e,Fresh sourdough bread for breakfast,409d-3bdc-4417dd91----8aea-d6ea712d295b,Lisa Reeves,04/04/2025,16:21:17
Knowby Examples,eccd5dcb-3d7d-4903-8997-5190ac34ec4e,Fresh sourdough bread for breakfast,4d1a-2d52-b574cc8e----b6c0-af3b0075112b,Melanie Wilson,12/02/2025,13:24:53
Knowby Examples,eccd5dcb-3d7d-4903-8997-5190ac34ec4e,Fresh sourdough bread for breakfast,4d1a-2d52-b574cc8e----b6c0-af3b0075112b,Melanie Wilson,12/09/2025,09:55:39
Knowby Examples,eccd5dcb-3d7d-4903-8997-5190ac34ec4e,Fresh sourdough bread for breakfast,4d1a-2d52-b574cc8e----b6c0-af3b0075112b,Melanie Wilson,14/01/2025,14:27:30
Knowby Examples,eccd5dcb-3d7d-4903-8997-5190ac34ec4e,Fresh sourdough bread for breakfast,4d1a-2d52-b574cc8e----b6c0-af3b0075112b,Melanie Wilson,21/02/2025,08:32:19
Knowby Examples,eccd5dcb-3d7d-4903-8997-5190ac34ec4e,Fresh sourdough bread for breakfast,4dd1-509e-67e290d9----bb68-afdb00c8af51,Cristian Gonzalez,04/02/2025,15:30:44
Knowby Examples,eccd5dcb-3d7d-4903-8997-5190ac34ec4e,Fresh sourdough bread for breakfast,4ed4-864f-db17168a----9128-a3c9ddb6e3ea,Carol Jones,28/02/2025,11:23:29
Knowby Examples,527cd36b-62c5-4df9-b33e-6d46d224fe43,Nespresso Inissia How to Directions,44ed-a978-e8d990e2----8b3d-aef900a6bb99,Robert Perez,31/03/2025,12:07:37
Knowby Examples,527cd36b-62c5-4df9-b33e-6d46d224fe43,Nespresso Inissia How to Directions,4f16-eda6-7db766e9----bc66-af8100c46bb3,Jared Foster,04/02/2024,12:24:41
Knowby Examples,527cd36b-62c5-4df9-b33e-6d46d224fe43,Nespresso Inissia How to Directions,4f16-eda6-7db766e9----bc66-af8100c46bb3,Jared Foster,04/02/2025,17:46:01
Knowby Examples,527cd36b-62c5-4df9-b33e-6d46d224fe43,Nespresso Inissia How to Directions,4d1a-2d52-b574cc8e----b6c0-af3b0075112b,Melanie Wilson,24/03/2025,11:42:11
Knowby Examples,527cd36b-62c5-4df9-b33e-6d46d224fe43,Nespresso Inissia How to Directions,4cb2-65da-696d957b----9f0d-54f7230f93ca,Andrew Mueller,21/03/2025,12:07:09
Knowby Examples,527cd36b-62c5-4df9-b33e-6d46d224fe43,Nespresso Inissia How to Directions,4cb2-65da-696d957b----9f0d-54f7230f93ca,Andrew Mueller,21/03/2025,15:03:47
Knowby Examples,527cd36b-62c5-4df9-b33e-6d46d224fe43,Nespresso Inissia How to Directions,4cb2-65da-696d957b----9f0d-54f7230f93ca,Andrew Mueller,21/03/2025,17:23:57
Knowby Examples,527cd36b-62c5-4df9-b33e-6d46d224fe43,Nespresso Inissia How to Directions,4cb2-65da-696d957b----9f0d-54f7230f93ca,Andrew Mueller,21/03/2024,08:07:33
Knowby Examples,527cd36b-62c5-4df9-b33e-6d46d224fe43,Nespresso Inissia How to Directions,4cb2-65da-696d957b----9f0d-54f7230f93ca,Andrew Mueller,21/03/2025,10:08:31
Knowby Examples,527cd36b-62c5-4df9-b33e-6d46d224fe43,Nespresso Inissia How to Directions,4dd1-509e-67e290d9----bb68-afdb00c8af51,Cristian Gonzalez,04/02/2024,12:07:14
Knowby Examples,527cd36b-62c5-4df9-b33e-6d46d224fe43,Nespresso Inissia How to Directions,4dd1-509e-67e290d9----bb68-afdb00c8af51,Cristian Gonzalez,04/02/2025,16:44:43
Knowby Examples,527cd36b-62c5-4df9-b33e-6d46d224fe43,Nespresso Inissia How to Directions,4dd1-509e-67e290d9----bb68-afdb00c8af51,Cristian Gonzalez,04/02/2025,13:12:59
Knowby Examples,527cd36b-62c5-4df9-b33e-6d46d224fe43,Nespresso Inissia How to Directions,4dd1-509e-67e290d9----bb68-afdb00c8af51,Cristian Gonzalez,04/02/2025,08:59:03
Knowby Examples,527cd36b-62c5-4df9-b33e-6d46d224fe43,Nespresso Inissia How to Directions,4dd1-509e-67e290d9----bb68-afdb00c8af51,Cristian Gonzalez,04/02/2025,10:41:12
Knowby Examples,527cd36b-62c5-4df9-b33e-6d46d224fe43,Nespresso Inissia How to Directions,4ed4-864f-db17168a----9128-a3c9ddb6e3ea,Carol Jones,21/03/2025,10:03:42
Knowby Examples,527cd36b-62c5-4df9-b33e-6d46d224fe43,Nespresso Inissia How to Directions,4ed4-864f-db17168a----9128-a3c9ddb6e3ea,Carol Jones,21/03/2025,09:16:31
Knowby Examples,527cd36b-62c5-4df9-b33e-6d46d224fe43,Nespresso Inissia How to Directions,4ed4-864f-db17168a----9128-a3c9ddb6e3ea,Carol Jones,21/03/2024,13:05:35
Knowby Examples,527cd36b-62c5-4df9-b33e-6d46d224fe43,Nespresso Inissia How to Directions,4ed4-864f-db17168a----9128-a3c9ddb6e3ea,Carol Jones,21/03/2025,13:39:30
Knowby Examples,dc4fea64-6c7c-466f-af73-6b57d386a9f3,Test 664,4f16-eda6-7db766e9----bc66-af8100c46bb3,Jared Foster,15/04/2025,15:09:07
Knowby Examples,a4f959fb-34a4-4e4d-9ae4-83f06ce9fbb6,Effective Body Camera Use in Retail Security: A Basic Guide,4dd1-509e-67e290d9----bb68-afdb00c8af51,Cristian Gonzalez,02/06/2025,14:17:26
Knowby Examples,a4f959fb-34a4-4e4d-9ae4-83f06ce9fbb6,Effective Body Camera Use in Retail Security: A Basic Guide,4dd1-509e-67e290d9----bb68-afdb00c8af51,Cristian Gonzalez,02/06/2025,13:29:54
Knowby Examples,a4f959fb-34a4-4e4d-9ae4-83f06ce9fbb6,Effective Body Camera Use in Retail Security: A Basic Guide,4dd1-509e-67e290d9----bb68-afdb00c8af51,Cristian Gonzalez,02/10/2025,08:06:32
Knowby Examples,a4f959fb-34a4-4e4d-9ae4-83f06ce9fbb6,Effective Body Camera Use in Retail Security: A Basic Guide,4e42-3ecf-a947652f----8d8f-1b0d973d1bbf,Robert Taylor,02/05/2025,16:57:21
Knowby Examples,a4f959fb-34a4-4e4d-9ae4-83f06ce9fbb6,Effective Body Camera Use in Retail Security: A Basic Guide,4e42-3ecf-a947652f----8d8f-1b0d973d1bbf,Robert Taylor,02/05/2024,16:41:19
Knowby Examples,a4f959fb-34a4-4e4d-9ae4-83f06ce9fbb6,Effective Body Camera Use in Retail Security: A Basic Guide,4e42-3ecf-a947652f----8d8f-1b0d973d1bbf,Robert Taylor,02/05/2025,17:03:01
Knowby Examples,a4f959fb-34a4-4e4d-9ae4-83f06ce9fbb6,Effective Body Camera Use in Retail Security: A Basic Guide,4e42-3ecf-a947652f----8d8f-1b0d973d1bbf,Robert Taylor,02/05/2024,08:03:18
Knowby Examples,a4f959fb-34a4-4e4d-9ae4-83f06ce9fbb6,Effective Body Camera Use in Retail Security: A Basic Guide,4e42-3ecf-a947652f----8d8f-1b0d973d1bbf,Robert Taylor,02/05/2025,10:04:34
Knowby Examples,a4f959fb-34a4-4e4d-9ae4-83f06ce9fbb6,Effective Body Camera Use in Retail Security: A Basic Guide,4e42-3ecf-a947652f----8d8f-1b0d973d1bbf,Robert Taylor,02/05/2025,13:29:30
Knowby Examples,a4f959fb-34a4-4e4d-9ae4-83f06ce9fbb6,Effective Body Camera Use in Retail Security: A Basic Guide,4e42-3ecf-a947652f----8d8f-1b0d973d1bbf,Robert Taylor,02/05/2025,13:00:35
Knowby Examples,a4f959fb-34a4-4e4d-9ae4-83f06ce9fbb6,Effective Body Camera Use in Retail Security: A Basic Guide,4e42-3ecf-a947652f----8d8f-1b0d973d1bbf,Robert Taylor,17/02/2025,15:30:25
Knowby Examples,a4f959fb-34a4-4e4d-9ae4-83f06ce9fbb6,Effective Body Camera Use in Retail Security: A Basic Guide,4dd1-509e-67e290d9----bb68-afdb00c8af51,Cristian Gonzalez,20/02/2025,17:39:04
Knowby Examples,a4f959fb-34a4-4e4d-9ae4-83f06ce9fbb6,Effective Body Camera Use in Retail Security: A Basic Guide,4e42-3ecf-a947652f----8d8f-1b0d973d1bbf,Robert Taylor,21/02/2024,10:42:20
Knowby Examples,cdb832e8-c7f1-4a36-a61b-79187b1538c7,Reprint an Orders Receipt on your Toast POS,4e42-3ecf-a947652f----8d8f-1b0d973d1bbf,Robert Taylor,14/02/2025,11:00:59
Knowby Examples,cdb832e8-c7f1-4a36-a61b-79187b1538c7,Reprint an Orders Receipt on your Toast POS,4e42-3ecf-a947652f----8d8f-1b0d973d1bbf,Robert Taylor,17/02/2025,17:53:48
Knowby Examples,cdb832e8-c7f1-4a36-a61b-79187b1538c7,Reprint an Orders Receipt on your Toast POS,4dd1-509e-67e290d9----bb68-afdb00c8af51,Cristian Gonzalez,03/04/2025,16:56:07
Knowby Examples,cdb832e8-c7f1-4a36-a61b-79187b1538c7,Reprint an Orders Receipt on your Toast POS,4ed4-864f-db17168a----9128-a3c9ddb6e3ea,Carol Jones,28/02/2025,17:21:53
Knowby Examples,1f2e9b98-1e6f-4b5e-9dd1-901ac9fe41b2,How to make a cup of Tea,400d-dbe2-f01d079d----af6e-af3d005280aa,Rhonda Evans,16/02/2025,13:54:50
Knowby Examples,1f2e9b98-1e6f-4b5e-9dd1-901ac9fe41b2,How to make a cup of Tea,4dd1-509e-67e290d9----bb68-afdb00c8af51,Cristian Gonzalez,16/02/2025,15:14:08
Knowby Examples,1f2e9b98-1e6f-4b5e-9dd1-901ac9fe41b2,How to make a cup of Tea,4dd1-509e-67e290d9----bb68-afdb00c8af51,Cristian Gonzalez,16/02/2025,13:21:05
Knowby Examples,1f2e9b98-1e6f-4b5e-9dd1-901ac9fe41b2,How to make a cup of Tea,4dd1-509e-67e290d9----bb68-afdb00c8af51,Cristian Gonzalez,16/02/2025,15:26:07
Knowby Examples,1f2e9b98-1e6f-4b5e-9dd1-901ac9fe41b2,How to make a cup of Tea,4dd1-509e-67e290d9----bb68-afdb00c8af51,Cristian Gonzalez,16/02/2025,08:22:48
Knowby Examples,1f2e9b98-1e6f-4b5e-9dd1-901ac9fe41b2,How to make a cup of Tea,4d2c-583f-adfb71a0----947b-af0c00af8d6b,Adriana Sanders,03/06/2024,12:24:21
Knowby Examples,1f2e9b98-1e6f-4b5e-9dd1-901ac9fe41b2,How to make a cup of Tea,44ed-a978-e8d990e2----8b3d-aef900a6bb99,Robert Perez,16/02/2025,09:40:49
Knowby Examples,1f2e9b98-1e6f-4b5e-9dd1-901ac9fe41b2,How to make a cup of Tea,44ed-a978-e8d990e2----8b3d-aef900a6bb99,Robert Perez,05/01/2025,10:46:30
Knowby Examples,1f2e9b98-1e6f-4b5e-9dd1-901ac9fe41b2,How to make a cup of Tea,44ed-a978-e8d990e2----8b3d-aef900a6bb99,Robert Perez,05/01/2025,12:32:04
Knowby Examples,1f2e9b98-1e6f-4b5e-9dd1-901ac9fe41b2,How to make a cup of Tea,44ed-a978-e8d990e2----8b3d-aef900a6bb99,Robert Perez,05/01/2025,10:32:06
Knowby Examples,1f2e9b98-1e6f-4b5e-9dd1-901ac9fe41b2,How to make a cup of Tea,4dd1-509e-67e290d9----bb68-afdb00c8af51,Cristian Gonzalez,16/02/2025,12:06:01
Knowby Examples,1f2e9b98-1e6f-4b5e-9dd1-901ac9fe41b2,How to make a cup of Tea,4dd1-509e-67e290d9----bb68-afdb00c8af51,Cristian Gonzalez,16/02/2025,16:36:29
Knowby Examples,1f2e9b98-1e6f-4b5e-9dd1-901ac9fe41b2,How to make a cup of Tea,4dd1-509e-67e290d9----bb68-afdb00c8af51,Cristian Gonzalez,16/02/2025,10:47:20
Knowby Examples,1b1578a8-7ce8-44a5-8830-98e4ba2075a8,How To Share Screen On Google Meet,4dd1-509e-67e290d9----bb68-afdb00c8af51,Cristian Gonzalez,19/02/2025,13:14:14
Knowby Examples,1b1578a8-7ce8-44a5-8830-98e4ba2075a8,How To Share Screen On Google Meet,4dd1-509e-67e290d9----bb68-afdb00c8af51,Cristian Gonzalez,19/02/2025,14:06:37
Knowby Examples,1b1578a8-7ce8-44a5-8830-98e4ba2075a8,How To Share Screen On Google Meet,4dd1-509e-67e290d9----bb68-afdb00c8af51,Cristian Gonzalez,19/02/2025,14:41:52
Knowby Examples,e5d2ab25-0563-434a-828f-4762c039f20e,How To Share Your Screen On Google Meet,4dd1-509e-67e290d9----bb68-afdb00c8af51,Cristian Gonzalez,19/02/2025,09:38:22
Knowby Examples,e5d2ab25-0563-434a-828f-4762c039f20e,How To Share Your Screen On Google Meet,4dd1-509e-67e290d9----bb68-afdb00c8af51,Cristian Gonzalez,19/02/2025,11:19:52
Knowby Examples,1ed97d67-69c6-49b1-9eab-05730a8bb1fb,How To Share Screen On Google Meet,4dd1-509e-67e290d9----bb68-afdb00c8af51,Cristian Gonzalez,19/02/2024,09:21:37
Knowby Examples,1ed97d67-69c6-49b1-9eab-05730a8bb1fb,How To Share Screen On Google Meet,4dd1-509e-67e290d9----bb68-afdb00c8af51,Cristian Gonzalez,19/02/2024,13:36:41
Knowby Examples,7d3997fd-733e-4b37-b9c7-e82d9bfe5fc0,How to Share Screen on Google Meet,44ed-a978-e8d990e2----8b3d-aef900a6bb99,Robert Perez,20/02/2025,09:14:05
Knowby Examples,7d3997fd-733e-4b37-b9c7-e82d9bfe5fc0,How to Share Screen on Google Meet,409d-3bdc-4417dd91----8aea-d6ea712d295b,Lisa Reeves,04/11/2025,11:37:41
Knowby Examples,7d3997fd-733e-4b37-b9c7-e82d9bfe5fc0,How to Share Screen on Google Meet,4dd1-509e-67e290d9----bb68-afdb00c8af51,Cristian Gonzalez,19/02/2024,13:51:49
Knowby Examples,7d3997fd-733e-4b37-b9c7-e82d9bfe5fc0,How to Share Screen on Google Meet,4dd1-509e-67e290d9----bb68-afdb00c8af51,Cristian Gonzalez,19/02/2025,09:57:27
Knowby Examples,7d3997fd-733e-4b37-b9c7-e82d9bfe5fc0,How to Share Screen on Google Meet,4dd1-509e-67e290d9----bb68-afdb00c8af51,Cristian Gonzalez,19/02/2025,10:06:20
Knowby Examples,7d3997fd-733e-4b37-b9c7-e82d9bfe5fc0,How to Share Screen on Google Meet,4dd1-509e-67e290d9----bb68-afdb00c8af51,Cristian Gonzalez,19/02/2025,08:25:13
Knowby Examples,7d3997fd-733e-4b37-b9c7-e82d9bfe5fc0,How to Share Screen on Google Meet,4ed4-864f-db17168a----9128-a3c9ddb6e3ea,Carol Jones,03/11/2025,11:40:41
Knowby Examples,7d3997fd-733e-4b37-b9c7-e82d9bfe5fc0,How to Share Screen on Google Meet,4ed4-864f-db17168a----9128-a3c9ddb6e3ea,Carol Jones,03/11/2025,11:28:23
Knowby Examples,4316e039-a99a-4804-b447-e8056444097e,Utility Pole Inspection Process,40cf-6eb7-521cd9aa----b44e-b3bc2ae815ea,Robert Rodriguez,03/09/2025,14:53:54
Knowby Examples,4316e039-a99a-4804-b447-e8056444097e,Utility Pole Inspection Process,40cf-6eb7-521cd9aa----b44e-b3bc2ae815ea,Robert Rodriguez,03/09/2025,10:26:39
Knowby Examples,4316e039-a99a-4804-b447-e8056444097e,Utility Pole Inspection Process,4dd1-509e-67e290d9----bb68-afdb00c8af51,Cristian Gonzalez,20/02/2025,11:27:48
Knowby Examples,4316e039-a99a-4804-b447-e8056444097e,Utility Pole Inspection Process,4dd1-509e-67e290d9----bb68-afdb00c8af51,Cristian Gonzalez,20/02/2025,14:48:15
Knowby Examples,4316e039-a99a-4804-b447-e8056444097e,Utility Pole Inspection Process,4dd1-509e-67e290d9----bb68-afdb00c8af51,Cristian Gonzalez,20/02/2025,14:15:27
Knowby Examples,5b510c91-f8fb-434f-826b-347b96901ef1,EN1004 12020 Mobile Access Towers,4dd1-509e-67e290d9----bb68-afdb00c8af51,Cristian Gonzalez,26/02/2025,14:42:00
Knowby Examples,5b510c91-f8fb-434f-826b-347b96901ef1,EN1004 12020 Mobile Access Towers,4dd1-509e-67e290d9----bb68-afdb00c8af51,Cristian Gonzalez,26/02/2025,10:50:16
Knowby Examples,28656d5e-ad09-455b-a4fe-0d6046df2f2a,EN1004 12020 Mobile Access Towers,4dd1-509e-67e290d9----bb68-afdb00c8af51,Cristian Gonzalez,26/02/2024,16:32:55
Knowby Examples,28656d5e-ad09-455b-a4fe-0d6046df2f2a,EN1004 12020 Mobile Access Towers,4dd1-509e-67e290d9----bb68-afdb00c8af51,Cristian Gonzalez,26/02/2024,10:16:14
Knowby Examples,28656d5e-ad09-455b-a4fe-0d6046df2f2a,EN1004 12020 Mobile Access Towers,4dd1-509e-67e290d9----bb68-afdb00c8af51,Cristian Gonzalez,26/02/2025,16:37:47
Knowby Examples,28656d5e-ad09-455b-a4fe-0d6046df2f2a,EN1004 12020 Mobile Access Towers,4dd1-509e-67e290d9----bb68-afdb00c8af51,Cristian Gonzalez,26/02/2025,15:54:44
Knowby Examples,28656d5e-ad09-455b-a4fe-0d6046df2f2a,EN1004 12020 Mobile Access Towers,4dd1-509e-67e290d9----bb68-afdb00c8af51,Cristian Gonzalez,26/02/2025,10:25:26
Knowby Examples,cee2cd40-abb0-44f4-9594-8f9cd716188c,Make a cup of tea,4dd1-509e-67e290d9----bb68-afdb00c8af51,Cristian Gonzalez,26/02/2025,10:52:03
Knowby Examples,cee2cd40-abb0-44f4-9594-8f9cd716188c,Make a cup of tea,4dd1-509e-67e290d9----bb68-afdb00c8af51,Cristian Gonzalez,26/02/2025,14:53:12
Knowby Examples,405ff708-44e5-45bc-965e-892533715dfa,How to Load Magazines Perfectly,4dd1-509e-67e290d9----bb68-afdb00c8af51,Cristian Gonzalez,03/03/2025,10:16:01
Knowby Examples,405ff708-44e5-45bc-965e-892533715dfa,How to Load Magazines Perfectly,4dd1-509e-67e290d9----bb68-afdb00c8af51,Cristian Gonzalez,03/03/2025,11:29:49
Knowby Examples,f249b8f7-1b72-45f0-a870-720d70515b06,How to Fix iPhone Alarm Not Working iOS 18,4dd1-509e-67e290d9----bb68-afdb00c8af51,Cristian Gonzalez,03/03/2025,14:42:36
Knowby Examples,ba49f05d-6c98-4b58-8f7b-3bfc195f3986,How to Load Magazines Perfectly,4dd1-509e-67e290d9----bb68-afdb00c8af51,Cristian Gonzalez,03/03/2025,14:10:12
Knowby Examples,ba49f05d-6c98-4b58-8f7b-3bfc195f3986,How to Load Magazines Perfectly,4dd1-509e-67e290d9----bb68-afdb00c8af51,Cristian Gonzalez,03/03/2024,12:45:22
Knowby Examples,8cf9fe0b-c16c-4296-8a48-e920a88ea07e,The Tim Tam Slam,4dd1-509e-67e290d9----bb68-afdb00c8af51,Cristian Gonzalez,10/03/2024,13:26:26
Knowby Examples,8cf9fe0b-c16c-4296-8a48-e920a88ea07e,The Tim Tam Slam,4dd1-509e-67e290d9----bb68-afdb00c8af51,Cristian Gonzalez,10/09/2025,15:22:39
Knowby Examples,8cf9fe0b-c16c-4296-8a48-e920a88ea07e,The Tim Tam Slam,4d2c-583f-adfb71a0----947b-af0c00af8d6b,Adriana Sanders,10/10/2024,16:43:04
Knowby Examples,8cf9fe0b-c16c-4296-8a48-e920a88ea07e,The Tim Tam Slam,44ed-a978-e8d990e2----8b3d-aef900a6bb99,Robert Perez,10/07/2025,09:26:32
Knowby Examples,8cf9fe0b-c16c-4296-8a48-e920a88ea07e,The Tim Tam Slam,44ed-a978-e8d990e2----8b3d-aef900a6bb99,Robert Perez,10/10/2025,16:54:02
Knowby Examples,8cf9fe0b-c16c-4296-8a48-e920a88ea07e,The Tim Tam Slam,44ed-a978-e8d990e2----8b3d-aef900a6bb99,Robert Perez,18/10/2025,08:21:40
Knowby Examples,8cf9fe0b-c16c-4296-8a48-e920a88ea07e,The Tim Tam Slam,44ed-a978-e8d990e2----8b3d-aef900a6bb99,Robert Perez,20/01/2025,12:02:22
Knowby Examples,8cf9fe0b-c16c-4296-8a48-e920a88ea07e,The Tim Tam Slam,44ed-a978-e8d990e2----8b3d-aef900a6bb99,Robert Perez,29/01/2025,09:59:12
Knowby Examples,8cf9fe0b-c16c-4296-8a48-e920a88ea07e,The Tim Tam Slam,44ed-a978-e8d990e2----8b3d-aef900a6bb99,Robert Perez,03/03/2025,14:08:22
Knowby Examples,8cf9fe0b-c16c-4296-8a48-e920a88ea07e,The Tim Tam Slam,4ed4-864f-db17168a----9128-a3c9ddb6e3ea,Carol Jones,23/01/2025,17:05:05
Knowby Examples,8cf9fe0b-c16c-4296-8a48-e920a88ea07e,The Tim Tam Slam,4e42-3ecf-a947652f----8d8f-1b0d973d1bbf,Robert Taylor,02/12/2025,12:53:00
Knowby Examples,8cf9fe0b-c16c-4296-8a48-e920a88ea07e,The Tim Tam Slam,4d1a-2d52-b574cc8e----b6c0-af3b0075112b,Melanie Wilson,04/06/2025,10:46:33
Knowby Examples,8cf9fe0b-c16c-4296-8a48-e920a88ea07e,The Tim Tam Slam,4d1a-2d52-b574cc8e----b6c0-af3b0075112b,Melanie Wilson,04/06/2025,14:14:12
Knowby Examples,8cf9fe0b-c16c-4296-8a48-e920a88ea07e,The Tim Tam Slam,4cb2-65da-696d957b----9f0d-54f7230f93ca,Andrew Mueller,21/03/2024,15:05:51
Knowby Examples,8cf9fe0b-c16c-4296-8a48-e920a88ea07e,The Tim Tam Slam,4dd1-509e-67e290d9----bb68-afdb00c8af51,Cristian Gonzalez,03/03/2025,13:36:22
Knowby Examples,8cf9fe0b-c16c-4296-8a48-e920a88ea07e,The Tim Tam Slam,4dd1-509e-67e290d9----bb68-afdb00c8af51,Cristian Gonzalez,03/03/2025,08:19:48
Knowby Examples,8cf9fe0b-c16c-4296-8a48-e920a88ea07e,The Tim Tam Slam,4dd1-509e-67e290d9----bb68-afdb00c8af51,Cristian Gonzalez,03/03/2025,08:36:15
Knowby Examples,8cf9fe0b-c16c-4296-8a48-e920a88ea07e,The Tim Tam Slam,4dd1-509e-67e290d9----bb68-afdb00c8af51,Cristian Gonzalez,03/04/2025,12:43:50
Knowby Examples,8cf9fe0b-c16c-4296-8a48-e920a88ea07e,The Tim Tam Slam,4dd1-509e-67e290d9----bb68-afdb00c8af51,Cristian Gonzalez,03/04/2024,11:15:51
Knowby Examples,d91b28c8-3fe7-422f-86bc-ce54ca220b59,How to Load Magazines Perfectly,4dd1-509e-67e290d9----bb68-afdb00c8af51,Cristian Gonzalez,03/06/2025,12:50:03
Knowby Examples,37eb4011-b485-4571-b416-5d1f9fe34eaa,Mount Taranaki Summit Route Alpine Tramping Hiking Series,4dd1-509e-67e290d9----bb68-afdb00c8af51,Cristian Gonzalez,03/04/2025,12:38:34
Knowby Examples,37eb4011-b485-4571-b416-5d1f9fe34eaa,Mount Taranaki Summit Route Alpine Tramping Hiking Series,4dd1-509e-67e290d9----bb68-afdb00c8af51,Cristian Gonzalez,03/07/2024,12:13:06
Knowby Examples,9d1ab246-d008-4ecf-97b5-c172570bff0d,Hexagon Xalt Sales Quoting,44ed-a978-e8d990e2----8b3d-aef900a6bb99,Robert Perez,03/12/2025,14:55:37
Knowby Examples,9d1ab246-d008-4ecf-97b5-c172570bff0d,Hexagon Xalt Sales Quoting,4dd1-509e-67e290d9----bb68-afdb00c8af51,Cristian Gonzalez,03/12/2025,10:13:25
Knowby Examples,9d1ab246-d008-4ecf-97b5-c172570bff0d,Hexagon Xalt Sales Quoting,4dd1-509e-67e290d9----bb68-afdb00c8af51,Cristian Gonzalez,03/12/2025,09:44:11
Knowby Examples,9d1ab246-d008-4ecf-97b5-c172570bff0d,Hexagon Xalt Sales Quoting,4dd1-509e-67e290d9----bb68-afdb00c8af51,Cristian Gonzalez,03/12/2025,16:57:39
Knowby Examples,9d1ab246-d008-4ecf-97b5-c172570bff0d,Hexagon Xalt Sales Quoting,4dd1-509e-67e290d9----bb68-afdb00c8af51,Cristian Gonzalez,03/12/2025,09:49:55
Knowby Examples,9d1ab246-d008-4ecf-97b5-c172570bff0d,Hexagon Xalt Sales Quoting,4dd1-509e-67e290d9----bb68-afdb00c8af51,Cristian Gonzalez,03/12/2025,13:46:22
Knowby Examples,9d1ab246-d008-4ecf-97b5-c172570bff0d,Hexagon Xalt Sales Quoting,4dd1-509e-67e290d9----bb68-afdb00c8af51,Cristian Gonzalez,03/12/2025,12:53:03
Knowby Examples,9d1ab246-d008-4ecf-97b5-c172570bff0d,Hexagon Xalt Sales Quoting,4dd1-509e-67e290d9----bb68-afdb00c8af51,Cristian Gonzalez,03/12/2024,17:46:10
Knowby Examples,9d1ab246-d008-4ecf-97b5-c172570bff0d,Hexagon Xalt Sales Quoting,4dd1-509e-67e290d9----bb68-afdb00c8af51,Cristian Gonzalez,03/12/2024,17:17:03
Knowby Examples,9d1ab246-d008-4ecf-97b5-c172570bff0d,Hexagon Xalt Sales Quoting,4dd1-509e-67e290d9----bb68-afdb00c8af51,Cristian Gonzalez,13/03/2025,13:04:59
Knowby Examples,9d1ab246-d008-4ecf-97b5-c172570bff0d,Hexagon Xalt Sales Quoting,4e42-3ecf-a947652f----8d8f-1b0d973d1bbf,Robert Taylor,14/03/2025,09:57:29
Knowby Examples,b9e294d8-48b7-4e30-a3bf-c890ad4d4d63,Journey of a Work Order,4dd1-509e-67e290d9----bb68-afdb00c8af51,Cristian Gonzalez,03/12/2025,16:26:50
Knowby Examples,9631a2f3-566c-4a0b-aab4-30ca17dd7246,ProMAP Training,4dd1-509e-67e290d9----bb68-afdb00c8af51,Cristian Gonzalez,03/12/2025,10:00:04
Knowby Examples,9631a2f3-566c-4a0b-aab4-30ca17dd7246,ProMAP Training,4dd1-509e-67e290d9----bb68-afdb00c8af51,Cristian Gonzalez,03/12/2025,15:36:46
Knowby Examples,05fcb450-c366-4345-a66c-177b3d1224c5,Programmed Portal,4dd1-509e-67e290d9----bb68-afdb00c8af51,Cristian Gonzalez,03/12/2025,08:48:19
Knowby Examples,d522740e-b581-4fff-af16-492a7f32f614,Product Stocking and Rotation,4dd1-509e-67e290d9----bb68-afdb00c8af51,Cristian Gonzalez,20/02/2025,09:40:26
Knowby Examples,d522740e-b581-4fff-af16-492a7f32f614,Product Stocking and Rotation,4dd1-509e-67e290d9----bb68-afdb00c8af51,Cristian Gonzalez,20/02/2025,13:20:39
Knowby Examples,d522740e-b581-4fff-af16-492a7f32f614,Product Stocking and Rotation,4dd1-509e-67e290d9----bb68-afdb00c8af51,Cristian Gonzalez,20/02/2025,09:20:20
Knowby Examples,d522740e-b581-4fff-af16-492a7f32f614,Product Stocking and Rotation,4dd1-509e-67e290d9----bb68-afdb00c8af51,Cristian Gonzalez,03/04/2025,15:34:59
Knowby Examples,d522740e-b581-4fff-af16-492a7f32f614,Product Stocking and Rotation,4dd1-509e-67e290d9----bb68-afdb00c8af51,Cristian Gonzalez,03/07/2025,15:07:55
Knowby Examples,d522740e-b581-4fff-af16-492a7f32f614,Product Stocking and Rotation,4dd1-509e-67e290d9----bb68-afdb00c8af51,Cristian Gonzalez,03/12/2025,08:50:09
Knowby Examples,d522740e-b581-4fff-af16-492a7f32f614,Product Stocking and Rotation,4dd1-509e-67e290d9----bb68-afdb00c8af51,Cristian Gonzalez,03/12/2025,13:31:27
Knowby Examples,221e2af3-8da9-43c7-b3b6-ba4e040448a6,How to Load Magazines Perfectly,4dd1-509e-67e290d9----bb68-afdb00c8af51,Cristian Gonzalez,03/12/2025,09:29:47
Knowby Examples,221e2af3-8da9-43c7-b3b6-ba4e040448a6,How to Load Magazines Perfectly,4dd1-509e-67e290d9----bb68-afdb00c8af51,Cristian Gonzalez,03/12/2025,15:12:50
Knowby Examples,221e2af3-8da9-43c7-b3b6-ba4e040448a6,How to Load Magazines Perfectly,4dd1-509e-67e290d9----bb68-afdb00c8af51,Cristian Gonzalez,03/12/2025,15:03:33
Knowby Examples,15adbaca-876f-4114-9280-cec8726cd06a,Programmed Portal,44ed-a978-e8d990e2----8b3d-aef900a6bb99,Robert Perez,13/03/2025,15:23:22
Knowby Examples,15adbaca-876f-4114-9280-cec8726cd06a,Programmed Portal,44ed-a978-e8d990e2----8b3d-aef900a6bb99,Robert Perez,13/03/2025,15:32:16
Knowby Examples,15adbaca-876f-4114-9280-cec8726cd06a,Programmed Portal,44ed-a978-e8d990e2----8b3d-aef900a6bb99,Robert Perez,14/03/2025,09:42:11
Knowby Examples,15adbaca-876f-4114-9280-cec8726cd06a,Programmed Portal,44ed-a978-e8d990e2----8b3d-aef900a6bb99,Robert Perez,14/03/2025,08:31:42
Knowby Examples,15adbaca-876f-4114-9280-cec8726cd06a,Programmed Portal,4dd1-509e-67e290d9----bb68-afdb00c8af51,Cristian Gonzalez,03/12/2024,12:37:07
Knowby Examples,15adbaca-876f-4114-9280-cec8726cd06a,Programmed Portal,4dd1-509e-67e290d9----bb68-afdb00c8af51,Cristian Gonzalez,03/12/2025,10:43:47
Knowby Examples,15adbaca-876f-4114-9280-cec8726cd06a,Programmed Portal,4dd1-509e-67e290d9----bb68-afdb00c8af51,Cristian Gonzalez,13/03/2025,12:08:33
Knowby Examples,a191fee9-202d-4fd7-bec2-5403d43e7aaf,Unknown,4dd1-509e-67e290d9----bb68-afdb00c8af51,Cristian Gonzalez,21/03/2025,11:31:53
Knowby Examples,fc2b3017-429d-4043-b535-ed0ecd42fb44,Welding Robot - Startup,4dd1-509e-67e290d9----bb68-afdb00c8af51,Cristian Gonzalez,17/03/2025,08:47:21
Knowby Examples,fc2b3017-429d-4043-b535-ed0ecd42fb44,Welding Robot - Startup,4dd1-509e-67e290d9----bb68-afdb00c8af51,Cristian Gonzalez,17/03/2025,13:55:16
Knowby Examples,fc2b3017-429d-4043-b535-ed0ecd42fb44,Welding Robot - Startup,4dd1-509e-67e290d9----bb68-afdb00c8af51,Cristian Gonzalez,17/03/2025,17:37:20
Knowby Examples,541b6a85-fb82-4a64-ac63-6e9373e5d3c7,Welding Robot - Startup,4cb2-65da-696d957b----9f0d-54f7230f93ca,Andrew Mueller,16/09/2025,12:30:35
Knowby Examples,541b6a85-fb82-4a64-ac63-6e9373e5d3c7,Welding Robot - Startup,4dd1-509e-67e290d9----bb68-afdb00c8af51,Cristian Gonzalez,20/07/2025,09:34:27
Knowby Examples,541b6a85-fb82-4a64-ac63-6e9373e5d3c7,Welding Robot - Startup,4dd1-509e-67e290d9----bb68-afdb00c8af51,Cristian Gonzalez,09/07/2025,14:49:01
Knowby Examples,541b6a85-fb82-4a64-ac63-6e9373e5d3c7,Welding Robot - Startup,4dd1-509e-67e290d9----bb68-afdb00c8af51,Cristian Gonzalez,09/07/2025,12:02:49
Knowby Examples,541b6a85-fb82-4a64-ac63-6e9373e5d3c7,Welding Robot - Startup,4dd1-509e-67e290d9----bb68-afdb00c8af51,Cristian Gonzalez,14/09/2024,16:17:55
Knowby Examples,541b6a85-fb82-4a64-ac63-6e9373e5d3c7,Welding Robot - Startup,4dd1-509e-67e290d9----bb68-afdb00c8af51,Cristian Gonzalez,14/09/2025,11:15:49
Knowby Examples,541b6a85-fb82-4a64-ac63-6e9373e5d3c7,Welding Robot - Startup,4dd1-509e-67e290d9----bb68-afdb00c8af51,Cristian Gonzalez,14/09/2025,14:10:26
Knowby Examples,541b6a85-fb82-4a64-ac63-6e9373e5d3c7,Welding Robot - Startup,4dd1-509e-67e290d9----bb68-afdb00c8af51,Cristian Gonzalez,14/09/2024,09:03:13
Knowby Examples,541b6a85-fb82-4a64-ac63-6e9373e5d3c7,Welding Robot - Startup,4dd1-509e-67e290d9----bb68-afdb00c8af51,Cristian Gonzalez,14/09/2025,13:39:01
Knowby Examples,541b6a85-fb82-4a64-ac63-6e9373e5d3c7,Welding Robot - Startup,4dd1-509e-67e290d9----bb68-afdb00c8af51,Cristian Gonzalez,14/09/2025,11:44:00
Knowby Examples,541b6a85-fb82-4a64-ac63-6e9373e5d3c7,Welding Robot - Startup,4dd1-509e-67e290d9----bb68-afdb00c8af51,Cristian Gonzalez,22/09/2025,11:33:49
Knowby Examples,541b6a85-fb82-4a64-ac63-6e9373e5d3c7,Welding Robot - Startup,4dd1-509e-67e290d9----bb68-afdb00c8af51,Cristian Gonzalez,10/11/2024,17:55:19
Knowby Examples,541b6a85-fb82-4a64-ac63-6e9373e5d3c7,Welding Robot - Startup,4dd1-509e-67e290d9----bb68-afdb00c8af51,Cristian Gonzalez,19/10/2024,13:25:39
Knowby Examples,541b6a85-fb82-4a64-ac63-6e9373e5d3c7,Welding Robot - Startup,4dd1-509e-67e290d9----bb68-afdb00c8af51,Cristian Gonzalez,20/10/2025,15:33:45
Knowby Examples,541b6a85-fb82-4a64-ac63-6e9373e5d3c7,Welding Robot - Startup,4dd1-509e-67e290d9----bb68-afdb00c8af51,Cristian Gonzalez,20/10/2025,08:22:43
Knowby Examples,541b6a85-fb82-4a64-ac63-6e9373e5d3c7,Welding Robot - Startup,4dd1-509e-67e290d9----bb68-afdb00c8af51,Cristian Gonzalez,23/08/2025,17:14:37
Knowby Examples,541b6a85-fb82-4a64-ac63-6e9373e5d3c7,Welding Robot - Startup,4dd1-509e-67e290d9----bb68-afdb00c8af51,Cristian Gonzalez,23/08/2025,12:40:47
Knowby Examples,541b6a85-fb82-4a64-ac63-6e9373e5d3c7,Welding Robot - Startup,4dd1-509e-67e290d9----bb68-afdb00c8af51,Cristian Gonzalez,13/09/2025,14:57:48
Knowby Examples,541b6a85-fb82-4a64-ac63-6e9373e5d3c7,Welding Robot - Startup,4dd1-509e-67e290d9----bb68-afdb00c8af51,Cristian Gonzalez,01/03/2025,13:51:52
Knowby Examples,541b6a85-fb82-4a64-ac63-6e9373e5d3c7,Welding Robot - Startup,4dd1-509e-67e290d9----bb68-afdb00c8af51,Cristian Gonzalez,01/06/2025,15:35:23
Knowby Examples,541b6a85-fb82-4a64-ac63-6e9373e5d3c7,Welding Robot - Startup,4dd1-509e-67e290d9----bb68-afdb00c8af51,Cristian Gonzalez,01/10/2025,13:32:30
Knowby Examples,541b6a85-fb82-4a64-ac63-6e9373e5d3c7,Welding Robot - Startup,4dd1-509e-67e290d9----bb68-afdb00c8af51,Cristian Gonzalez,17/01/2025,16:54:08
Knowby Examples,541b6a85-fb82-4a64-ac63-6e9373e5d3c7,Welding Robot - Startup,4dd1-509e-67e290d9----bb68-afdb00c8af51,Cristian Gonzalez,02/10/2025,15:14:17
Knowby Examples,541b6a85-fb82-4a64-ac63-6e9373e5d3c7,Welding Robot - Startup,4dd1-509e-67e290d9----bb68-afdb00c8af51,Cristian Gonzalez,02/10/2025,14:34:53
Knowby Examples,541b6a85-fb82-4a64-ac63-6e9373e5d3c7,Welding Robot - Startup,4d2c-583f-adfb71a0----947b-af0c00af8d6b,Adriana Sanders,14/08/2025,17:21:24
Knowby Examples,541b6a85-fb82-4a64-ac63-6e9373e5d3c7,Welding Robot - Startup,4d2c-583f-adfb71a0----947b-af0c00af8d6b,Adriana Sanders,13/09/2025,11:21:32
Knowby Examples,541b6a85-fb82-4a64-ac63-6e9373e5d3c7,Welding Robot - Startup,4d2c-583f-adfb71a0----947b-af0c00af8d6b,Adriana Sanders,14/09/2025,10:49:15
Knowby Examples,541b6a85-fb82-4a64-ac63-6e9373e5d3c7,Welding Robot - Startup,4d2c-583f-adfb71a0----947b-af0c00af8d6b,Adriana Sanders,18/01/2025,08:56:08
Knowby Examples,541b6a85-fb82-4a64-ac63-6e9373e5d3c7,Welding Robot - Startup,4d2c-583f-adfb71a0----947b-af0c00af8d6b,Adriana Sanders,22/01/2025,09:35:13
Knowby Examples,541b6a85-fb82-4a64-ac63-6e9373e5d3c7,Welding Robot - Startup,4405-d6f6-e37511ad----906f-aefa00b1a961,Jeffrey Brown,08/03/2025,09:25:01
Knowby Examples,541b6a85-fb82-4a64-ac63-6e9373e5d3c7,Welding Robot - Startup,4405-d6f6-e37511ad----906f-aefa00b1a961,Jeffrey Brown,19/09/2025,08:40:58
Knowby Examples,541b6a85-fb82-4a64-ac63-6e9373e5d3c7,Welding Robot - Startup,4405-d6f6-e37511ad----906f-aefa00b1a961,Jeffrey Brown,20/09/2025,17:25:12
Knowby Examples,541b6a85-fb82-4a64-ac63-6e9373e5d3c7,Welding Robot - Startup,4405-d6f6-e37511ad----906f-aefa00b1a961,Jeffrey Brown,26/09/2025,12:00:10
Knowby Examples,541b6a85-fb82-4a64-ac63-6e9373e5d3c7,Welding Robot - Startup,4405-d6f6-e37511ad----906f-aefa00b1a961,Jeffrey Brown,26/09/2024,13:11:49
Knowby Examples,541b6a85-fb82-4a64-ac63-6e9373e5d3c7,Welding Robot - Startup,4405-d6f6-e37511ad----906f-aefa00b1a961,Jeffrey Brown,10/09/2025,11:13:26
Knowby Examples,541b6a85-fb82-4a64-ac63-6e9373e5d3c7,Welding Robot - Startup,4327-393b-53cbdfde----b9a4-aef900aa92ef,Kenneth Landry,20/09/2024,10:20:48
Knowby Examples,541b6a85-fb82-4a64-ac63-6e9373e5d3c7,Welding Robot - Startup,4327-393b-53cbdfde----b9a4-aef900aa92ef,Kenneth Landry,08/08/2024,16:30:56
Knowby Examples,541b6a85-fb82-4a64-ac63-6e9373e5d3c7,Welding Robot - Startup,4327-393b-53cbdfde----b9a4-aef900aa92ef,Kenneth Landry,13/02/2025,17:51:24
Knowby Examples,541b6a85-fb82-4a64-ac63-6e9373e5d3c7,Welding Robot - Startup,44ed-a978-e8d990e2----8b3d-aef900a6bb99,Robert Perez,17/10/2025,11:06:53
Knowby Examples,541b6a85-fb82-4a64-ac63-6e9373e5d3c7,Welding Robot - Startup,44ed-a978-e8d990e2----8b3d-aef900a6bb99,Robert Perez,08/05/2025,13:54:38
Knowby Examples,541b6a85-fb82-4a64-ac63-6e9373e5d3c7,Welding Robot - Startup,44ed-a978-e8d990e2----8b3d-aef900a6bb99,Robert Perez,08/12/2024,11:33:17
Knowby Examples,541b6a85-fb82-4a64-ac63-6e9373e5d3c7,Welding Robot - Startup,44ed-a978-e8d990e2----8b3d-aef900a6bb99,Robert Perez,14/08/2024,16:39:08
Knowby Examples,541b6a85-fb82-4a64-ac63-6e9373e5d3c7,Welding Robot - Startup,44ed-a978-e8d990e2----8b3d-aef900a6bb99,Robert Perez,14/08/2025,13:31:54
Knowby Examples,541b6a85-fb82-4a64-ac63-6e9373e5d3c7,Welding Robot - Startup,44ed-a978-e8d990e2----8b3d-aef900a6bb99,Robert Perez,14/08/2025,10:49:44
Knowby Examples,541b6a85-fb82-4a64-ac63-6e9373e5d3c7,Welding Robot - Startup,44ed-a978-e8d990e2----8b3d-aef900a6bb99,Robert Perez,14/08/2025,15:41:14
Knowby Examples,541b6a85-fb82-4a64-ac63-6e9373e5d3c7,Welding Robot - Startup,44ed-a978-e8d990e2----8b3d-aef900a6bb99,Robert Perez,09/10/2025,17:33:49
Knowby Examples,541b6a85-fb82-4a64-ac63-6e9373e5d3c7,Welding Robot - Startup,44ed-a978-e8d990e2----8b3d-aef900a6bb99,Robert Perez,13/09/2025,14:50:04
Knowby Examples,541b6a85-fb82-4a64-ac63-6e9373e5d3c7,Welding Robot - Startup,44ed-a978-e8d990e2----8b3d-aef900a6bb99,Robert Perez,21/12/2025,15:21:10
Knowby Examples,541b6a85-fb82-4a64-ac63-6e9373e5d3c7,Welding Robot - Startup,44ed-a978-e8d990e2----8b3d-aef900a6bb99,Robert Perez,21/12/2025,13:58:13
Knowby Examples,541b6a85-fb82-4a64-ac63-6e9373e5d3c7,Welding Robot - Startup,44ed-a978-e8d990e2----8b3d-aef900a6bb99,Robert Perez,23/12/2025,13:38:44
Knowby Examples,541b6a85-fb82-4a64-ac63-6e9373e5d3c7,Welding Robot - Startup,44ed-a978-e8d990e2----8b3d-aef900a6bb99,Robert Perez,23/12/2025,08:04:52
Knowby Examples,541b6a85-fb82-4a64-ac63-6e9373e5d3c7,Welding Robot - Startup,44ed-a978-e8d990e2----8b3d-aef900a6bb99,Robert Perez,01/05/2025,17:13:49
Knowby Examples,541b6a85-fb82-4a64-ac63-6e9373e5d3c7,Welding Robot - Startup,44ed-a978-e8d990e2----8b3d-aef900a6bb99,Robert Perez,01/06/2025,16:27:24
Knowby Examples,541b6a85-fb82-4a64-ac63-6e9373e5d3c7,Welding Robot - Startup,44ed-a978-e8d990e2----8b3d-aef900a6bb99,Robert Perez,01/07/2025,14:32:50
Knowby Examples,541b6a85-fb82-4a64-ac63-6e9373e5d3c7,Welding Robot - Startup,44ed-a978-e8d990e2----8b3d-aef900a6bb99,Robert Perez,01/07/2024,16:37:38
Knowby Examples,541b6a85-fb82-4a64-ac63-6e9373e5d3c7,Welding Robot - Startup,44ed-a978-e8d990e2----8b3d-aef900a6bb99,Robert Perez,01/07/2025,09:18:23
Knowby Examples,541b6a85-fb82-4a64-ac63-6e9373e5d3c7,Welding Robot - Startup,44ed-a978-e8d990e2----8b3d-aef900a6bb99,Robert Perez,01/08/2025,16:09:49
Knowby Examples,541b6a85-fb82-4a64-ac63-6e9373e5d3c7,Welding Robot - Startup,44ed-a978-e8d990e2----8b3d-aef900a6bb99,Robert Perez,13/01/2025,08:25:14
Knowby Examples,541b6a85-fb82-4a64-ac63-6e9373e5d3c7,Welding Robot - Startup,44ed-a978-e8d990e2----8b3d-aef900a6bb99,Robert Perez,13/01/2024,11:24:06
Knowby Examples,541b6a85-fb82-4a64-ac63-6e9373e5d3c7,Welding Robot - Startup,44ed-a978-e8d990e2----8b3d-aef900a6bb99,Robert Perez,13/01/2025,16:57:52
Knowby Examples,541b6a85-fb82-4a64-ac63-6e9373e5d3c7,Welding Robot - Startup,44ed-a978-e8d990e2----8b3d-aef900a6bb99,Robert Perez,17/01/2025,09:02:30
Knowby Examples,541b6a85-fb82-4a64-ac63-6e9373e5d3c7,Welding Robot - Startup,44ed-a978-e8d990e2----8b3d-aef900a6bb99,Robert Perez,21/01/2025,12:13:59
Knowby Examples,541b6a85-fb82-4a64-ac63-6e9373e5d3c7,Welding Robot - Startup,44ed-a978-e8d990e2----8b3d-aef900a6bb99,Robert Perez,18/03/2025,13:50:20
Knowby Examples,541b6a85-fb82-4a64-ac63-6e9373e5d3c7,Welding Robot - Startup,44ed-a978-e8d990e2----8b3d-aef900a6bb99,Robert Perez,18/03/2025,17:11:53
Knowby Examples,541b6a85-fb82-4a64-ac63-6e9373e5d3c7,Welding Robot - Startup,44ed-a978-e8d990e2----8b3d-aef900a6bb99,Robert Perez,20/03/2025,09:13:33
Knowby Examples,541b6a85-fb82-4a64-ac63-6e9373e5d3c7,Welding Robot - Startup,44ed-a978-e8d990e2----8b3d-aef900a6bb99,Robert Perez,31/03/2025,10:58:41
Knowby Examples,541b6a85-fb82-4a64-ac63-6e9373e5d3c7,Welding Robot - Startup,4ed4-864f-db17168a----9128-a3c9ddb6e3ea,Carol Jones,10/11/2024,13:12:39
Knowby Examples,541b6a85-fb82-4a64-ac63-6e9373e5d3c7,Welding Robot - Startup,4ed4-864f-db17168a----9128-a3c9ddb6e3ea,Carol Jones,07/06/2025,11:39:16
Knowby Examples,541b6a85-fb82-4a64-ac63-6e9373e5d3c7,Welding Robot - Startup,4ed4-864f-db17168a----9128-a3c9ddb6e3ea,Carol Jones,08/08/2025,17:45:15
Knowby Examples,541b6a85-fb82-4a64-ac63-6e9373e5d3c7,Welding Robot - Startup,4ed4-864f-db17168a----9128-a3c9ddb6e3ea,Carol Jones,08/12/2025,12:33:04
Knowby Examples,541b6a85-fb82-4a64-ac63-6e9373e5d3c7,Welding Robot - Startup,4ed4-864f-db17168a----9128-a3c9ddb6e3ea,Carol Jones,08/12/2025,11:00:09
Knowby Examples,541b6a85-fb82-4a64-ac63-6e9373e5d3c7,Welding Robot - Startup,4ed4-864f-db17168a----9128-a3c9ddb6e3ea,Carol Jones,08/12/2025,08:15:07
Knowby Examples,541b6a85-fb82-4a64-ac63-6e9373e5d3c7,Welding Robot - Startup,4ed4-864f-db17168a----9128-a3c9ddb6e3ea,Carol Jones,08/12/2025,09:13:12
Knowby Examples,541b6a85-fb82-4a64-ac63-6e9373e5d3c7,Welding Robot - Startup,4ed4-864f-db17168a----9128-a3c9ddb6e3ea,Carol Jones,08/12/2025,14:35:56
Knowby Examples,541b6a85-fb82-4a64-ac63-6e9373e5d3c7,Welding Robot - Startup,4ed4-864f-db17168a----9128-a3c9ddb6e3ea,Carol Jones,08/12/2025,13:28:57
Knowby Examples,541b6a85-fb82-4a64-ac63-6e9373e5d3c7,Welding Robot - Startup,4ed4-864f-db17168a----9128-a3c9ddb6e3ea,Carol Jones,08/12/2025,17:59:43
Knowby Examples,541b6a85-fb82-4a64-ac63-6e9373e5d3c7,Welding Robot - Startup,4ed4-864f-db17168a----9128-a3c9ddb6e3ea,Carol Jones,08/12/2025,15:47:56
Knowby Examples,541b6a85-fb82-4a64-ac63-6e9373e5d3c7,Welding Robot - Startup,4ed4-864f-db17168a----9128-a3c9ddb6e3ea,Carol Jones,08/12/2024,13:37:08
Knowby Examples,541b6a85-fb82-4a64-ac63-6e9373e5d3c7,Welding Robot - Startup,4ed4-864f-db17168a----9128-a3c9ddb6e3ea,Carol Jones,08/12/2025,17:45:38
Knowby Examples,541b6a85-fb82-4a64-ac63-6e9373e5d3c7,Welding Robot - Startup,4ed4-864f-db17168a----9128-a3c9ddb6e3ea,Carol Jones,08/12/2025,12:29:59
Knowby Examples,541b6a85-fb82-4a64-ac63-6e9373e5d3c7,Welding Robot - Startup,4ed4-864f-db17168a----9128-a3c9ddb6e3ea,Carol Jones,08/12/2025,13:05:08
Knowby Examples,541b6a85-fb82-4a64-ac63-6e9373e5d3c7,Welding Robot - Startup,4ed4-864f-db17168a----9128-a3c9ddb6e3ea,Carol Jones,08/12/2025,15:35:11
Knowby Examples,541b6a85-fb82-4a64-ac63-6e9373e5d3c7,Welding Robot - Startup,4ed4-864f-db17168a----9128-a3c9ddb6e3ea,Carol Jones,08/12/2025,15:14:16
Knowby Examples,541b6a85-fb82-4a64-ac63-6e9373e5d3c7,Welding Robot - Startup,4ed4-864f-db17168a----9128-a3c9ddb6e3ea,Carol Jones,08/12/2025,17:08:51
Knowby Examples,541b6a85-fb82-4a64-ac63-6e9373e5d3c7,Welding Robot - Startup,4ed4-864f-db17168a----9128-a3c9ddb6e3ea,Carol Jones,08/12/2025,17:21:58
Knowby Examples,541b6a85-fb82-4a64-ac63-6e9373e5d3c7,Welding Robot - Startup,4ed4-864f-db17168a----9128-a3c9ddb6e3ea,Carol Jones,08/12/2024,13:07:39
Knowby Examples,541b6a85-fb82-4a64-ac63-6e9373e5d3c7,Welding Robot - Startup,4ed4-864f-db17168a----9128-a3c9ddb6e3ea,Carol Jones,28/08/2025,14:03:14
Knowby Examples,541b6a85-fb82-4a64-ac63-6e9373e5d3c7,Welding Robot - Startup,4ed4-864f-db17168a----9128-a3c9ddb6e3ea,Carol Jones,28/08/2025,12:08:04
Knowby Examples,541b6a85-fb82-4a64-ac63-6e9373e5d3c7,Welding Robot - Startup,4ed4-864f-db17168a----9128-a3c9ddb6e3ea,Carol Jones,28/08/2024,09:11:57
Knowby Examples,541b6a85-fb82-4a64-ac63-6e9373e5d3c7,Welding Robot - Startup,4ed4-864f-db17168a----9128-a3c9ddb6e3ea,Carol Jones,28/08/2025,15:00:13
Knowby Examples,541b6a85-fb82-4a64-ac63-6e9373e5d3c7,Welding Robot - Startup,4ed4-864f-db17168a----9128-a3c9ddb6e3ea,Carol Jones,09/01/2024,09:34:54
Knowby Examples,541b6a85-fb82-4a64-ac63-6e9373e5d3c7,Welding Robot - Startup,4ed4-864f-db17168a----9128-a3c9ddb6e3ea,Carol Jones,23/10/2025,17:16:51
Knowby Examples,541b6a85-fb82-4a64-ac63-6e9373e5d3c7,Welding Robot - Startup,4ed4-864f-db17168a----9128-a3c9ddb6e3ea,Carol Jones,20/11/2025,13:19:26
Knowby Examples,541b6a85-fb82-4a64-ac63-6e9373e5d3c7,Welding Robot - Startup,4ed4-864f-db17168a----9128-a3c9ddb6e3ea,Carol Jones,21/11/2025,10:34:43
Knowby Examples,541b6a85-fb82-4a64-ac63-6e9373e5d3c7,Welding Robot - Startup,4ed4-864f-db17168a----9128-a3c9ddb6e3ea,Carol Jones,18/12/2025,13:36:49
Knowby Examples,541b6a85-fb82-4a64-ac63-6e9373e5d3c7,Welding Robot - Startup,4ed4-864f-db17168a----9128-a3c9ddb6e3ea,Carol Jones,18/12/2025,17:52:47
Knowby Examples,541b6a85-fb82-4a64-ac63-6e9373e5d3c7,Welding Robot - Startup,4ed4-864f-db17168a----9128-a3c9ddb6e3ea,Carol Jones,18/12/2025,10:52:50
Knowby Examples,541b6a85-fb82-4a64-ac63-6e9373e5d3c7,Welding Robot - Startup,4ed4-864f-db17168a----9128-a3c9ddb6e3ea,Carol Jones,18/12/2025,08:29:32
Knowby Examples,541b6a85-fb82-4a64-ac63-6e9373e5d3c7,Welding Robot - Startup,4ed4-864f-db17168a----9128-a3c9ddb6e3ea,Carol Jones,18/12/2025,09:30:45
Knowby Examples,541b6a85-fb82-4a64-ac63-6e9373e5d3c7,Welding Robot - Startup,4ed4-864f-db17168a----9128-a3c9ddb6e3ea,Carol Jones,18/12/2025,13:51:29
Knowby Examples,541b6a85-fb82-4a64-ac63-6e9373e5d3c7,Welding Robot - Startup,4ed4-864f-db17168a----9128-a3c9ddb6e3ea,Carol Jones,18/12/2025,17:29:19
Knowby Examples,541b6a85-fb82-4a64-ac63-6e9373e5d3c7,Welding Robot - Startup,4ed4-864f-db17168a----9128-a3c9ddb6e3ea,Carol Jones,18/12/2025,13:28:01
Knowby Examples,541b6a85-fb82-4a64-ac63-6e9373e5d3c7,Welding Robot - Startup,4ed4-864f-db17168a----9128-a3c9ddb6e3ea,Carol Jones,19/12/2025,08:22:53
Knowby Examples,541b6a85-fb82-4a64-ac63-6e9373e5d3c7,Welding Robot - Startup,4ed4-864f-db17168a----9128-a3c9ddb6e3ea,Carol Jones,19/12/2025,13:53:12
Knowby Examples,541b6a85-fb82-4a64-ac63-6e9373e5d3c7,Welding Robot - Startup,4ed4-864f-db17168a----9128-a3c9ddb6e3ea,Carol Jones,01/04/2025,10:52:12
Knowby Examples,541b6a85-fb82-4a64-ac63-6e9373e5d3c7,Welding Robot - Startup,4ed4-864f-db17168a----9128-a3c9ddb6e3ea,Carol Jones,01/06/2024,14:10:40
Knowby Examples,541b6a85-fb82-4a64-ac63-6e9373e5d3c7,Welding Robot - Startup,4ed4-864f-db17168a----9128-a3c9ddb6e3ea,Carol Jones,16/01/2025,10:40:09
Knowby Examples,541b6a85-fb82-4a64-ac63-6e9373e5d3c7,Welding Robot - Startup,4ed4-864f-db17168a----9128-a3c9ddb6e3ea,Carol Jones,29/01/2025,09:45:48
Knowby Examples,541b6a85-fb82-4a64-ac63-6e9373e5d3c7,Welding Robot - Startup,4ed4-864f-db17168a----9128-a3c9ddb6e3ea,Carol Jones,29/01/2025,15:02:51
Knowby Examples,541b6a85-fb82-4a64-ac63-6e9373e5d3c7,Welding Robot - Startup,4ed4-864f-db17168a----9128-a3c9ddb6e3ea,Carol Jones,29/01/2025,17:03:52
Knowby Examples,541b6a85-fb82-4a64-ac63-6e9373e5d3c7,Welding Robot - Startup,4ed4-864f-db17168a----9128-a3c9ddb6e3ea,Carol Jones,29/01/2025,13:12:25
Knowby Examples,541b6a85-fb82-4a64-ac63-6e9373e5d3c7,Welding Robot - Startup,40cf-6eb7-521cd9aa----b44e-b3bc2ae815ea,Robert Rodriguez,28/08/2025,10:57:58
Knowby Examples,541b6a85-fb82-4a64-ac63-6e9373e5d3c7,Welding Robot - Startup,40cf-6eb7-521cd9aa----b44e-b3bc2ae815ea,Robert Rodriguez,28/08/2025,15:07:27
Knowby Examples,541b6a85-fb82-4a64-ac63-6e9373e5d3c7,Welding Robot - Startup,4e42-3ecf-a947652f----8d8f-1b0d973d1bbf,Robert Taylor,19/01/2025,16:45:10
Knowby Examples,541b6a85-fb82-4a64-ac63-6e9373e5d3c7,Welding Robot - Startup,4e42-3ecf-a947652f----8d8f-1b0d973d1bbf,Robert Taylor,02/12/2025,09:01:53
Knowby Examples,541b6a85-fb82-4a64-ac63-6e9373e5d3c7,Welding Robot - Startup,4e42-3ecf-a947652f----8d8f-1b0d973d1bbf,Robert Taylor,14/02/2025,17:18:15
Knowby Examples,541b6a85-fb82-4a64-ac63-6e9373e5d3c7,Welding Robot - Startup,4d1a-2d52-b574cc8e----b6c0-af3b0075112b,Melanie Wilson,23/08/2025,13:12:42
Knowby Examples,541b6a85-fb82-4a64-ac63-6e9373e5d3c7,Welding Robot - Startup,4d1a-2d52-b574cc8e----b6c0-af3b0075112b,Melanie Wilson,23/01/2024,09:38:08
Knowby Examples,541b6a85-fb82-4a64-ac63-6e9373e5d3c7,Welding Robot - Startup,4d1a-2d52-b574cc8e----b6c0-af3b0075112b,Melanie Wilson,30/01/2025,10:59:15
Knowby Examples,541b6a85-fb82-4a64-ac63-6e9373e5d3c7,Welding Robot - Startup,4d1a-2d52-b574cc8e----b6c0-af3b0075112b,Melanie Wilson,24/03/2024,16:41:08
Knowby Examples,541b6a85-fb82-4a64-ac63-6e9373e5d3c7,Welding Robot - Startup,413d-9823-596f7571----810c-1ba13bd37119,Jasmine Weeks,01/08/2025,13:09:01
Knowby Examples,541b6a85-fb82-4a64-ac63-6e9373e5d3c7,Welding Robot - Startup,4dd1-509e-67e290d9----bb68-afdb00c8af51,Cristian Gonzalez,20/02/2024,11:02:41
Knowby Examples,541b6a85-fb82-4a64-ac63-6e9373e5d3c7,Welding Robot - Startup,4dd1-509e-67e290d9----bb68-afdb00c8af51,Cristian Gonzalez,03/04/2025,11:17:10
Knowby Examples,541b6a85-fb82-4a64-ac63-6e9373e5d3c7,Welding Robot - Startup,4dd1-509e-67e290d9----bb68-afdb00c8af51,Cristian Gonzalez,03/04/2024,09:51:26
Knowby Examples,541b6a85-fb82-4a64-ac63-6e9373e5d3c7,Welding Robot - Startup,4dd1-509e-67e290d9----bb68-afdb00c8af51,Cristian Gonzalez,03/04/2025,13:16:46
Knowby Examples,541b6a85-fb82-4a64-ac63-6e9373e5d3c7,Welding Robot - Startup,4dd1-509e-67e290d9----bb68-afdb00c8af51,Cristian Gonzalez,17/03/2025,09:47:16
Knowby Examples,541b6a85-fb82-4a64-ac63-6e9373e5d3c7,Welding Robot - Startup,4dd1-509e-67e290d9----bb68-afdb00c8af51,Cristian Gonzalez,17/03/2025,11:48:49
Knowby Examples,541b6a85-fb82-4a64-ac63-6e9373e5d3c7,Welding Robot - Startup,4dd1-509e-67e290d9----bb68-afdb00c8af51,Cristian Gonzalez,17/03/2025,11:46:23
Knowby Examples,541b6a85-fb82-4a64-ac63-6e9373e5d3c7,Welding Robot - Startup,4dd1-509e-67e290d9----bb68-afdb00c8af51,Cristian Gonzalez,17/03/2025,13:52:06
Knowby Examples,541b6a85-fb82-4a64-ac63-6e9373e5d3c7,Welding Robot - Startup,4dd1-509e-67e290d9----bb68-afdb00c8af51,Cristian Gonzalez,19/03/2025,09:02:25
Knowby Examples,541b6a85-fb82-4a64-ac63-6e9373e5d3c7,Welding Robot - Startup,4dd1-509e-67e290d9----bb68-afdb00c8af51,Cristian Gonzalez,21/03/2025,10:43:05
Knowby Examples,541b6a85-fb82-4a64-ac63-6e9373e5d3c7,Welding Robot - Startup,4dd1-509e-67e290d9----bb68-afdb00c8af51,Cristian Gonzalez,27/03/2025,16:07:13
Knowby Examples,541b6a85-fb82-4a64-ac63-6e9373e5d3c7,Welding Robot - Startup,4dd1-509e-67e290d9----bb68-afdb00c8af51,Cristian Gonzalez,29/04/2025,11:33:02
Knowby Examples,541b6a85-fb82-4a64-ac63-6e9373e5d3c7,Welding Robot - Startup,4ed4-864f-db17168a----9128-a3c9ddb6e3ea,Carol Jones,25/02/2025,14:25:34
Knowby Examples,541b6a85-fb82-4a64-ac63-6e9373e5d3c7,Welding Robot - Startup,4ed4-864f-db17168a----9128-a3c9ddb6e3ea,Carol Jones,25/02/2025,11:38:42
Knowby Examples,541b6a85-fb82-4a64-ac63-6e9373e5d3c7,Welding Robot - Startup,4ed4-864f-db17168a----9128-a3c9ddb6e3ea,Carol Jones,27/02/2025,08:50:21
Knowby Examples,541b6a85-fb82-4a64-ac63-6e9373e5d3c7,Welding Robot - Startup,4ed4-864f-db17168a----9128-a3c9ddb6e3ea,Carol Jones,28/02/2025,08:09:53
Knowby Examples,541b6a85-fb82-4a64-ac63-6e9373e5d3c7,Welding Robot - Startup,4ed4-864f-db17168a----9128-a3c9ddb6e3ea,Carol Jones,03/11/2024,09:49:33
Knowby Examples,541b6a85-fb82-4a64-ac63-6e9373e5d3c7,Welding Robot - Startup,4ed4-864f-db17168a----9128-a3c9ddb6e3ea,Carol Jones,18/03/2025,12:38:15
Knowby Examples,541b6a85-fb82-4a64-ac63-6e9373e5d3c7,Welding Robot - Startup,4ed4-864f-db17168a----9128-a3c9ddb6e3ea,Carol Jones,18/03/2025,14:46:01
Knowby Examples,541b6a85-fb82-4a64-ac63-6e9373e5d3c7,Welding Robot - Startup,4ed4-864f-db17168a----9128-a3c9ddb6e3ea,Carol Jones,18/03/2025,12:23:54
Knowby Examples,541b6a85-fb82-4a64-ac63-6e9373e5d3c7,Welding Robot - Startup,4ed4-864f-db17168a----9128-a3c9ddb6e3ea,Carol Jones,18/03/2025,16:48:13
Knowby Examples,541b6a85-fb82-4a64-ac63-6e9373e5d3c7,Welding Robot - Startup,4ed4-864f-db17168a----9128-a3c9ddb6e3ea,Carol Jones,19/03/2024,14:52:02
Knowby Examples,36b4b93f-64bf-4325-bb68-df71b501776b,Powerline safety innovation with Glen Cook,4dd1-509e-67e290d9----bb68-afdb00c8af51,Cristian Gonzalez,21/03/2025,14:17:10
Knowby Examples,8c91cf1f-6791-4498-90d9-8aaba75c3618,Saint Gobain Glass Production Process,4dd1-509e-67e290d9----bb68-afdb00c8af51,Cristian Gonzalez,21/03/2025,12:05:08
Knowby Examples,8c91cf1f-6791-4498-90d9-8aaba75c3618,Saint Gobain Glass Production Process,4dd1-509e-67e290d9----bb68-afdb00c8af51,Cristian Gonzalez,21/03/2025,17:13:23
Knowby Examples,fea01bd0-5442-4021-b4fc-a272b4cfc36e,How Its Made  Saint Gobain Glass,4dd1-509e-67e290d9----bb68-afdb00c8af51,Cristian Gonzalez,21/03/2025,10:33:54
Knowby Examples,fea01bd0-5442-4021-b4fc-a272b4cfc36e,How Its Made  Saint Gobain Glass,4dd1-509e-67e290d9----bb68-afdb00c8af51,Cristian Gonzalez,21/03/2025,10:28:02
Knowby Examples,fec73890-102d-46ad-9d66-eafeb29a5d1f,CLIP IN Installation  GLASSOLUTIONS Saint Gobain,4dd1-509e-67e290d9----bb68-afdb00c8af51,Cristian Gonzalez,21/03/2025,10:11:57
Knowby Examples,edaf1e8a-e4d4-4fae-a66d-aa8456fdaaea,Powerline safety innovation with Glen Cook,4dd1-509e-67e290d9----bb68-afdb00c8af51,Cristian Gonzalez,21/03/2024,10:00:50
Knowby Examples,edaf1e8a-e4d4-4fae-a66d-aa8456fdaaea,Powerline safety innovation with Glen Cook,4dd1-509e-67e290d9----bb68-afdb00c8af51,Cristian Gonzalez,21/03/2024,13:33:35
Knowby Examples,edaf1e8a-e4d4-4fae-a66d-aa8456fdaaea,Powerline safety innovation with Glen Cook,4dd1-509e-67e290d9----bb68-afdb00c8af51,Cristian Gonzalez,21/03/2025,16:10:24
Knowby Examples,edaf1e8a-e4d4-4fae-a66d-aa8456fdaaea,Powerline safety innovation with Glen Cook,4dd1-509e-67e290d9----bb68-afdb00c8af51,Cristian Gonzalez,21/03/2025,16:50:08
Knowby Examples,d8cd2a10-e2cf-4e1d-b34e-dbb41f444415,How to Load Magazines Perfectly,44ed-a978-e8d990e2----8b3d-aef900a6bb99,Robert Perez,27/03/2025,14:38:33
Knowby Examples,d8cd2a10-e2cf-4e1d-b34e-dbb41f444415,How to Load Magazines Perfectly,44ed-a978-e8d990e2----8b3d-aef900a6bb99,Robert Perez,27/03/2024,10:59:10
Knowby Examples,d8cd2a10-e2cf-4e1d-b34e-dbb41f444415,How to Load Magazines Perfectly,44ed-a978-e8d990e2----8b3d-aef900a6bb99,Robert Perez,04/01/2024,09:15:06
Knowby Examples,d8cd2a10-e2cf-4e1d-b34e-dbb41f444415,How to Load Magazines Perfectly,44ed-a978-e8d990e2----8b3d-aef900a6bb99,Robert Perez,04/06/2025,16:22:41
Knowby Examples,d8cd2a10-e2cf-4e1d-b34e-dbb41f444415,How to Load Magazines Perfectly,40cf-6eb7-521cd9aa----b44e-b3bc2ae815ea,Robert Rodriguez,21/03/2025,15:15:33
Knowby Examples,d8cd2a10-e2cf-4e1d-b34e-dbb41f444415,How to Load Magazines Perfectly,4ed1-affe-79057836----9ea2-adc551671be2,John Terrell,04/01/2025,09:40:32
Knowby Examples,d8cd2a10-e2cf-4e1d-b34e-dbb41f444415,How to Load Magazines Perfectly,4dd1-509e-67e290d9----bb68-afdb00c8af51,Cristian Gonzalez,21/03/2024,14:07:57
Knowby Examples,d8cd2a10-e2cf-4e1d-b34e-dbb41f444415,How to Load Magazines Perfectly,4dd1-509e-67e290d9----bb68-afdb00c8af51,Cristian Gonzalez,21/03/2025,09:06:39
Knowby Examples,d8cd2a10-e2cf-4e1d-b34e-dbb41f444415,How to Load Magazines Perfectly,4dd1-509e-67e290d9----bb68-afdb00c8af51,Cristian Gonzalez,21/03/2025,16:43:39
Knowby Examples,ce6f5b16-51da-412e-8e42-1528656e5499,CLIP IN Installation  GLASSOLUTIONS Saint Gobain,44ed-a978-e8d990e2----8b3d-aef900a6bb99,Robert Perez,23/03/2025,13:20:01
Knowby Examples,ce6f5b16-51da-412e-8e42-1528656e5499,CLIP IN Installation  GLASSOLUTIONS Saint Gobain,4dd1-509e-67e290d9----bb68-afdb00c8af51,Cristian Gonzalez,21/03/2024,08:03:26
Knowby Examples,ce6f5b16-51da-412e-8e42-1528656e5499,CLIP IN Installation  GLASSOLUTIONS Saint Gobain,4dd1-509e-67e290d9----bb68-afdb00c8af51,Cristian Gonzalez,21/03/2025,14:52:40
Knowby Examples,ce6f5b16-51da-412e-8e42-1528656e5499,CLIP IN Installation  GLASSOLUTIONS Saint Gobain,4dd1-509e-67e290d9----bb68-afdb00c8af51,Cristian Gonzalez,21/03/2025,14:40:33
Knowby Examples,cf094bd1-589f-4b8e-b56e-88cbfff13ef1,ABB Robotics  Setting up Tool TCP,4dd1-509e-67e290d9----bb68-afdb00c8af51,Cristian Gonzalez,27/03/2025,17:46:12
Knowby Examples,e789b6de-0356-4717-b3ca-f069716e13d5,Powering up the KUKA KR SCARA robot,4dd1-509e-67e290d9----bb68-afdb00c8af51,Cristian Gonzalez,27/03/2025,17:53:28
Knowby Examples,e789b6de-0356-4717-b3ca-f069716e13d5,Powering up the KUKA KR SCARA robot,4dd1-509e-67e290d9----bb68-afdb00c8af51,Cristian Gonzalez,27/03/2025,12:52:05
Knowby Examples,5217cb11-6cb2-4bab-875a-0fe4da9c6cbd,Tutorial su come preparare un caffè espresso,4dd1-509e-67e290d9----bb68-afdb00c8af51,Cristian Gonzalez,27/03/2024,11:16:22
Knowby Examples,5217cb11-6cb2-4bab-875a-0fe4da9c6cbd,Tutorial su come preparare un caffè espresso,4dd1-509e-67e290d9----bb68-afdb00c8af51,Cristian Gonzalez,27/03/2025,13:51:25
Knowby Examples,a40db347-45d7-4fad-99ed-0969d1521869,ABB Robotics  SWIFTI Lead through setup,4dd1-509e-67e290d9----bb68-afdb00c8af51,Cristian Gonzalez,27/03/2025,14:21:58
Knowby Examples,8032bdf1-fa50-49b5-9bc8-b9ac4e9fa9bb,ABB Robotics  SWIFTI Lead through setup,44ed-a978-e8d990e2----8b3d-aef900a6bb99,Robert Perez,31/03/2025,09:38:40
Knowby Examples,8032bdf1-fa50-49b5-9bc8-b9ac4e9fa9bb,ABB Robotics  SWIFTI Lead through setup,409d-3bdc-4417dd91----8aea-d6ea712d295b,Lisa Reeves,04/12/2025,08:58:42
Knowby Examples,8032bdf1-fa50-49b5-9bc8-b9ac4e9fa9bb,ABB Robotics  SWIFTI Lead through setup,4dd1-509e-67e290d9----bb68-afdb00c8af51,Cristian Gonzalez,27/03/2024,14:19:17
Knowby Examples,8032bdf1-fa50-49b5-9bc8-b9ac4e9fa9bb,ABB Robotics  SWIFTI Lead through setup,4dd1-509e-67e290d9----bb68-afdb00c8af51,Cristian Gonzalez,27/03/2025,10:23:43
Knowby Examples,8032bdf1-fa50-49b5-9bc8-b9ac4e9fa9bb,ABB Robotics  SWIFTI Lead through setup,4dd1-509e-67e290d9----bb68-afdb00c8af51,Cristian Gonzalez,27/03/2025,16:27:31
Knowby Examples,8032bdf1-fa50-49b5-9bc8-b9ac4e9fa9bb,ABB Robotics  SWIFTI Lead through setup,4dd1-509e-67e290d9----bb68-afdb00c8af51,Cristian Gonzalez,29/04/2025,15:25:27
Knowby Examples,26e8fe38-ec63-43b1-b6ca-28806fbe95d6,Unknown,4dd1-509e-67e290d9----bb68-afdb00c8af51,Cristian Gonzalez,04/02/2024,08:33:19
Knowby Examples,5e65a311-d290-4a3f-a268-370ca12155e3,How to Load Magazines Perfectly,44ed-a978-e8d990e2----8b3d-aef900a6bb99,Robert Perez,04/07/2025,15:05:45
Knowby Examples,5e65a311-d290-4a3f-a268-370ca12155e3,How to Load Magazines Perfectly,44ed-a978-e8d990e2----8b3d-aef900a6bb99,Robert Perez,04/07/2025,16:59:38
Knowby Examples,5e65a311-d290-4a3f-a268-370ca12155e3,How to Load Magazines Perfectly,44ed-a978-e8d990e2----8b3d-aef900a6bb99,Robert Perez,05/01/2025,11:46:01
Knowby Examples,5e65a311-d290-4a3f-a268-370ca12155e3,How to Load Magazines Perfectly,4dd1-509e-67e290d9----bb68-afdb00c8af51,Cristian Gonzalez,04/02/2025,08:51:42
Knowby Examples,5e65a311-d290-4a3f-a268-370ca12155e3,How to Load Magazines Perfectly,4dd1-509e-67e290d9----bb68-afdb00c8af51,Cristian Gonzalez,04/02/2025,08:01:24
Knowby Examples,5e65a311-d290-4a3f-a268-370ca12155e3,How to Load Magazines Perfectly,4dd1-509e-67e290d9----bb68-afdb00c8af51,Cristian Gonzalez,04/02/2025,16:06:07
Knowby Examples,5e65a311-d290-4a3f-a268-370ca12155e3,How to Load Magazines Perfectly,4dd1-509e-67e290d9----bb68-afdb00c8af51,Cristian Gonzalez,04/02/2025,09:54:07
Knowby Examples,5e65a311-d290-4a3f-a268-370ca12155e3,How to Load Magazines Perfectly,4dd1-509e-67e290d9----bb68-afdb00c8af51,Cristian Gonzalez,04/02/2025,11:34:26
Knowby Examples,5e65a311-d290-4a3f-a268-370ca12155e3,How to Load Magazines Perfectly,4dd1-509e-67e290d9----bb68-afdb00c8af51,Cristian Gonzalez,04/02/2024,15:33:10
Knowby Examples,5e65a311-d290-4a3f-a268-370ca12155e3,How to Load Magazines Perfectly,4dd1-509e-67e290d9----bb68-afdb00c8af51,Cristian Gonzalez,04/10/2025,16:23:19
Knowby Examples,5e65a311-d290-4a3f-a268-370ca12155e3,How to Load Magazines Perfectly,4ed4-864f-db17168a----9128-a3c9ddb6e3ea,Carol Jones,04/02/2024,09:44:02
Knowby Examples,44423d9d-6ef7-4487-a34b-ab2cc104d032,Electric Lift Truck Operation,489c-c9c4-29fad270----aab7-af440073e71a,John Jones,18/04/2025,09:41:26
Knowby Examples,44423d9d-6ef7-4487-a34b-ab2cc104d032,Electric Lift Truck Operation,4dd1-509e-67e290d9----bb68-afdb00c8af51,Cristian Gonzalez,22/09/2025,11:05:20
Knowby Examples,44423d9d-6ef7-4487-a34b-ab2cc104d032,Electric Lift Truck Operation,4dd1-509e-67e290d9----bb68-afdb00c8af51,Cristian Gonzalez,22/09/2025,17:32:34
Knowby Examples,44423d9d-6ef7-4487-a34b-ab2cc104d032,Electric Lift Truck Operation,4dd1-509e-67e290d9----bb68-afdb00c8af51,Cristian Gonzalez,22/09/2025,16:17:14
Knowby Examples,44423d9d-6ef7-4487-a34b-ab2cc104d032,Electric Lift Truck Operation,4dd1-509e-67e290d9----bb68-afdb00c8af51,Cristian Gonzalez,22/09/2025,15:46:42
Knowby Examples,44423d9d-6ef7-4487-a34b-ab2cc104d032,Electric Lift Truck Operation,4dd1-509e-67e290d9----bb68-afdb00c8af51,Cristian Gonzalez,15/11/2024,14:02:02
Knowby Examples,44423d9d-6ef7-4487-a34b-ab2cc104d032,Electric Lift Truck Operation,4dd1-509e-67e290d9----bb68-afdb00c8af51,Cristian Gonzalez,15/11/2025,08:23:18
Knowby Examples,44423d9d-6ef7-4487-a34b-ab2cc104d032,Electric Lift Truck Operation,4ea3-2234-ee1de7e0----99b4-aefa00ae2eab,William Wilkinson,27/09/2025,12:06:02
Knowby Examples,44423d9d-6ef7-4487-a34b-ab2cc104d032,Electric Lift Truck Operation,44ed-a978-e8d990e2----8b3d-aef900a6bb99,Robert Perez,02/06/2025,12:08:24
Knowby Examples,44423d9d-6ef7-4487-a34b-ab2cc104d032,Electric Lift Truck Operation,44ed-a978-e8d990e2----8b3d-aef900a6bb99,Robert Perez,02/06/2025,16:50:50
Knowby Examples,44423d9d-6ef7-4487-a34b-ab2cc104d032,Electric Lift Truck Operation,44ed-a978-e8d990e2----8b3d-aef900a6bb99,Robert Perez,04/10/2025,14:13:07
Knowby Examples,44423d9d-6ef7-4487-a34b-ab2cc104d032,Electric Lift Truck Operation,4ed4-864f-db17168a----9128-a3c9ddb6e3ea,Carol Jones,10/12/2025,16:10:18
Knowby Examples,44423d9d-6ef7-4487-a34b-ab2cc104d032,Electric Lift Truck Operation,4e42-3ecf-a947652f----8d8f-1b0d973d1bbf,Robert Taylor,02/05/2025,10:33:07
Knowby Examples,44423d9d-6ef7-4487-a34b-ab2cc104d032,Electric Lift Truck Operation,4e42-3ecf-a947652f----8d8f-1b0d973d1bbf,Robert Taylor,02/10/2025,12:54:29
Knowby Examples,44423d9d-6ef7-4487-a34b-ab2cc104d032,Electric Lift Truck Operation,4dd1-509e-67e290d9----bb68-afdb00c8af51,Cristian Gonzalez,21/03/2025,09:22:06
Knowby Examples,44423d9d-6ef7-4487-a34b-ab2cc104d032,Electric Lift Truck Operation,4dd1-509e-67e290d9----bb68-afdb00c8af51,Cristian Gonzalez,04/09/2025,13:16:50
Knowby Examples,44423d9d-6ef7-4487-a34b-ab2cc104d032,Electric Lift Truck Operation,4dd1-509e-67e290d9----bb68-afdb00c8af51,Cristian Gonzalez,04/09/2025,08:52:07
Knowby Examples,44423d9d-6ef7-4487-a34b-ab2cc104d032,Electric Lift Truck Operation,4dd1-509e-67e290d9----bb68-afdb00c8af51,Cristian Gonzalez,04/10/2025,17:06:01
Knowby Examples,44423d9d-6ef7-4487-a34b-ab2cc104d032,Electric Lift Truck Operation,4dd1-509e-67e290d9----bb68-afdb00c8af51,Cristian Gonzalez,16/04/2025,13:05:42
Knowby Examples,44423d9d-6ef7-4487-a34b-ab2cc104d032,Electric Lift Truck Operation,4dd1-509e-67e290d9----bb68-afdb00c8af51,Cristian Gonzalez,16/04/2025,15:23:33
Knowby Examples,44423d9d-6ef7-4487-a34b-ab2cc104d032,Electric Lift Truck Operation,4e42-3ecf-a947652f----8d8f-1b0d973d1bbf,Robert Taylor,16/04/2025,11:46:25
Knowby Examples,44423d9d-6ef7-4487-a34b-ab2cc104d032,Electric Lift Truck Operation,4e42-3ecf-a947652f----8d8f-1b0d973d1bbf,Robert Taylor,16/04/2025,14:38:09
Knowby Examples,44423d9d-6ef7-4487-a34b-ab2cc104d032,Electric Lift Truck Operation,4e42-3ecf-a947652f----8d8f-1b0d973d1bbf,Robert Taylor,17/04/2024,16:06:31
Knowby Examples,0a9d23a0-25f5-437f-9223-59f49faffbfe,IRONMAN 4X4 - BBCD115,4cb2-65da-696d957b----9f0d-54f7230f93ca,Andrew Mueller,05/01/2025,10:15:49
Knowby Examples,0a9d23a0-25f5-437f-9223-59f49faffbfe,IRONMAN 4X4 - BBCD115,4dd1-509e-67e290d9----bb68-afdb00c8af51,Cristian Gonzalez,08/09/2025,10:57:46
Knowby Examples,0a9d23a0-25f5-437f-9223-59f49faffbfe,IRONMAN 4X4 - BBCD115,4dd1-509e-67e290d9----bb68-afdb00c8af51,Cristian Gonzalez,08/09/2025,14:48:23
Knowby Examples,0a9d23a0-25f5-437f-9223-59f49faffbfe,IRONMAN 4X4 - BBCD115,4dd1-509e-67e290d9----bb68-afdb00c8af51,Cristian Gonzalez,08/09/2025,10:31:05
Knowby Examples,0a9d23a0-25f5-437f-9223-59f49faffbfe,IRONMAN 4X4 - BBCD115,4dd1-509e-67e290d9----bb68-afdb00c8af51,Cristian Gonzalez,08/09/2025,08:35:13
Knowby Examples,0a9d23a0-25f5-437f-9223-59f49faffbfe,IRONMAN 4X4 - BBCD115,4dd1-509e-67e290d9----bb68-afdb00c8af51,Cristian Gonzalez,08/10/2025,10:51:34
Knowby Examples,0a9d23a0-25f5-437f-9223-59f49faffbfe,IRONMAN 4X4 - BBCD115,4dd1-509e-67e290d9----bb68-afdb00c8af51,Cristian Gonzalez,08/10/2025,15:50:11
Knowby Examples,0a9d23a0-25f5-437f-9223-59f49faffbfe,IRONMAN 4X4 - BBCD115,4dd1-509e-67e290d9----bb68-afdb00c8af51,Cristian Gonzalez,08/10/2025,09:47:56
Knowby Examples,0a9d23a0-25f5-437f-9223-59f49faffbfe,IRONMAN 4X4 - BBCD115,4dd1-509e-67e290d9----bb68-afdb00c8af51,Cristian Gonzalez,08/10/2025,09:18:04
Knowby Examples,0a9d23a0-25f5-437f-9223-59f49faffbfe,IRONMAN 4X4 - BBCD115,4dd1-509e-67e290d9----bb68-afdb00c8af51,Cristian Gonzalez,08/10/2025,13:52:02
Knowby Examples,0a9d23a0-25f5-437f-9223-59f49faffbfe,IRONMAN 4X4 - BBCD115,4dd1-509e-67e290d9----bb68-afdb00c8af51,Cristian Gonzalez,15/08/2025,13:34:23
Knowby Examples,0a9d23a0-25f5-437f-9223-59f49faffbfe,IRONMAN 4X4 - BBCD115,4dd1-509e-67e290d9----bb68-afdb00c8af51,Cristian Gonzalez,22/04/2024,11:35:43
Knowby Examples,0a9d23a0-25f5-437f-9223-59f49faffbfe,IRONMAN 4X4 - BBCD115,4dd1-509e-67e290d9----bb68-afdb00c8af51,Cristian Gonzalez,22/04/2024,11:47:22
Knowby Examples,0a9d23a0-25f5-437f-9223-59f49faffbfe,IRONMAN 4X4 - BBCD115,4dd1-509e-67e290d9----bb68-afdb00c8af51,Cristian Gonzalez,05/10/2025,11:27:02
Knowby Examples,0a9d23a0-25f5-437f-9223-59f49faffbfe,IRONMAN 4X4 - BBCD115,4d2c-583f-adfb71a0----947b-af0c00af8d6b,Adriana Sanders,05/05/2025,13:17:02
Knowby Examples,0a9d23a0-25f5-437f-9223-59f49faffbfe,IRONMAN 4X4 - BBCD115,4d2c-583f-adfb71a0----947b-af0c00af8d6b,Adriana Sanders,04/10/2025,12:31:20
Knowby Examples,0a9d23a0-25f5-437f-9223-59f49faffbfe,IRONMAN 4X4 - BBCD115,4ea3-2234-ee1de7e0----99b4-aefa00ae2eab,William Wilkinson,22/05/2025,11:14:07
Knowby Examples,0a9d23a0-25f5-437f-9223-59f49faffbfe,IRONMAN 4X4 - BBCD115,4405-d6f6-e37511ad----906f-aefa00b1a961,Jeffrey Brown,14/08/2025,17:01:46
Knowby Examples,0a9d23a0-25f5-437f-9223-59f49faffbfe,IRONMAN 4X4 - BBCD115,4405-d6f6-e37511ad----906f-aefa00b1a961,Jeffrey Brown,24/08/2025,13:24:57
Knowby Examples,0a9d23a0-25f5-437f-9223-59f49faffbfe,IRONMAN 4X4 - BBCD115,4405-d6f6-e37511ad----906f-aefa00b1a961,Jeffrey Brown,20/09/2025,09:05:51
Knowby Examples,0a9d23a0-25f5-437f-9223-59f49faffbfe,IRONMAN 4X4 - BBCD115,4327-393b-53cbdfde----b9a4-aef900aa92ef,Kenneth Landry,20/09/2025,16:30:07
Knowby Examples,0a9d23a0-25f5-437f-9223-59f49faffbfe,IRONMAN 4X4 - BBCD115,44ed-a978-e8d990e2----8b3d-aef900a6bb99,Robert Perez,18/08/2025,14:01:13
Knowby Examples,0a9d23a0-25f5-437f-9223-59f49faffbfe,IRONMAN 4X4 - BBCD115,44ed-a978-e8d990e2----8b3d-aef900a6bb99,Robert Perez,29/08/2024,10:24:30
Knowby Examples,0a9d23a0-25f5-437f-9223-59f49faffbfe,IRONMAN 4X4 - BBCD115,44ed-a978-e8d990e2----8b3d-aef900a6bb99,Robert Perez,30/08/2025,12:14:24
Knowby Examples,0a9d23a0-25f5-437f-9223-59f49faffbfe,IRONMAN 4X4 - BBCD115,44ed-a978-e8d990e2----8b3d-aef900a6bb99,Robert Perez,30/08/2025,14:40:00
Knowby Examples,0a9d23a0-25f5-437f-9223-59f49faffbfe,IRONMAN 4X4 - BBCD115,44ed-a978-e8d990e2----8b3d-aef900a6bb99,Robert Perez,05/02/2024,10:16:40
Knowby Examples,0a9d23a0-25f5-437f-9223-59f49faffbfe,IRONMAN 4X4 - BBCD115,44ed-a978-e8d990e2----8b3d-aef900a6bb99,Robert Perez,04/10/2025,08:34:08
Knowby Examples,0a9d23a0-25f5-437f-9223-59f49faffbfe,IRONMAN 4X4 - BBCD115,44ed-a978-e8d990e2----8b3d-aef900a6bb99,Robert Perez,15/04/2025,17:14:17
Knowby Examples,0a9d23a0-25f5-437f-9223-59f49faffbfe,IRONMAN 4X4 - BBCD115,44ed-a978-e8d990e2----8b3d-aef900a6bb99,Robert Perez,21/04/2025,17:04:55
Knowby Examples,0a9d23a0-25f5-437f-9223-59f49faffbfe,IRONMAN 4X4 - BBCD115,4ed4-864f-db17168a----9128-a3c9ddb6e3ea,Carol Jones,23/04/2025,11:02:42
Knowby Examples,0a9d23a0-25f5-437f-9223-59f49faffbfe,IRONMAN 4X4 - BBCD115,4ed4-864f-db17168a----9128-a3c9ddb6e3ea,Carol Jones,23/04/2025,16:05:55
Knowby Examples,0a9d23a0-25f5-437f-9223-59f49faffbfe,IRONMAN 4X4 - BBCD115,4ed4-864f-db17168a----9128-a3c9ddb6e3ea,Carol Jones,22/05/2025,15:39:29
Knowby Examples,0a9d23a0-25f5-437f-9223-59f49faffbfe,IRONMAN 4X4 - BBCD115,4f16-eda6-7db766e9----bc66-af8100c46bb3,Jared Foster,22/05/2025,10:42:57
Knowby Examples,0a9d23a0-25f5-437f-9223-59f49faffbfe,IRONMAN 4X4 - BBCD115,409d-3bdc-4417dd91----8aea-d6ea712d295b,Lisa Reeves,04/12/2025,16:52:51
Knowby Examples,0a9d23a0-25f5-437f-9223-59f49faffbfe,IRONMAN 4X4 - BBCD115,4d1a-2d52-b574cc8e----b6c0-af3b0075112b,Melanie Wilson,20/08/2025,09:41:27
Knowby Examples,0a9d23a0-25f5-437f-9223-59f49faffbfe,IRONMAN 4X4 - BBCD115,4dd1-509e-67e290d9----bb68-afdb00c8af51,Cristian Gonzalez,04/09/2025,14:21:00
Knowby Examples,0a9d23a0-25f5-437f-9223-59f49faffbfe,IRONMAN 4X4 - BBCD115,4dd1-509e-67e290d9----bb68-afdb00c8af51,Cristian Gonzalez,04/09/2025,11:27:36
Knowby Examples,0a9d23a0-25f5-437f-9223-59f49faffbfe,IRONMAN 4X4 - BBCD115,4dd1-509e-67e290d9----bb68-afdb00c8af51,Cristian Gonzalez,04/09/2024,10:16:11
Knowby Examples,0a9d23a0-25f5-437f-9223-59f49faffbfe,IRONMAN 4X4 - BBCD115,4dd1-509e-67e290d9----bb68-afdb00c8af51,Cristian Gonzalez,16/04/2025,10:36:27
Knowby Examples,47985bcc-963f-425e-969f-6e14fc6c6057,How to read your GREY smart meter,4dd1-509e-67e290d9----bb68-afdb00c8af51,Cristian Gonzalez,04/10/2025,10:47:39
Knowby Examples,0b47b8eb-794e-44fc-b4e2-ed2df96aa5b2,How to read your BLACK smart meter,4dd1-509e-67e290d9----bb68-afdb00c8af51,Cristian Gonzalez,04/10/2025,13:44:12
Knowby Examples,0b47b8eb-794e-44fc-b4e2-ed2df96aa5b2,How to read your BLACK smart meter,4dd1-509e-67e290d9----bb68-afdb00c8af51,Cristian Gonzalez,04/10/2025,17:17:50
Knowby Examples,54f01488-5549-4b5c-b0fb-7f6c0abdc1db,Drop Out Fuses  High Voltage  RTO 41119,4dd1-509e-67e290d9----bb68-afdb00c8af51,Cristian Gonzalez,04/10/2024,15:33:14
Knowby Examples,0ae09681-6cac-4d3c-a9bd-724c9aa8aa3b,Drop Out Fuses  High Voltage  RTO 41119,44ed-a978-e8d990e2----8b3d-aef900a6bb99,Robert Perez,17/04/2025,14:16:43
Knowby Examples,0ae09681-6cac-4d3c-a9bd-724c9aa8aa3b,Drop Out Fuses  High Voltage  RTO 41119,4dd1-509e-67e290d9----bb68-afdb00c8af51,Cristian Gonzalez,04/10/2025,13:32:07
Knowby Examples,0ae09681-6cac-4d3c-a9bd-724c9aa8aa3b,Drop Out Fuses  High Voltage  RTO 41119,4dd1-509e-67e290d9----bb68-afdb00c8af51,Cristian Gonzalez,04/10/2025,16:21:10
Knowby Examples,0ae09681-6cac-4d3c-a9bd-724c9aa8aa3b,Drop Out Fuses  High Voltage  RTO 41119,4dd1-509e-67e290d9----bb68-afdb00c8af51,Cristian Gonzalez,04/10/2025,09:57:24
Knowby Examples,0ae09681-6cac-4d3c-a9bd-724c9aa8aa3b,Drop Out Fuses  High Voltage  RTO 41119,4dd1-509e-67e290d9----bb68-afdb00c8af51,Cristian Gonzalez,04/10/2025,14:45:14
Knowby Examples,0ae09681-6cac-4d3c-a9bd-724c9aa8aa3b,Drop Out Fuses  High Voltage  RTO 41119,4dd1-509e-67e290d9----bb68-afdb00c8af51,Cristian Gonzalez,16/04/2025,14:54:36
Knowby Examples,0ae09681-6cac-4d3c-a9bd-724c9aa8aa3b,Drop Out Fuses  High Voltage  RTO 41119,4dd1-509e-67e290d9----bb68-afdb00c8af51,Cristian Gonzalez,16/04/2025,12:48:09
Knowby Examples,898443a3-c819-43b1-8d05-39fd9ce38977,image picker 61883EDC 3B79 4C3C B499 BF9F569B38FE 801,4dd1-509e-67e290d9----bb68-afdb00c8af51,Cristian Gonzalez,04/10/2025,17:00:36
Knowby Examples,898443a3-c819-43b1-8d05-39fd9ce38977,image picker 61883EDC 3B79 4C3C B499 BF9F569B38FE 801,4dd1-509e-67e290d9----bb68-afdb00c8af51,Cristian Gonzalez,22/04/2025,12:16:09
Knowby Examples,898443a3-c819-43b1-8d05-39fd9ce38977,image picker 61883EDC 3B79 4C3C B499 BF9F569B38FE 801,4dd1-509e-67e290d9----bb68-afdb00c8af51,Cristian Gonzalez,29/04/2025,10:57:21
Knowby Examples,c92a27c7-e3ce-4d87-82a2-136a2e8b89e3,Upload Video to Knowby AI in the Field and Edit Later,44ed-a978-e8d990e2----8b3d-aef900a6bb99,Robert Perez,16/04/2025,09:25:17
Knowby Examples,c92a27c7-e3ce-4d87-82a2-136a2e8b89e3,Upload Video to Knowby AI in the Field and Edit Later,44ed-a978-e8d990e2----8b3d-aef900a6bb99,Robert Perez,17/04/2025,14:01:42
Knowby Examples,c92a27c7-e3ce-4d87-82a2-136a2e8b89e3,Upload Video to Knowby AI in the Field and Edit Later,4cb2-65da-696d957b----9f0d-54f7230f93ca,Andrew Mueller,15/04/2025,08:44:30
Knowby Examples,c92a27c7-e3ce-4d87-82a2-136a2e8b89e3,Upload Video to Knowby AI in the Field and Edit Later,4dd1-509e-67e290d9----bb68-afdb00c8af51,Cristian Gonzalez,04/10/2024,08:56:51
Knowby Examples,c92a27c7-e3ce-4d87-82a2-136a2e8b89e3,Upload Video to Knowby AI in the Field and Edit Later,4dd1-509e-67e290d9----bb68-afdb00c8af51,Cristian Gonzalez,04/10/2025,15:02:41
Knowby Examples,c92a27c7-e3ce-4d87-82a2-136a2e8b89e3,Upload Video to Knowby AI in the Field and Edit Later,4dd1-509e-67e290d9----bb68-afdb00c8af51,Cristian Gonzalez,04/10/2025,08:55:28
Knowby Examples,c92a27c7-e3ce-4d87-82a2-136a2e8b89e3,Upload Video to Knowby AI in the Field and Edit Later,4dd1-509e-67e290d9----bb68-afdb00c8af51,Cristian Gonzalez,04/10/2025,13:49:13
Knowby Examples,c92a27c7-e3ce-4d87-82a2-136a2e8b89e3,Upload Video to Knowby AI in the Field and Edit Later,4dd1-509e-67e290d9----bb68-afdb00c8af51,Cristian Gonzalez,16/04/2025,16:56:49
Knowby Examples,c92a27c7-e3ce-4d87-82a2-136a2e8b89e3,Upload Video to Knowby AI in the Field and Edit Later,4dd1-509e-67e290d9----bb68-afdb00c8af51,Cristian Gonzalez,16/04/2025,15:15:37
Knowby Examples,c92a27c7-e3ce-4d87-82a2-136a2e8b89e3,Upload Video to Knowby AI in the Field and Edit Later,4dd1-509e-67e290d9----bb68-afdb00c8af51,Cristian Gonzalez,16/04/2025,14:47:58
Knowby Examples,c92a27c7-e3ce-4d87-82a2-136a2e8b89e3,Upload Video to Knowby AI in the Field and Edit Later,4ed4-864f-db17168a----9128-a3c9ddb6e3ea,Carol Jones,24/04/2025,12:54:50
Knowby Examples,4c8b1b74-8dce-4e7b-b37d-8d3f38d51244,Control your Aircon in a Vegas Hotel Room,4dd1-509e-67e290d9----bb68-afdb00c8af51,Cristian Gonzalez,04/11/2025,15:04:45
Knowby Examples,4c8b1b74-8dce-4e7b-b37d-8d3f38d51244,Control your Aircon in a Vegas Hotel Room,4dd1-509e-67e290d9----bb68-afdb00c8af51,Cristian Gonzalez,04/11/2025,09:52:41
Knowby Examples,4c8b1b74-8dce-4e7b-b37d-8d3f38d51244,Control your Aircon in a Vegas Hotel Room,4dd1-509e-67e290d9----bb68-afdb00c8af51,Cristian Gonzalez,04/11/2025,09:00:05
Knowby Examples,38eb29ea-c1fe-4c27-820c-6bd8e908720d,How to operate the Aircon in your Vegas hotel room,44ed-a978-e8d990e2----8b3d-aef900a6bb99,Robert Perez,16/04/2025,15:44:11
Knowby Examples,38eb29ea-c1fe-4c27-820c-6bd8e908720d,How to operate the Aircon in your Vegas hotel room,409d-3bdc-4417dd91----8aea-d6ea712d295b,Lisa Reeves,15/04/2025,09:51:20
Knowby Examples,38eb29ea-c1fe-4c27-820c-6bd8e908720d,How to operate the Aircon in your Vegas hotel room,4dd1-509e-67e290d9----bb68-afdb00c8af51,Cristian Gonzalez,04/11/2025,09:12:26
Knowby Examples,38eb29ea-c1fe-4c27-820c-6bd8e908720d,How to operate the Aircon in your Vegas hotel room,4dd1-509e-67e290d9----bb68-afdb00c8af51,Cristian Gonzalez,04/11/2025,09:11:45
Knowby Examples,38eb29ea-c1fe-4c27-820c-6bd8e908720d,How to operate the Aircon in your Vegas hotel room,4dd1-509e-67e290d9----bb68-afdb00c8af51,Cristian Gonzalez,04/11/2025,16:37:40
Knowby Examples,38eb29ea-c1fe-4c27-820c-6bd8e908720d,How to operate the Aircon in your Vegas hotel room,4dd1-509e-67e290d9----bb68-afdb00c8af51,Cristian Gonzalez,30/04/2025,09:22:09
Knowby Examples,38eb29ea-c1fe-4c27-820c-6bd8e908720d,How to operate the Aircon in your Vegas hotel room,4ed4-864f-db17168a----9128-a3c9ddb6e3ea,Carol Jones,24/04/2024,11:39:44
Knowby Examples,38eb29ea-c1fe-4c27-820c-6bd8e908720d,How to operate the Aircon in your Vegas hotel room,4ed4-864f-db17168a----9128-a3c9ddb6e3ea,Carol Jones,24/04/2025,12:54:08
Knowby Examples,2d34ba00-7bc0-4aba-a453-137a88335d4e,Setting up your espresso machine,4cb2-65da-696d957b----9f0d-54f7230f93ca,Andrew Mueller,30/07/2024,10:20:21
Knowby Examples,2d34ba00-7bc0-4aba-a453-137a88335d4e,Setting up your espresso machine,4cb2-65da-696d957b----9f0d-54f7230f93ca,Andrew Mueller,30/07/2025,10:15:08
Knowby Examples,2d34ba00-7bc0-4aba-a453-137a88335d4e,Setting up your espresso machine,400d-dbe2-f01d079d----af6e-af3d005280aa,Rhonda Evans,03/06/2025,14:44:28
Knowby Examples,2d34ba00-7bc0-4aba-a453-137a88335d4e,Setting up your espresso machine,400d-dbe2-f01d079d----af6e-af3d005280aa,Rhonda Evans,03/07/2025,08:22:24
Knowby Examples,2d34ba00-7bc0-4aba-a453-137a88335d4e,Setting up your espresso machine,400d-dbe2-f01d079d----af6e-af3d005280aa,Rhonda Evans,05/02/2024,11:52:52
Knowby Examples,2d34ba00-7bc0-4aba-a453-137a88335d4e,Setting up your espresso machine,4dd1-509e-67e290d9----bb68-afdb00c8af51,Cristian Gonzalez,20/07/2025,13:55:24
Knowby Examples,2d34ba00-7bc0-4aba-a453-137a88335d4e,Setting up your espresso machine,4dd1-509e-67e290d9----bb68-afdb00c8af51,Cristian Gonzalez,20/07/2025,08:15:52
Knowby Examples,2d34ba00-7bc0-4aba-a453-137a88335d4e,Setting up your espresso machine,4dd1-509e-67e290d9----bb68-afdb00c8af51,Cristian Gonzalez,21/07/2025,09:56:52
Knowby Examples,2d34ba00-7bc0-4aba-a453-137a88335d4e,Setting up your espresso machine,4dd1-509e-67e290d9----bb68-afdb00c8af51,Cristian Gonzalez,28/07/2025,14:01:31
Knowby Examples,2d34ba00-7bc0-4aba-a453-137a88335d4e,Setting up your espresso machine,4dd1-509e-67e290d9----bb68-afdb00c8af51,Cristian Gonzalez,28/07/2025,10:38:17
Knowby Examples,2d34ba00-7bc0-4aba-a453-137a88335d4e,Setting up your espresso machine,4dd1-509e-67e290d9----bb68-afdb00c8af51,Cristian Gonzalez,15/08/2025,08:44:05
Knowby Examples,2d34ba00-7bc0-4aba-a453-137a88335d4e,Setting up your espresso machine,4dd1-509e-67e290d9----bb68-afdb00c8af51,Cristian Gonzalez,16/08/2024,17:44:04
Knowby Examples,2d34ba00-7bc0-4aba-a453-137a88335d4e,Setting up your espresso machine,4dd1-509e-67e290d9----bb68-afdb00c8af51,Cristian Gonzalez,16/08/2025,15:14:16
Knowby Examples,2d34ba00-7bc0-4aba-a453-137a88335d4e,Setting up your espresso machine,4dd1-509e-67e290d9----bb68-afdb00c8af51,Cristian Gonzalez,25/08/2025,14:30:32
Knowby Examples,2d34ba00-7bc0-4aba-a453-137a88335d4e,Setting up your espresso machine,4dd1-509e-67e290d9----bb68-afdb00c8af51,Cristian Gonzalez,09/05/2024,14:45:14
Knowby Examples,2d34ba00-7bc0-4aba-a453-137a88335d4e,Setting up your espresso machine,4dd1-509e-67e290d9----bb68-afdb00c8af51,Cristian Gonzalez,09/05/2025,12:04:10
Knowby Examples,2d34ba00-7bc0-4aba-a453-137a88335d4e,Setting up your espresso machine,4dd1-509e-67e290d9----bb68-afdb00c8af51,Cristian Gonzalez,09/05/2025,14:57:17
Knowby Examples,2d34ba00-7bc0-4aba-a453-137a88335d4e,Setting up your espresso machine,4dd1-509e-67e290d9----bb68-afdb00c8af51,Cristian Gonzalez,11/02/2025,14:07:15
Knowby Examples,2d34ba00-7bc0-4aba-a453-137a88335d4e,Setting up your espresso machine,4dd1-509e-67e290d9----bb68-afdb00c8af51,Cristian Gonzalez,11/06/2025,14:36:48
Knowby Examples,2d34ba00-7bc0-4aba-a453-137a88335d4e,Setting up your espresso machine,4dd1-509e-67e290d9----bb68-afdb00c8af51,Cristian Gonzalez,16/11/2024,15:50:27
Knowby Examples,2d34ba00-7bc0-4aba-a453-137a88335d4e,Setting up your espresso machine,4dd1-509e-67e290d9----bb68-afdb00c8af51,Cristian Gonzalez,07/10/2025,11:05:29
Knowby Examples,2d34ba00-7bc0-4aba-a453-137a88335d4e,Setting up your espresso machine,4dd1-509e-67e290d9----bb68-afdb00c8af51,Cristian Gonzalez,16/07/2024,12:58:23
Knowby Examples,2d34ba00-7bc0-4aba-a453-137a88335d4e,Setting up your espresso machine,4dd1-509e-67e290d9----bb68-afdb00c8af51,Cristian Gonzalez,22/07/2025,14:33:57
Knowby Examples,2d34ba00-7bc0-4aba-a453-137a88335d4e,Setting up your espresso machine,4dd1-509e-67e290d9----bb68-afdb00c8af51,Cristian Gonzalez,08/09/2025,11:25:28
Knowby Examples,2d34ba00-7bc0-4aba-a453-137a88335d4e,Setting up your espresso machine,4dd1-509e-67e290d9----bb68-afdb00c8af51,Cristian Gonzalez,19/09/2025,12:47:25
Knowby Examples,2d34ba00-7bc0-4aba-a453-137a88335d4e,Setting up your espresso machine,4dd1-509e-67e290d9----bb68-afdb00c8af51,Cristian Gonzalez,25/09/2025,15:45:28
Knowby Examples,2d34ba00-7bc0-4aba-a453-137a88335d4e,Setting up your espresso machine,4dd1-509e-67e290d9----bb68-afdb00c8af51,Cristian Gonzalez,25/09/2025,16:26:15
Knowby Examples,2d34ba00-7bc0-4aba-a453-137a88335d4e,Setting up your espresso machine,4dd1-509e-67e290d9----bb68-afdb00c8af51,Cristian Gonzalez,25/09/2025,13:37:50
Knowby Examples,2d34ba00-7bc0-4aba-a453-137a88335d4e,Setting up your espresso machine,4dd1-509e-67e290d9----bb68-afdb00c8af51,Cristian Gonzalez,25/09/2024,08:54:43
Knowby Examples,2d34ba00-7bc0-4aba-a453-137a88335d4e,Setting up your espresso machine,4dd1-509e-67e290d9----bb68-afdb00c8af51,Cristian Gonzalez,25/09/2025,15:41:55
Knowby Examples,2d34ba00-7bc0-4aba-a453-137a88335d4e,Setting up your espresso machine,4dd1-509e-67e290d9----bb68-afdb00c8af51,Cristian Gonzalez,25/09/2025,14:25:22
Knowby Examples,2d34ba00-7bc0-4aba-a453-137a88335d4e,Setting up your espresso machine,4dd1-509e-67e290d9----bb68-afdb00c8af51,Cristian Gonzalez,25/09/2024,10:53:50
Knowby Examples,2d34ba00-7bc0-4aba-a453-137a88335d4e,Setting up your espresso machine,4dd1-509e-67e290d9----bb68-afdb00c8af51,Cristian Gonzalez,25/09/2024,13:36:32
Knowby Examples,2d34ba00-7bc0-4aba-a453-137a88335d4e,Setting up your espresso machine,4dd1-509e-67e290d9----bb68-afdb00c8af51,Cristian Gonzalez,25/09/2025,12:39:06
Knowby Examples,2d34ba00-7bc0-4aba-a453-137a88335d4e,Setting up your espresso machine,4dd1-509e-67e290d9----bb68-afdb00c8af51,Cristian Gonzalez,25/09/2024,09:13:29
Knowby Examples,2d34ba00-7bc0-4aba-a453-137a88335d4e,Setting up your espresso machine,4dd1-509e-67e290d9----bb68-afdb00c8af51,Cristian Gonzalez,10/04/2025,14:43:41
Knowby Examples,2d34ba00-7bc0-4aba-a453-137a88335d4e,Setting up your espresso machine,4dd1-509e-67e290d9----bb68-afdb00c8af51,Cristian Gonzalez,23/10/2025,08:06:15
Knowby Examples,2d34ba00-7bc0-4aba-a453-137a88335d4e,Setting up your espresso machine,4dd1-509e-67e290d9----bb68-afdb00c8af51,Cristian Gonzalez,25/10/2025,10:48:31
Knowby Examples,2d34ba00-7bc0-4aba-a453-137a88335d4e,Setting up your espresso machine,4dd1-509e-67e290d9----bb68-afdb00c8af51,Cristian Gonzalez,02/12/2024,17:42:17
Knowby Examples,2d34ba00-7bc0-4aba-a453-137a88335d4e,Setting up your espresso machine,4d2c-583f-adfb71a0----947b-af0c00af8d6b,Adriana Sanders,23/08/2025,16:56:11
Knowby Examples,2d34ba00-7bc0-4aba-a453-137a88335d4e,Setting up your espresso machine,4d2c-583f-adfb71a0----947b-af0c00af8d6b,Adriana Sanders,18/10/2025,15:49:37
Knowby Examples,2d34ba00-7bc0-4aba-a453-137a88335d4e,Setting up your espresso machine,4d2c-583f-adfb71a0----947b-af0c00af8d6b,Adriana Sanders,19/10/2025,13:32:30
Knowby Examples,2d34ba00-7bc0-4aba-a453-137a88335d4e,Setting up your espresso machine,4d2c-583f-adfb71a0----947b-af0c00af8d6b,Adriana Sanders,03/11/2025,13:21:08
Knowby Examples,2d34ba00-7bc0-4aba-a453-137a88335d4e,Setting up your espresso machine,4d2c-583f-adfb71a0----947b-af0c00af8d6b,Adriana Sanders,03/11/2025,12:20:28
Knowby Examples,2d34ba00-7bc0-4aba-a453-137a88335d4e,Setting up your espresso machine,4d2c-583f-adfb71a0----947b-af0c00af8d6b,Adriana Sanders,24/04/2025,16:00:44
Knowby Examples,2d34ba00-7bc0-4aba-a453-137a88335d4e,Setting up your espresso machine,4405-d6f6-e37511ad----906f-aefa00b1a961,Jeffrey Brown,19/09/2025,09:35:17
Knowby Examples,2d34ba00-7bc0-4aba-a453-137a88335d4e,Setting up your espresso machine,4405-d6f6-e37511ad----906f-aefa00b1a961,Jeffrey Brown,19/09/2025,13:28:26
Knowby Examples,2d34ba00-7bc0-4aba-a453-137a88335d4e,Setting up your espresso machine,4327-393b-53cbdfde----b9a4-aef900aa92ef,Kenneth Landry,14/11/2025,15:09:55
Knowby Examples,2d34ba00-7bc0-4aba-a453-137a88335d4e,Setting up your espresso machine,44ed-a978-e8d990e2----8b3d-aef900a6bb99,Robert Perez,31/08/2025,12:02:00
Knowby Examples,2d34ba00-7bc0-4aba-a453-137a88335d4e,Setting up your espresso machine,44ed-a978-e8d990e2----8b3d-aef900a6bb99,Robert Perez,09/01/2025,12:27:04
Knowby Examples,2d34ba00-7bc0-4aba-a453-137a88335d4e,Setting up your espresso machine,44ed-a978-e8d990e2----8b3d-aef900a6bb99,Robert Perez,25/09/2025,12:40:07
Knowby Examples,2d34ba00-7bc0-4aba-a453-137a88335d4e,Setting up your espresso machine,44ed-a978-e8d990e2----8b3d-aef900a6bb99,Robert Perez,19/10/2025,09:13:35
Knowby Examples,2d34ba00-7bc0-4aba-a453-137a88335d4e,Setting up your espresso machine,44ed-a978-e8d990e2----8b3d-aef900a6bb99,Robert Perez,15/11/2025,17:58:55
Knowby Examples,2d34ba00-7bc0-4aba-a453-137a88335d4e,Setting up your espresso machine,44ed-a978-e8d990e2----8b3d-aef900a6bb99,Robert Perez,20/11/2025,17:30:48
Knowby Examples,2d34ba00-7bc0-4aba-a453-137a88335d4e,Setting up your espresso machine,44ed-a978-e8d990e2----8b3d-aef900a6bb99,Robert Perez,28/11/2025,09:12:04
Knowby Examples,2d34ba00-7bc0-4aba-a453-137a88335d4e,Setting up your espresso machine,44ed-a978-e8d990e2----8b3d-aef900a6bb99,Robert Perez,17/07/2025,10:07:15
Knowby Examples,2d34ba00-7bc0-4aba-a453-137a88335d4e,Setting up your espresso machine,44ed-a978-e8d990e2----8b3d-aef900a6bb99,Robert Perez,18/07/2024,12:10:57
Knowby Examples,2d34ba00-7bc0-4aba-a453-137a88335d4e,Setting up your espresso machine,44ed-a978-e8d990e2----8b3d-aef900a6bb99,Robert Perez,19/07/2024,15:22:25
Knowby Examples,2d34ba00-7bc0-4aba-a453-137a88335d4e,Setting up your espresso machine,44ed-a978-e8d990e2----8b3d-aef900a6bb99,Robert Perez,24/07/2025,10:15:37
Knowby Examples,2d34ba00-7bc0-4aba-a453-137a88335d4e,Setting up your espresso machine,44ed-a978-e8d990e2----8b3d-aef900a6bb99,Robert Perez,09/03/2024,11:38:48
Knowby Examples,2d34ba00-7bc0-4aba-a453-137a88335d4e,Setting up your espresso machine,44ed-a978-e8d990e2----8b3d-aef900a6bb99,Robert Perez,16/09/2024,13:00:26
Knowby Examples,2d34ba00-7bc0-4aba-a453-137a88335d4e,Setting up your espresso machine,44ed-a978-e8d990e2----8b3d-aef900a6bb99,Robert Perez,16/09/2025,08:38:24
Knowby Examples,2d34ba00-7bc0-4aba-a453-137a88335d4e,Setting up your espresso machine,44ed-a978-e8d990e2----8b3d-aef900a6bb99,Robert Perez,16/09/2025,14:03:24
Knowby Examples,2d34ba00-7bc0-4aba-a453-137a88335d4e,Setting up your espresso machine,44ed-a978-e8d990e2----8b3d-aef900a6bb99,Robert Perez,25/09/2025,13:39:58
Knowby Examples,2d34ba00-7bc0-4aba-a453-137a88335d4e,Setting up your espresso machine,44ed-a978-e8d990e2----8b3d-aef900a6bb99,Robert Perez,25/09/2025,08:42:38
Knowby Examples,2d34ba00-7bc0-4aba-a453-137a88335d4e,Setting up your espresso machine,44ed-a978-e8d990e2----8b3d-aef900a6bb99,Robert Perez,10/02/2025,11:56:44
Knowby Examples,2d34ba00-7bc0-4aba-a453-137a88335d4e,Setting up your espresso machine,44ed-a978-e8d990e2----8b3d-aef900a6bb99,Robert Perez,10/02/2025,12:19:49
Knowby Examples,2d34ba00-7bc0-4aba-a453-137a88335d4e,Setting up your espresso machine,44ed-a978-e8d990e2----8b3d-aef900a6bb99,Robert Perez,10/10/2025,10:29:19
Knowby Examples,2d34ba00-7bc0-4aba-a453-137a88335d4e,Setting up your espresso machine,44ed-a978-e8d990e2----8b3d-aef900a6bb99,Robert Perez,11/12/2025,14:03:45
Knowby Examples,2d34ba00-7bc0-4aba-a453-137a88335d4e,Setting up your espresso machine,44ed-a978-e8d990e2----8b3d-aef900a6bb99,Robert Perez,18/11/2025,11:51:26
Knowby Examples,2d34ba00-7bc0-4aba-a453-137a88335d4e,Setting up your espresso machine,44ed-a978-e8d990e2----8b3d-aef900a6bb99,Robert Perez,21/11/2025,16:55:12
Knowby Examples,2d34ba00-7bc0-4aba-a453-137a88335d4e,Setting up your espresso machine,44ed-a978-e8d990e2----8b3d-aef900a6bb99,Robert Perez,19/12/2025,10:00:05
Knowby Examples,2d34ba00-7bc0-4aba-a453-137a88335d4e,Setting up your espresso machine,44ed-a978-e8d990e2----8b3d-aef900a6bb99,Robert Perez,01/06/2025,13:31:51
Knowby Examples,2d34ba00-7bc0-4aba-a453-137a88335d4e,Setting up your espresso machine,44ed-a978-e8d990e2----8b3d-aef900a6bb99,Robert Perez,14/03/2025,09:46:18
Knowby Examples,2d34ba00-7bc0-4aba-a453-137a88335d4e,Setting up your espresso machine,44ed-a978-e8d990e2----8b3d-aef900a6bb99,Robert Perez,14/03/2025,13:48:21
Knowby Examples,2d34ba00-7bc0-4aba-a453-137a88335d4e,Setting up your espresso machine,44ed-a978-e8d990e2----8b3d-aef900a6bb99,Robert Perez,17/04/2025,15:29:23
Knowby Examples,2d34ba00-7bc0-4aba-a453-137a88335d4e,Setting up your espresso machine,44ed-a978-e8d990e2----8b3d-aef900a6bb99,Robert Perez,21/04/2025,14:18:54
Knowby Examples,2d34ba00-7bc0-4aba-a453-137a88335d4e,Setting up your espresso machine,44ed-a978-e8d990e2----8b3d-aef900a6bb99,Robert Perez,21/04/2025,14:05:31
Knowby Examples,2d34ba00-7bc0-4aba-a453-137a88335d4e,Setting up your espresso machine,44ed-a978-e8d990e2----8b3d-aef900a6bb99,Robert Perez,23/04/2025,08:35:51
Knowby Examples,2d34ba00-7bc0-4aba-a453-137a88335d4e,Setting up your espresso machine,44ed-a978-e8d990e2----8b3d-aef900a6bb99,Robert Perez,30/04/2025,09:09:00
Knowby Examples,2d34ba00-7bc0-4aba-a453-137a88335d4e,Setting up your espresso machine,44ed-a978-e8d990e2----8b3d-aef900a6bb99,Robert Perez,05/01/2025,13:19:21
Knowby Examples,2d34ba00-7bc0-4aba-a453-137a88335d4e,Setting up your espresso machine,44ed-a978-e8d990e2----8b3d-aef900a6bb99,Robert Perez,05/01/2025,16:28:41
Knowby Examples,2d34ba00-7bc0-4aba-a453-137a88335d4e,Setting up your espresso machine,44ed-a978-e8d990e2----8b3d-aef900a6bb99,Robert Perez,05/01/2025,14:44:08
Knowby Examples,2d34ba00-7bc0-4aba-a453-137a88335d4e,Setting up your espresso machine,44ed-a978-e8d990e2----8b3d-aef900a6bb99,Robert Perez,05/01/2025,10:57:18
Knowby Examples,2d34ba00-7bc0-4aba-a453-137a88335d4e,Setting up your espresso machine,44ed-a978-e8d990e2----8b3d-aef900a6bb99,Robert Perez,05/01/2025,17:34:55
Knowby Examples,2d34ba00-7bc0-4aba-a453-137a88335d4e,Setting up your espresso machine,44ed-a978-e8d990e2----8b3d-aef900a6bb99,Robert Perez,05/01/2024,12:38:28
Knowby Examples,2d34ba00-7bc0-4aba-a453-137a88335d4e,Setting up your espresso machine,44ed-a978-e8d990e2----8b3d-aef900a6bb99,Robert Perez,05/02/2025,16:42:06
Knowby Examples,2d34ba00-7bc0-4aba-a453-137a88335d4e,Setting up your espresso machine,44ed-a978-e8d990e2----8b3d-aef900a6bb99,Robert Perez,05/06/2025,17:14:53
Knowby Examples,2d34ba00-7bc0-4aba-a453-137a88335d4e,Setting up your espresso machine,4ed4-864f-db17168a----9128-a3c9ddb6e3ea,Carol Jones,07/04/2025,08:18:33
Knowby Examples,2d34ba00-7bc0-4aba-a453-137a88335d4e,Setting up your espresso machine,4ed4-864f-db17168a----9128-a3c9ddb6e3ea,Carol Jones,07/04/2025,10:39:54
Knowby Examples,2d34ba00-7bc0-4aba-a453-137a88335d4e,Setting up your espresso machine,4ed4-864f-db17168a----9128-a3c9ddb6e3ea,Carol Jones,07/04/2025,10:02:55
Knowby Examples,2d34ba00-7bc0-4aba-a453-137a88335d4e,Setting up your espresso machine,4ed4-864f-db17168a----9128-a3c9ddb6e3ea,Carol Jones,07/05/2024,09:19:30
Knowby Examples,2d34ba00-7bc0-4aba-a453-137a88335d4e,Setting up your espresso machine,4ed4-864f-db17168a----9128-a3c9ddb6e3ea,Carol Jones,07/09/2025,16:35:05
Knowby Examples,2d34ba00-7bc0-4aba-a453-137a88335d4e,Setting up your espresso machine,4ed4-864f-db17168a----9128-a3c9ddb6e3ea,Carol Jones,07/10/2025,08:34:53
Knowby Examples,2d34ba00-7bc0-4aba-a453-137a88335d4e,Setting up your espresso machine,4ed4-864f-db17168a----9128-a3c9ddb6e3ea,Carol Jones,07/10/2025,15:19:46
Knowby Examples,2d34ba00-7bc0-4aba-a453-137a88335d4e,Setting up your espresso machine,4ed4-864f-db17168a----9128-a3c9ddb6e3ea,Carol Jones,07/10/2025,08:13:18
Knowby Examples,2d34ba00-7bc0-4aba-a453-137a88335d4e,Setting up your espresso machine,4ed4-864f-db17168a----9128-a3c9ddb6e3ea,Carol Jones,07/10/2025,15:43:26
Knowby Examples,2d34ba00-7bc0-4aba-a453-137a88335d4e,Setting up your espresso machine,4ed4-864f-db17168a----9128-a3c9ddb6e3ea,Carol Jones,07/10/2025,16:38:33
Knowby Examples,2d34ba00-7bc0-4aba-a453-137a88335d4e,Setting up your espresso machine,4ed4-864f-db17168a----9128-a3c9ddb6e3ea,Carol Jones,13/07/2025,10:34:42
Knowby Examples,2d34ba00-7bc0-4aba-a453-137a88335d4e,Setting up your espresso machine,4ed4-864f-db17168a----9128-a3c9ddb6e3ea,Carol Jones,13/07/2025,16:56:06
Knowby Examples,2d34ba00-7bc0-4aba-a453-137a88335d4e,Setting up your espresso machine,4ed4-864f-db17168a----9128-a3c9ddb6e3ea,Carol Jones,13/07/2024,17:58:56
Knowby Examples,2d34ba00-7bc0-4aba-a453-137a88335d4e,Setting up your espresso machine,4ed4-864f-db17168a----9128-a3c9ddb6e3ea,Carol Jones,08/08/2025,17:27:40
Knowby Examples,2d34ba00-7bc0-4aba-a453-137a88335d4e,Setting up your espresso machine,4ed4-864f-db17168a----9128-a3c9ddb6e3ea,Carol Jones,08/08/2025,17:33:08
Knowby Examples,2d34ba00-7bc0-4aba-a453-137a88335d4e,Setting up your espresso machine,4ed4-864f-db17168a----9128-a3c9ddb6e3ea,Carol Jones,08/12/2025,08:19:33
Knowby Examples,2d34ba00-7bc0-4aba-a453-137a88335d4e,Setting up your espresso machine,4ed4-864f-db17168a----9128-a3c9ddb6e3ea,Carol Jones,08/12/2025,11:02:30
Knowby Examples,2d34ba00-7bc0-4aba-a453-137a88335d4e,Setting up your espresso machine,4ed4-864f-db17168a----9128-a3c9ddb6e3ea,Carol Jones,19/09/2025,16:57:44
Knowby Examples,2d34ba00-7bc0-4aba-a453-137a88335d4e,Setting up your espresso machine,4ed4-864f-db17168a----9128-a3c9ddb6e3ea,Carol Jones,19/09/2025,12:18:28
Knowby Examples,2d34ba00-7bc0-4aba-a453-137a88335d4e,Setting up your espresso machine,4ed4-864f-db17168a----9128-a3c9ddb6e3ea,Carol Jones,11/12/2025,14:20:10
Knowby Examples,2d34ba00-7bc0-4aba-a453-137a88335d4e,Setting up your espresso machine,4ed4-864f-db17168a----9128-a3c9ddb6e3ea,Carol Jones,20/11/2025,17:29:35
Knowby Examples,2d34ba00-7bc0-4aba-a453-137a88335d4e,Setting up your espresso machine,4ed4-864f-db17168a----9128-a3c9ddb6e3ea,Carol Jones,20/11/2025,17:39:46
Knowby Examples,2d34ba00-7bc0-4aba-a453-137a88335d4e,Setting up your espresso machine,4ed4-864f-db17168a----9128-a3c9ddb6e3ea,Carol Jones,20/11/2025,11:37:13
Knowby Examples,2d34ba00-7bc0-4aba-a453-137a88335d4e,Setting up your espresso machine,4ed4-864f-db17168a----9128-a3c9ddb6e3ea,Carol Jones,20/11/2025,08:47:42
Knowby Examples,2d34ba00-7bc0-4aba-a453-137a88335d4e,Setting up your espresso machine,4ed4-864f-db17168a----9128-a3c9ddb6e3ea,Carol Jones,21/11/2024,16:31:57
Knowby Examples,2d34ba00-7bc0-4aba-a453-137a88335d4e,Setting up your espresso machine,4ed4-864f-db17168a----9128-a3c9ddb6e3ea,Carol Jones,21/11/2025,15:14:28
Knowby Examples,2d34ba00-7bc0-4aba-a453-137a88335d4e,Setting up your espresso machine,4ed4-864f-db17168a----9128-a3c9ddb6e3ea,Carol Jones,21/11/2025,15:42:39
Knowby Examples,2d34ba00-7bc0-4aba-a453-137a88335d4e,Setting up your espresso machine,4ed4-864f-db17168a----9128-a3c9ddb6e3ea,Carol Jones,21/11/2025,15:24:11
Knowby Examples,2d34ba00-7bc0-4aba-a453-137a88335d4e,Setting up your espresso machine,4ed4-864f-db17168a----9128-a3c9ddb6e3ea,Carol Jones,21/11/2025,11:48:04
Knowby Examples,2d34ba00-7bc0-4aba-a453-137a88335d4e,Setting up your espresso machine,4ed4-864f-db17168a----9128-a3c9ddb6e3ea,Carol Jones,21/11/2025,17:03:20
Knowby Examples,2d34ba00-7bc0-4aba-a453-137a88335d4e,Setting up your espresso machine,4ed4-864f-db17168a----9128-a3c9ddb6e3ea,Carol Jones,21/11/2025,14:49:58
Knowby Examples,2d34ba00-7bc0-4aba-a453-137a88335d4e,Setting up your espresso machine,4ed4-864f-db17168a----9128-a3c9ddb6e3ea,Carol Jones,21/11/2025,08:50:20
Knowby Examples,2d34ba00-7bc0-4aba-a453-137a88335d4e,Setting up your espresso machine,4ed4-864f-db17168a----9128-a3c9ddb6e3ea,Carol Jones,18/12/2025,14:59:43
Knowby Examples,2d34ba00-7bc0-4aba-a453-137a88335d4e,Setting up your espresso machine,4ed4-864f-db17168a----9128-a3c9ddb6e3ea,Carol Jones,18/12/2025,10:55:57
Knowby Examples,2d34ba00-7bc0-4aba-a453-137a88335d4e,Setting up your espresso machine,4ed4-864f-db17168a----9128-a3c9ddb6e3ea,Carol Jones,19/12/2025,17:33:59
Knowby Examples,2d34ba00-7bc0-4aba-a453-137a88335d4e,Setting up your espresso machine,40cf-6eb7-521cd9aa----b44e-b3bc2ae815ea,Robert Rodriguez,20/11/2025,11:49:09
Knowby Examples,2d34ba00-7bc0-4aba-a453-137a88335d4e,Setting up your espresso machine,40cf-6eb7-521cd9aa----b44e-b3bc2ae815ea,Robert Rodriguez,20/11/2025,10:11:23
Knowby Examples,2d34ba00-7bc0-4aba-a453-137a88335d4e,Setting up your espresso machine,4ce8-8c89-f1a68cdd----9925-4c51c1d10ac1,Lisa Smith,13/07/2025,11:03:46
Knowby Examples,2d34ba00-7bc0-4aba-a453-137a88335d4e,Setting up your espresso machine,4ce8-8c89-f1a68cdd----9925-4c51c1d10ac1,Lisa Smith,13/07/2025,15:14:41
Knowby Examples,2d34ba00-7bc0-4aba-a453-137a88335d4e,Setting up your espresso machine,4ce8-8c89-f1a68cdd----9925-4c51c1d10ac1,Lisa Smith,13/07/2025,13:06:59
Knowby Examples,2d34ba00-7bc0-4aba-a453-137a88335d4e,Setting up your espresso machine,4ce8-8c89-f1a68cdd----9925-4c51c1d10ac1,Lisa Smith,13/07/2025,11:23:28
Knowby Examples,2d34ba00-7bc0-4aba-a453-137a88335d4e,Setting up your espresso machine,4ce8-8c89-f1a68cdd----9925-4c51c1d10ac1,Lisa Smith,13/07/2025,08:09:27
Knowby Examples,2d34ba00-7bc0-4aba-a453-137a88335d4e,Setting up your espresso machine,4ce8-8c89-f1a68cdd----9925-4c51c1d10ac1,Lisa Smith,13/07/2024,10:07:28
Knowby Examples,2d34ba00-7bc0-4aba-a453-137a88335d4e,Setting up your espresso machine,4ce8-8c89-f1a68cdd----9925-4c51c1d10ac1,Lisa Smith,13/07/2025,12:13:15
Knowby Examples,2d34ba00-7bc0-4aba-a453-137a88335d4e,Setting up your espresso machine,4ce8-8c89-f1a68cdd----9925-4c51c1d10ac1,Lisa Smith,13/07/2025,14:30:17
Knowby Examples,2d34ba00-7bc0-4aba-a453-137a88335d4e,Setting up your espresso machine,4ce8-8c89-f1a68cdd----9925-4c51c1d10ac1,Lisa Smith,13/07/2025,15:45:41
Knowby Examples,2d34ba00-7bc0-4aba-a453-137a88335d4e,Setting up your espresso machine,4f16-eda6-7db766e9----bc66-af8100c46bb3,Jared Foster,21/11/2025,10:15:00
Knowby Examples,2d34ba00-7bc0-4aba-a453-137a88335d4e,Setting up your espresso machine,4a03-290e-7ab16f5f----99f5-ecabe6f9e6bf,Jacqueline Reed,25/07/2025,11:53:39
Knowby Examples,2d34ba00-7bc0-4aba-a453-137a88335d4e,Setting up your espresso machine,4e42-3ecf-a947652f----8d8f-1b0d973d1bbf,Robert Taylor,02/12/2025,10:17:44
Knowby Examples,2d34ba00-7bc0-4aba-a453-137a88335d4e,Setting up your espresso machine,409d-3bdc-4417dd91----8aea-d6ea712d295b,Lisa Reeves,16/04/2025,08:26:47
Knowby Examples,2d34ba00-7bc0-4aba-a453-137a88335d4e,Setting up your espresso machine,409d-3bdc-4417dd91----8aea-d6ea712d295b,Lisa Reeves,16/04/2025,11:12:16
Knowby Examples,2d34ba00-7bc0-4aba-a453-137a88335d4e,Setting up your espresso machine,409d-3bdc-4417dd91----8aea-d6ea712d295b,Lisa Reeves,16/04/2025,15:21:39
Knowby Examples,2d34ba00-7bc0-4aba-a453-137a88335d4e,Setting up your espresso machine,409d-3bdc-4417dd91----8aea-d6ea712d295b,Lisa Reeves,17/04/2025,17:44:40
Knowby Examples,2d34ba00-7bc0-4aba-a453-137a88335d4e,Setting up your espresso machine,4d1a-2d52-b574cc8e----b6c0-af3b0075112b,Melanie Wilson,08/11/2025,14:13:49
Knowby Examples,2d34ba00-7bc0-4aba-a453-137a88335d4e,Setting up your espresso machine,4d1a-2d52-b574cc8e----b6c0-af3b0075112b,Melanie Wilson,14/11/2025,09:24:17
Knowby Examples,2d34ba00-7bc0-4aba-a453-137a88335d4e,Setting up your espresso machine,4d1a-2d52-b574cc8e----b6c0-af3b0075112b,Melanie Wilson,04/06/2025,13:38:43
Knowby Examples,2d34ba00-7bc0-4aba-a453-137a88335d4e,Setting up your espresso machine,4cb2-65da-696d957b----9f0d-54f7230f93ca,Andrew Mueller,21/03/2025,13:41:28
Knowby Examples,2d34ba00-7bc0-4aba-a453-137a88335d4e,Setting up your espresso machine,4dd1-509e-67e290d9----bb68-afdb00c8af51,Cristian Gonzalez,03/03/2025,17:54:22
Knowby Examples,2d34ba00-7bc0-4aba-a453-137a88335d4e,Setting up your espresso machine,4dd1-509e-67e290d9----bb68-afdb00c8af51,Cristian Gonzalez,03/04/2025,16:27:41
Knowby Examples,2d34ba00-7bc0-4aba-a453-137a88335d4e,Setting up your espresso machine,4dd1-509e-67e290d9----bb68-afdb00c8af51,Cristian Gonzalez,03/04/2025,11:17:24
Knowby Examples,2d34ba00-7bc0-4aba-a453-137a88335d4e,Setting up your espresso machine,4dd1-509e-67e290d9----bb68-afdb00c8af51,Cristian Gonzalez,03/04/2025,12:47:13
Knowby Examples,2d34ba00-7bc0-4aba-a453-137a88335d4e,Setting up your espresso machine,4dd1-509e-67e290d9----bb68-afdb00c8af51,Cristian Gonzalez,03/04/2025,10:30:06
Knowby Examples,2d34ba00-7bc0-4aba-a453-137a88335d4e,Setting up your espresso machine,4dd1-509e-67e290d9----bb68-afdb00c8af51,Cristian Gonzalez,03/04/2025,14:30:19
Knowby Examples,2d34ba00-7bc0-4aba-a453-137a88335d4e,Setting up your espresso machine,4dd1-509e-67e290d9----bb68-afdb00c8af51,Cristian Gonzalez,03/04/2025,17:39:18
Knowby Examples,2d34ba00-7bc0-4aba-a453-137a88335d4e,Setting up your espresso machine,4dd1-509e-67e290d9----bb68-afdb00c8af51,Cristian Gonzalez,03/07/2025,08:23:52
Knowby Examples,2d34ba00-7bc0-4aba-a453-137a88335d4e,Setting up your espresso machine,4dd1-509e-67e290d9----bb68-afdb00c8af51,Cristian Gonzalez,16/04/2025,14:21:12
Knowby Examples,2d34ba00-7bc0-4aba-a453-137a88335d4e,Setting up your espresso machine,4dd1-509e-67e290d9----bb68-afdb00c8af51,Cristian Gonzalez,16/04/2025,10:54:04
Knowby Examples,2d34ba00-7bc0-4aba-a453-137a88335d4e,Setting up your espresso machine,4dd1-509e-67e290d9----bb68-afdb00c8af51,Cristian Gonzalez,16/04/2025,12:27:25
Knowby Examples,2d34ba00-7bc0-4aba-a453-137a88335d4e,Setting up your espresso machine,4dd1-509e-67e290d9----bb68-afdb00c8af51,Cristian Gonzalez,22/04/2024,14:25:56
Knowby Examples,2d34ba00-7bc0-4aba-a453-137a88335d4e,Setting up your espresso machine,4dd1-509e-67e290d9----bb68-afdb00c8af51,Cristian Gonzalez,22/04/2025,09:45:10
Knowby Examples,2d34ba00-7bc0-4aba-a453-137a88335d4e,Setting up your espresso machine,4dd1-509e-67e290d9----bb68-afdb00c8af51,Cristian Gonzalez,22/04/2025,10:16:06
Knowby Examples,2d34ba00-7bc0-4aba-a453-137a88335d4e,Setting up your espresso machine,4dd1-509e-67e290d9----bb68-afdb00c8af51,Cristian Gonzalez,28/04/2025,16:40:33
Knowby Examples,2d34ba00-7bc0-4aba-a453-137a88335d4e,Setting up your espresso machine,4dd1-509e-67e290d9----bb68-afdb00c8af51,Cristian Gonzalez,29/04/2025,10:09:56
Knowby Examples,2d34ba00-7bc0-4aba-a453-137a88335d4e,Setting up your espresso machine,4dd1-509e-67e290d9----bb68-afdb00c8af51,Cristian Gonzalez,29/04/2025,17:37:30
Knowby Examples,2d34ba00-7bc0-4aba-a453-137a88335d4e,Setting up your espresso machine,4dd1-509e-67e290d9----bb68-afdb00c8af51,Cristian Gonzalez,29/04/2025,08:04:01
Knowby Examples,2d34ba00-7bc0-4aba-a453-137a88335d4e,Setting up your espresso machine,4dd1-509e-67e290d9----bb68-afdb00c8af51,Cristian Gonzalez,30/04/2025,14:19:54
Knowby Examples,2d34ba00-7bc0-4aba-a453-137a88335d4e,Setting up your espresso machine,4dd1-509e-67e290d9----bb68-afdb00c8af51,Cristian Gonzalez,05/06/2025,15:05:09
Knowby Examples,2d34ba00-7bc0-4aba-a453-137a88335d4e,Setting up your espresso machine,4ed4-864f-db17168a----9128-a3c9ddb6e3ea,Carol Jones,25/02/2025,11:53:40
Knowby Examples,2d34ba00-7bc0-4aba-a453-137a88335d4e,Setting up your espresso machine,4ed4-864f-db17168a----9128-a3c9ddb6e3ea,Carol Jones,03/11/2024,15:54:45
Knowby Examples,2d34ba00-7bc0-4aba-a453-137a88335d4e,Setting up your espresso machine,4ed4-864f-db17168a----9128-a3c9ddb6e3ea,Carol Jones,03/11/2025,16:55:44
Knowby Examples,2d34ba00-7bc0-4aba-a453-137a88335d4e,Setting up your espresso machine,4ed4-864f-db17168a----9128-a3c9ddb6e3ea,Carol Jones,03/11/2025,12:27:26
Knowby Examples,2d34ba00-7bc0-4aba-a453-137a88335d4e,Setting up your espresso machine,4ed4-864f-db17168a----9128-a3c9ddb6e3ea,Carol Jones,18/03/2025,11:17:41
Knowby Examples,2d34ba00-7bc0-4aba-a453-137a88335d4e,Setting up your espresso machine,4e42-3ecf-a947652f----8d8f-1b0d973d1bbf,Robert Taylor,17/04/2025,13:31:22
Knowby Examples,714f66be-043e-497c-a8b5-5fe259ca8a56,720P Solvay g4g  How to make a lemon battery by Ilham Kadri,4dd1-509e-67e290d9----bb68-afdb00c8af51,Cristian Gonzalez,29/04/2025,11:56:51
Knowby Examples,b0418777-1b40-434c-8cdd-458ab0213961,How to make a lemon battery by Ilham Kadri,44ed-a978-e8d990e2----8b3d-aef900a6bb99,Robert Perez,30/04/2025,14:08:49
Knowby Examples,b0418777-1b40-434c-8cdd-458ab0213961,How to make a lemon battery by Ilham Kadri,44ed-a978-e8d990e2----8b3d-aef900a6bb99,Robert Perez,05/01/2025,15:57:46
Knowby Examples,b0418777-1b40-434c-8cdd-458ab0213961,How to make a lemon battery by Ilham Kadri,44ed-a978-e8d990e2----8b3d-aef900a6bb99,Robert Perez,05/01/2024,09:11:06
Knowby Examples,b0418777-1b40-434c-8cdd-458ab0213961,How to make a lemon battery by Ilham Kadri,44ed-a978-e8d990e2----8b3d-aef900a6bb99,Robert Perez,05/01/2025,12:39:39
Knowby Examples,b0418777-1b40-434c-8cdd-458ab0213961,How to make a lemon battery by Ilham Kadri,44ed-a978-e8d990e2----8b3d-aef900a6bb99,Robert Perez,05/01/2025,09:48:06
Knowby Examples,b0418777-1b40-434c-8cdd-458ab0213961,How to make a lemon battery by Ilham Kadri,4dd1-509e-67e290d9----bb68-afdb00c8af51,Cristian Gonzalez,29/04/2025,08:03:15
Knowby Examples,b0418777-1b40-434c-8cdd-458ab0213961,How to make a lemon battery by Ilham Kadri,4dd1-509e-67e290d9----bb68-afdb00c8af51,Cristian Gonzalez,29/04/2024,13:26:00
Knowby Examples,b0418777-1b40-434c-8cdd-458ab0213961,How to make a lemon battery by Ilham Kadri,4dd1-509e-67e290d9----bb68-afdb00c8af51,Cristian Gonzalez,29/04/2024,15:22:57
Knowby Examples,b0418777-1b40-434c-8cdd-458ab0213961,How to make a lemon battery by Ilham Kadri,4dd1-509e-67e290d9----bb68-afdb00c8af51,Cristian Gonzalez,29/04/2025,13:47:11
Knowby Examples,b0418777-1b40-434c-8cdd-458ab0213961,How to make a lemon battery by Ilham Kadri,4ed4-864f-db17168a----9128-a3c9ddb6e3ea,Carol Jones,05/02/2025,16:39:58
Knowby Examples,b0418777-1b40-434c-8cdd-458ab0213961,How to make a lemon battery by Ilham Kadri,4ed4-864f-db17168a----9128-a3c9ddb6e3ea,Carol Jones,05/02/2025,13:54:06
Knowby Examples,0c73c676-d987-47fd-b6c7-f0fe6928ab44,How to Load Magazines Perfectly,4dd1-509e-67e290d9----bb68-afdb00c8af51,Cristian Gonzalez,05/06/2025,17:40:42
Knowby Examples,0c73c676-d987-47fd-b6c7-f0fe6928ab44,How to Load Magazines Perfectly,4dd1-509e-67e290d9----bb68-afdb00c8af51,Cristian Gonzalez,05/06/2024,12:24:31
Knowby Examples,bee9b62c-7316-4ccb-8a4f-49b088352f4b,5 Tips to Get More Physical Activity Teladoc Health Canada,4dd1-509e-67e290d9----bb68-afdb00c8af51,Cristian Gonzalez,05/06/2025,13:28:13
Knowby Examples,bee9b62c-7316-4ccb-8a4f-49b088352f4b,5 Tips to Get More Physical Activity Teladoc Health Canada,4dd1-509e-67e290d9----bb68-afdb00c8af51,Cristian Gonzalez,05/06/2025,12:43:37
Knowby Examples,bee9b62c-7316-4ccb-8a4f-49b088352f4b,5 Tips to Get More Physical Activity Teladoc Health Canada,4dd1-509e-67e290d9----bb68-afdb00c8af51,Cristian Gonzalez,05/06/2024,17:00:36
Knowby Examples,bee9b62c-7316-4ccb-8a4f-49b088352f4b,5 Tips to Get More Physical Activity Teladoc Health Canada,4dd1-509e-67e290d9----bb68-afdb00c8af51,Cristian Gonzalez,05/06/2025,12:13:53
Knowby Examples,bee9b62c-7316-4ccb-8a4f-49b088352f4b,5 Tips to Get More Physical Activity Teladoc Health Canada,4dd1-509e-67e290d9----bb68-afdb00c8af51,Cristian Gonzalez,05/06/2025,17:30:10
Knowby Examples,bee9b62c-7316-4ccb-8a4f-49b088352f4b,5 Tips to Get More Physical Activity Teladoc Health Canada,4dd1-509e-67e290d9----bb68-afdb00c8af51,Cristian Gonzalez,05/07/2025,11:35:55
Knowby Examples,12634d06-b711-4462-a6d2-d777c3d11b74,Manually,4dd1-509e-67e290d9----bb68-afdb00c8af51,Cristian Gonzalez,05/06/2025,09:40:42
Knowby Examples,e7c4e77c-7c07-423f-b963-4f6e2e32d815,Peanut Butter Cookies,4dd1-509e-67e290d9----bb68-afdb00c8af51,Cristian Gonzalez,21/12/2025,11:38:07
Knowby Examples,e7c4e77c-7c07-423f-b963-4f6e2e32d815,Peanut Butter Cookies,44ed-a978-e8d990e2----8b3d-aef900a6bb99,Robert Perez,26/02/2025,13:28:18
Knowby Examples,e7c4e77c-7c07-423f-b963-4f6e2e32d815,Peanut Butter Cookies,4e42-3ecf-a947652f----8d8f-1b0d973d1bbf,Robert Taylor,17/01/2025,13:45:54
Knowby Examples,e7c4e77c-7c07-423f-b963-4f6e2e32d815,Peanut Butter Cookies,4e42-3ecf-a947652f----8d8f-1b0d973d1bbf,Robert Taylor,02/12/2025,08:43:43
Knowby Examples,e7c4e77c-7c07-423f-b963-4f6e2e32d815,Peanut Butter Cookies,4d1a-2d52-b574cc8e----b6c0-af3b0075112b,Melanie Wilson,24/03/2025,12:58:01
Knowby Examples,e7c4e77c-7c07-423f-b963-4f6e2e32d815,Peanut Butter Cookies,4ed4-864f-db17168a----9128-a3c9ddb6e3ea,Carol Jones,25/02/2025,15:57:21
Knowby Examples,a16e159c-dfae-4684-a4ff-83b425b9b9c1,MacBook Air Battery Replacement and Deep Cleaning Safe and,409d-3bdc-4417dd91----8aea-d6ea712d295b,Lisa Reeves,04/11/2025,15:52:18
Knowby Examples,a16e159c-dfae-4684-a4ff-83b425b9b9c1,MacBook Air Battery Replacement and Deep Cleaning Safe and,4ed4-864f-db17168a----9128-a3c9ddb6e3ea,Carol Jones,28/02/2025,15:20:35
Knowby Examples,a16e159c-dfae-4684-a4ff-83b425b9b9c1,MacBook Air Battery Replacement and Deep Cleaning Safe and,4ed4-864f-db17168a----9128-a3c9ddb6e3ea,Carol Jones,28/02/2025,10:36:30
Knowby Examples,a16e159c-dfae-4684-a4ff-83b425b9b9c1,MacBook Air Battery Replacement and Deep Cleaning Safe and,4e42-3ecf-a947652f----8d8f-1b0d973d1bbf,Robert Taylor,03/03/2025,14:30:35
Knowby Examples,43fbb4fb-37ed-4866-b7fa-8d74575636f6,How to Enable Parental Controls & Web Filtering on Optus Modems,4dd1-509e-67e290d9----bb68-afdb00c8af51,Cristian Gonzalez,07/08/2025,11:39:53
Knowby Examples,43fbb4fb-37ed-4866-b7fa-8d74575636f6,How to Enable Parental Controls & Web Filtering on Optus Modems,4dd1-509e-67e290d9----bb68-afdb00c8af51,Cristian Gonzalez,07/09/2025,16:50:50
Knowby Examples,43fbb4fb-37ed-4866-b7fa-8d74575636f6,How to Enable Parental Controls & Web Filtering on Optus Modems,4dd1-509e-67e290d9----bb68-afdb00c8af51,Cristian Gonzalez,07/09/2025,09:33:44
Knowby Examples,43fbb4fb-37ed-4866-b7fa-8d74575636f6,How to Enable Parental Controls & Web Filtering on Optus Modems,4dd1-509e-67e290d9----bb68-afdb00c8af51,Cristian Gonzalez,07/10/2025,17:46:28
Knowby Examples,43fbb4fb-37ed-4866-b7fa-8d74575636f6,How to Enable Parental Controls & Web Filtering on Optus Modems,4dd1-509e-67e290d9----bb68-afdb00c8af51,Cristian Gonzalez,07/10/2025,12:05:22
Knowby Examples,43fbb4fb-37ed-4866-b7fa-8d74575636f6,How to Enable Parental Controls & Web Filtering on Optus Modems,4dd1-509e-67e290d9----bb68-afdb00c8af51,Cristian Gonzalez,07/10/2025,14:54:05
Knowby Examples,43fbb4fb-37ed-4866-b7fa-8d74575636f6,How to Enable Parental Controls & Web Filtering on Optus Modems,4d2c-583f-adfb71a0----947b-af0c00af8d6b,Adriana Sanders,03/11/2024,15:57:03
Knowby Examples,43fbb4fb-37ed-4866-b7fa-8d74575636f6,How to Enable Parental Controls & Web Filtering on Optus Modems,44ed-a978-e8d990e2----8b3d-aef900a6bb99,Robert Perez,07/09/2024,17:30:28
Knowby Examples,43fbb4fb-37ed-4866-b7fa-8d74575636f6,How to Enable Parental Controls & Web Filtering on Optus Modems,44ed-a978-e8d990e2----8b3d-aef900a6bb99,Robert Perez,07/09/2025,08:59:48
Knowby Examples,43fbb4fb-37ed-4866-b7fa-8d74575636f6,How to Enable Parental Controls & Web Filtering on Optus Modems,44ed-a978-e8d990e2----8b3d-aef900a6bb99,Robert Perez,24/07/2025,08:17:00
Knowby Examples,43fbb4fb-37ed-4866-b7fa-8d74575636f6,How to Enable Parental Controls & Web Filtering on Optus Modems,44ed-a978-e8d990e2----8b3d-aef900a6bb99,Robert Perez,29/07/2025,13:57:11
Knowby Examples,43fbb4fb-37ed-4866-b7fa-8d74575636f6,How to Enable Parental Controls & Web Filtering on Optus Modems,4ed4-864f-db17168a----9128-a3c9ddb6e3ea,Carol Jones,07/08/2025,11:56:47
Knowby Examples,43fbb4fb-37ed-4866-b7fa-8d74575636f6,How to Enable Parental Controls & Web Filtering on Optus Modems,4ed4-864f-db17168a----9128-a3c9ddb6e3ea,Carol Jones,07/08/2025,08:22:04
Knowby Examples,43fbb4fb-37ed-4866-b7fa-8d74575636f6,How to Enable Parental Controls & Web Filtering on Optus Modems,4ed4-864f-db17168a----9128-a3c9ddb6e3ea,Carol Jones,03/11/2025,14:03:05
Knowby Examples,43fbb4fb-37ed-4866-b7fa-8d74575636f6,How to Enable Parental Controls & Web Filtering on Optus Modems,4ed4-864f-db17168a----9128-a3c9ddb6e3ea,Carol Jones,03/11/2025,14:58:54
Knowby Examples,43fbb4fb-37ed-4866-b7fa-8d74575636f6,How to Enable Parental Controls & Web Filtering on Optus Modems,4ed4-864f-db17168a----9128-a3c9ddb6e3ea,Carol Jones,03/11/2025,11:32:52
Knowby Examples,7228d970-a470-4a2b-be88-bee547085233,Unknown,4ed4-864f-db17168a----9128-a3c9ddb6e3ea,Carol Jones,03/11/2025,10:20:44
Knowby Examples,e7b4c2e9-421d-42b5-a4e0-543ad0b6559e,Set up a FANUC cobot for palletising – Robotic Innovations,489c-c9c4-29fad270----aab7-af440073e71a,John Jones,03/07/2025,17:31:51
Knowby Examples,e7b4c2e9-421d-42b5-a4e0-543ad0b6559e,Set up a FANUC cobot for palletising – Robotic Innovations,4ea3-2234-ee1de7e0----99b4-aefa00ae2eab,William Wilkinson,03/10/2025,14:01:05
Knowby Examples,e7b4c2e9-421d-42b5-a4e0-543ad0b6559e,Set up a FANUC cobot for palletising – Robotic Innovations,44ed-a978-e8d990e2----8b3d-aef900a6bb99,Robert Perez,14/03/2025,14:44:08
Knowby Examples,e7b4c2e9-421d-42b5-a4e0-543ad0b6559e,Set up a FANUC cobot for palletising – Robotic Innovations,44ed-a978-e8d990e2----8b3d-aef900a6bb99,Robert Perez,20/03/2025,09:41:05
Knowby Examples,e7b4c2e9-421d-42b5-a4e0-543ad0b6559e,Set up a FANUC cobot for palletising – Robotic Innovations,40cf-6eb7-521cd9aa----b44e-b3bc2ae815ea,Robert Rodriguez,03/09/2025,08:12:57
Knowby Examples,e7b4c2e9-421d-42b5-a4e0-543ad0b6559e,Set up a FANUC cobot for palletising – Robotic Innovations,4dd1-509e-67e290d9----bb68-afdb00c8af51,Cristian Gonzalez,27/02/2025,15:13:13
Knowby Examples,e7b4c2e9-421d-42b5-a4e0-543ad0b6559e,Set up a FANUC cobot for palletising – Robotic Innovations,4dd1-509e-67e290d9----bb68-afdb00c8af51,Cristian Gonzalez,27/02/2025,17:45:38
Knowby Examples,e7b4c2e9-421d-42b5-a4e0-543ad0b6559e,Set up a FANUC cobot for palletising – Robotic Innovations,4dd1-509e-67e290d9----bb68-afdb00c8af51,Cristian Gonzalez,27/02/2024,17:10:50
Knowby Examples,e7b4c2e9-421d-42b5-a4e0-543ad0b6559e,Set up a FANUC cobot for palletising – Robotic Innovations,4dd1-509e-67e290d9----bb68-afdb00c8af51,Cristian Gonzalez,27/02/2025,14:36:00
Knowby Examples,e7b4c2e9-421d-42b5-a4e0-543ad0b6559e,Set up a FANUC cobot for palletising – Robotic Innovations,4dd1-509e-67e290d9----bb68-afdb00c8af51,Cristian Gonzalez,03/07/2025,11:00:53
Knowby Examples,e7b4c2e9-421d-42b5-a4e0-543ad0b6559e,Set up a FANUC cobot for palletising – Robotic Innovations,4dd1-509e-67e290d9----bb68-afdb00c8af51,Cristian Gonzalez,03/07/2025,08:05:56
Knowby Examples,e7b4c2e9-421d-42b5-a4e0-543ad0b6559e,Set up a FANUC cobot for palletising – Robotic Innovations,4dd1-509e-67e290d9----bb68-afdb00c8af51,Cristian Gonzalez,03/07/2025,08:38:58
Knowby Examples,e7b4c2e9-421d-42b5-a4e0-543ad0b6559e,Set up a FANUC cobot for palletising – Robotic Innovations,4dd1-509e-67e290d9----bb68-afdb00c8af51,Cristian Gonzalez,03/07/2025,16:34:20
Knowby Examples,e7b4c2e9-421d-42b5-a4e0-543ad0b6559e,Set up a FANUC cobot for palletising – Robotic Innovations,4dd1-509e-67e290d9----bb68-afdb00c8af51,Cristian Gonzalez,03/07/2025,10:56:19
Knowby Examples,e7b4c2e9-421d-42b5-a4e0-543ad0b6559e,Set up a FANUC cobot for palletising – Robotic Innovations,4dd1-509e-67e290d9----bb68-afdb00c8af51,Cristian Gonzalez,03/07/2025,10:53:35
Knowby Examples,e7b4c2e9-421d-42b5-a4e0-543ad0b6559e,Set up a FANUC cobot for palletising – Robotic Innovations,4dd1-509e-67e290d9----bb68-afdb00c8af51,Cristian Gonzalez,03/07/2025,11:37:03
Knowby Examples,e7b4c2e9-421d-42b5-a4e0-543ad0b6559e,Set up a FANUC cobot for palletising – Robotic Innovations,4dd1-509e-67e290d9----bb68-afdb00c8af51,Cristian Gonzalez,03/07/2025,12:09:15
Knowby Examples,e7b4c2e9-421d-42b5-a4e0-543ad0b6559e,Set up a FANUC cobot for palletising – Robotic Innovations,4dd1-509e-67e290d9----bb68-afdb00c8af51,Cristian Gonzalez,03/07/2025,16:04:13
Knowby Examples,e7b4c2e9-421d-42b5-a4e0-543ad0b6559e,Set up a FANUC cobot for palletising – Robotic Innovations,4dd1-509e-67e290d9----bb68-afdb00c8af51,Cristian Gonzalez,03/07/2025,14:12:07
Knowby Examples,e7b4c2e9-421d-42b5-a4e0-543ad0b6559e,Set up a FANUC cobot for palletising – Robotic Innovations,4dd1-509e-67e290d9----bb68-afdb00c8af51,Cristian Gonzalez,03/07/2025,17:16:12
Knowby Examples,e7b4c2e9-421d-42b5-a4e0-543ad0b6559e,Set up a FANUC cobot for palletising – Robotic Innovations,4dd1-509e-67e290d9----bb68-afdb00c8af51,Cristian Gonzalez,03/07/2025,09:59:51
Knowby Examples,e7b4c2e9-421d-42b5-a4e0-543ad0b6559e,Set up a FANUC cobot for palletising – Robotic Innovations,4dd1-509e-67e290d9----bb68-afdb00c8af51,Cristian Gonzalez,03/07/2025,11:56:15
Knowby Examples,e7b4c2e9-421d-42b5-a4e0-543ad0b6559e,Set up a FANUC cobot for palletising – Robotic Innovations,4dd1-509e-67e290d9----bb68-afdb00c8af51,Cristian Gonzalez,03/11/2024,11:17:38
Knowby Examples,e7b4c2e9-421d-42b5-a4e0-543ad0b6559e,Set up a FANUC cobot for palletising – Robotic Innovations,4dd1-509e-67e290d9----bb68-afdb00c8af51,Cristian Gonzalez,03/11/2025,12:55:23
Knowby Examples,e7b4c2e9-421d-42b5-a4e0-543ad0b6559e,Set up a FANUC cobot for palletising – Robotic Innovations,4dd1-509e-67e290d9----bb68-afdb00c8af51,Cristian Gonzalez,03/11/2024,13:15:19
Knowby Examples,e7b4c2e9-421d-42b5-a4e0-543ad0b6559e,Set up a FANUC cobot for palletising – Robotic Innovations,4dd1-509e-67e290d9----bb68-afdb00c8af51,Cristian Gonzalez,03/11/2025,12:52:36
Knowby Examples,e7b4c2e9-421d-42b5-a4e0-543ad0b6559e,Set up a FANUC cobot for palletising – Robotic Innovations,4dd1-509e-67e290d9----bb68-afdb00c8af51,Cristian Gonzalez,03/11/2025,08:51:24
Knowby Examples,e7b4c2e9-421d-42b5-a4e0-543ad0b6559e,Set up a FANUC cobot for palletising – Robotic Innovations,4dd1-509e-67e290d9----bb68-afdb00c8af51,Cristian Gonzalez,03/12/2025,14:11:23
Knowby Examples,e7b4c2e9-421d-42b5-a4e0-543ad0b6559e,Set up a FANUC cobot for palletising – Robotic Innovations,4dd1-509e-67e290d9----bb68-afdb00c8af51,Cristian Gonzalez,17/03/2024,11:54:50
Knowby Examples,e7b4c2e9-421d-42b5-a4e0-543ad0b6559e,Set up a FANUC cobot for palletising – Robotic Innovations,4dd1-509e-67e290d9----bb68-afdb00c8af51,Cristian Gonzalez,17/03/2024,16:35:05
Knowby Examples,e7b4c2e9-421d-42b5-a4e0-543ad0b6559e,Set up a FANUC cobot for palletising – Robotic Innovations,4dd1-509e-67e290d9----bb68-afdb00c8af51,Cristian Gonzalez,17/03/2024,17:26:18
Knowby Examples,e7b4c2e9-421d-42b5-a4e0-543ad0b6559e,Set up a FANUC cobot for palletising – Robotic Innovations,4dd1-509e-67e290d9----bb68-afdb00c8af51,Cristian Gonzalez,17/03/2024,15:23:56
Knowby Examples,e7b4c2e9-421d-42b5-a4e0-543ad0b6559e,Set up a FANUC cobot for palletising – Robotic Innovations,4dd1-509e-67e290d9----bb68-afdb00c8af51,Cristian Gonzalez,21/03/2024,13:30:50
Knowby Examples,e7b4c2e9-421d-42b5-a4e0-543ad0b6559e,Set up a FANUC cobot for palletising – Robotic Innovations,4dd1-509e-67e290d9----bb68-afdb00c8af51,Cristian Gonzalez,26/03/2025,10:59:28
Knowby Examples,e7b4c2e9-421d-42b5-a4e0-543ad0b6559e,Set up a FANUC cobot for palletising – Robotic Innovations,4dd1-509e-67e290d9----bb68-afdb00c8af51,Cristian Gonzalez,27/03/2025,12:18:15
Knowby Examples,e7b4c2e9-421d-42b5-a4e0-543ad0b6559e,Set up a FANUC cobot for palletising – Robotic Innovations,4dd1-509e-67e290d9----bb68-afdb00c8af51,Cristian Gonzalez,27/03/2025,09:51:47
Knowby Examples,e7b4c2e9-421d-42b5-a4e0-543ad0b6559e,Set up a FANUC cobot for palletising – Robotic Innovations,4dd1-509e-67e290d9----bb68-afdb00c8af51,Cristian Gonzalez,27/03/2025,09:42:25
Knowby Examples,e7b4c2e9-421d-42b5-a4e0-543ad0b6559e,Set up a FANUC cobot for palletising – Robotic Innovations,4dd1-509e-67e290d9----bb68-afdb00c8af51,Cristian Gonzalez,29/04/2024,10:24:12
Knowby Examples,e7b4c2e9-421d-42b5-a4e0-543ad0b6559e,Set up a FANUC cobot for palletising – Robotic Innovations,4ed4-864f-db17168a----9128-a3c9ddb6e3ea,Carol Jones,03/11/2025,08:15:07
Knowby Examples,e7b4c2e9-421d-42b5-a4e0-543ad0b6559e,Set up a FANUC cobot for palletising – Robotic Innovations,4ed4-864f-db17168a----9128-a3c9ddb6e3ea,Carol Jones,03/11/2024,08:54:33
Knowby Examples,e7b4c2e9-421d-42b5-a4e0-543ad0b6559e,Set up a FANUC cobot for palletising – Robotic Innovations,4ed4-864f-db17168a----9128-a3c9ddb6e3ea,Carol Jones,03/11/2025,12:21:41
Knowby Examples,e7b4c2e9-421d-42b5-a4e0-543ad0b6559e,Set up a FANUC cobot for palletising – Robotic Innovations,4ed4-864f-db17168a----9128-a3c9ddb6e3ea,Carol Jones,03/11/2024,10:25:28
Knowby Examples,e7b4c2e9-421d-42b5-a4e0-543ad0b6559e,Set up a FANUC cobot for palletising – Robotic Innovations,4ed4-864f-db17168a----9128-a3c9ddb6e3ea,Carol Jones,03/11/2025,12:02:55
Knowby Examples,e7b4c2e9-421d-42b5-a4e0-543ad0b6559e,Set up a FANUC cobot for palletising – Robotic Innovations,4ed4-864f-db17168a----9128-a3c9ddb6e3ea,Carol Jones,03/11/2025,09:53:56
Knowby Examples,e7b4c2e9-421d-42b5-a4e0-543ad0b6559e,Set up a FANUC cobot for palletising – Robotic Innovations,4ed4-864f-db17168a----9128-a3c9ddb6e3ea,Carol Jones,18/03/2025,14:22:51
Knowby Examples,e7b4c2e9-421d-42b5-a4e0-543ad0b6559e,Set up a FANUC cobot for palletising – Robotic Innovations,4ed4-864f-db17168a----9128-a3c9ddb6e3ea,Carol Jones,18/03/2025,12:43:59
Knowby Examples,e7b4c2e9-421d-42b5-a4e0-543ad0b6559e,Set up a FANUC cobot for palletising – Robotic Innovations,4ed4-864f-db17168a----9128-a3c9ddb6e3ea,Carol Jones,19/03/2025,10:25:04
Knowby Examples,e7b4c2e9-421d-42b5-a4e0-543ad0b6559e,Set up a FANUC cobot for palletising – Robotic Innovations,4ed4-864f-db17168a----9128-a3c9ddb6e3ea,Carol Jones,19/03/2024,10:33:23
Knowby Examples,e7b4c2e9-421d-42b5-a4e0-543ad0b6559e,Set up a FANUC cobot for palletising – Robotic Innovations,4ed4-864f-db17168a----9128-a3c9ddb6e3ea,Carol Jones,19/03/2025,12:11:22
Knowby Examples,d66adef0-3b28-40dd-8260-60e6f75ebecb,How to Use the Hotel Keurig Machine,4ed4-864f-db17168a----9128-a3c9ddb6e3ea,Carol Jones,21/03/2025,08:38:30
Knowby Examples,d66adef0-3b28-40dd-8260-60e6f75ebecb,How to Use the Hotel Keurig Machine,4ed4-864f-db17168a----9128-a3c9ddb6e3ea,Carol Jones,21/03/2025,17:37:09
Knowby Examples,d66adef0-3b28-40dd-8260-60e6f75ebecb,How to Use the Hotel Keurig Machine,4ed4-864f-db17168a----9128-a3c9ddb6e3ea,Carol Jones,21/03/2025,17:49:41
Knowby Examples,d66adef0-3b28-40dd-8260-60e6f75ebecb,How to Use the Hotel Keurig Machine,4ed4-864f-db17168a----9128-a3c9ddb6e3ea,Carol Jones,21/03/2025,08:40:14
Knowby Examples,3cdf3e62-16f4-4a41-9db3-d53d8ff3a039,Unknown,4ed4-864f-db17168a----9128-a3c9ddb6e3ea,Carol Jones,15/04/2025,10:15:43
Knowby Examples,23acb4b8-023e-44ec-a8c5-d3cb57454e81,Carriage  Disconnect and Rail Removal from Machine,400d-dbe2-f01d079d----af6e-af3d005280aa,Rhonda Evans,16/02/2025,13:57:00
Knowby Examples,23acb4b8-023e-44ec-a8c5-d3cb57454e81,Carriage  Disconnect and Rail Removal from Machine,400d-dbe2-f01d079d----af6e-af3d005280aa,Rhonda Evans,27/02/2024,14:46:06
Knowby Examples,23acb4b8-023e-44ec-a8c5-d3cb57454e81,Carriage  Disconnect and Rail Removal from Machine,4dd1-509e-67e290d9----bb68-afdb00c8af51,Cristian Gonzalez,08/01/2024,10:17:46
Knowby Examples,23acb4b8-023e-44ec-a8c5-d3cb57454e81,Carriage  Disconnect and Rail Removal from Machine,4dd1-509e-67e290d9----bb68-afdb00c8af51,Cristian Gonzalez,08/01/2025,08:40:21
Knowby Examples,23acb4b8-023e-44ec-a8c5-d3cb57454e81,Carriage  Disconnect and Rail Removal from Machine,4dd1-509e-67e290d9----bb68-afdb00c8af51,Cristian Gonzalez,02/12/2024,13:05:17
Knowby Examples,23acb4b8-023e-44ec-a8c5-d3cb57454e81,Carriage  Disconnect and Rail Removal from Machine,4405-d6f6-e37511ad----906f-aefa00b1a961,Jeffrey Brown,08/10/2025,11:57:12
Knowby Examples,23acb4b8-023e-44ec-a8c5-d3cb57454e81,Carriage  Disconnect and Rail Removal from Machine,4327-393b-53cbdfde----b9a4-aef900aa92ef,Kenneth Landry,21/09/2025,12:47:03
Knowby Examples,23acb4b8-023e-44ec-a8c5-d3cb57454e81,Carriage  Disconnect and Rail Removal from Machine,4327-393b-53cbdfde----b9a4-aef900aa92ef,Kenneth Landry,13/02/2025,16:27:00
Knowby Examples,23acb4b8-023e-44ec-a8c5-d3cb57454e81,Carriage  Disconnect and Rail Removal from Machine,44ed-a978-e8d990e2----8b3d-aef900a6bb99,Robert Perez,22/08/2025,12:36:24
Knowby Examples,23acb4b8-023e-44ec-a8c5-d3cb57454e81,Carriage  Disconnect and Rail Removal from Machine,44ed-a978-e8d990e2----8b3d-aef900a6bb99,Robert Perez,23/08/2025,15:31:38
Knowby Examples,23acb4b8-023e-44ec-a8c5-d3cb57454e81,Carriage  Disconnect and Rail Removal from Machine,44ed-a978-e8d990e2----8b3d-aef900a6bb99,Robert Perez,30/08/2025,12:53:52
Knowby Examples,23acb4b8-023e-44ec-a8c5-d3cb57454e81,Carriage  Disconnect and Rail Removal from Machine,4ed4-864f-db17168a----9128-a3c9ddb6e3ea,Carol Jones,08/08/2025,17:24:03
Knowby Examples,23acb4b8-023e-44ec-a8c5-d3cb57454e81,Carriage  Disconnect and Rail Removal from Machine,4ed4-864f-db17168a----9128-a3c9ddb6e3ea,Carol Jones,23/10/2025,08:30:48
Knowby Examples,23acb4b8-023e-44ec-a8c5-d3cb57454e81,Carriage  Disconnect and Rail Removal from Machine,40cf-6eb7-521cd9aa----b44e-b3bc2ae815ea,Robert Rodriguez,03/09/2025,15:19:29
Knowby Examples,23acb4b8-023e-44ec-a8c5-d3cb57454e81,Carriage  Disconnect and Rail Removal from Machine,4e42-3ecf-a947652f----8d8f-1b0d973d1bbf,Robert Taylor,02/12/2025,09:16:41
Knowby Examples,23acb4b8-023e-44ec-a8c5-d3cb57454e81,Carriage  Disconnect and Rail Removal from Machine,4e42-3ecf-a947652f----8d8f-1b0d973d1bbf,Robert Taylor,02/12/2025,16:09:00
Knowby Examples,23acb4b8-023e-44ec-a8c5-d3cb57454e81,Carriage  Disconnect and Rail Removal from Machine,4e42-3ecf-a947652f----8d8f-1b0d973d1bbf,Robert Taylor,02/12/2025,12:20:00
Knowby Examples,23acb4b8-023e-44ec-a8c5-d3cb57454e81,Carriage  Disconnect and Rail Removal from Machine,4e42-3ecf-a947652f----8d8f-1b0d973d1bbf,Robert Taylor,02/12/2024,17:05:07
Knowby Examples,23acb4b8-023e-44ec-a8c5-d3cb57454e81,Carriage  Disconnect and Rail Removal from Machine,4e42-3ecf-a947652f----8d8f-1b0d973d1bbf,Robert Taylor,02/12/2025,14:05:55
Knowby Examples,23acb4b8-023e-44ec-a8c5-d3cb57454e81,Carriage  Disconnect and Rail Removal from Machine,4e42-3ecf-a947652f----8d8f-1b0d973d1bbf,Robert Taylor,02/12/2025,17:44:12
Knowby Examples,23acb4b8-023e-44ec-a8c5-d3cb57454e81,Carriage  Disconnect and Rail Removal from Machine,4e42-3ecf-a947652f----8d8f-1b0d973d1bbf,Robert Taylor,17/02/2025,15:16:14
Knowby Examples,23acb4b8-023e-44ec-a8c5-d3cb57454e81,Carriage  Disconnect and Rail Removal from Machine,4e42-3ecf-a947652f----8d8f-1b0d973d1bbf,Robert Taylor,17/02/2025,11:40:50
Knowby Examples,23acb4b8-023e-44ec-a8c5-d3cb57454e81,Carriage  Disconnect and Rail Removal from Machine,4ed4-864f-db17168a----9128-a3c9ddb6e3ea,Carol Jones,03/11/2025,16:42:04
Knowby Examples,23acb4b8-023e-44ec-a8c5-d3cb57454e81,Carriage  Disconnect and Rail Removal from Machine,4e42-3ecf-a947652f----8d8f-1b0d973d1bbf,Robert Taylor,17/02/2025,17:31:11
Knowby Examples,23acb4b8-023e-44ec-a8c5-d3cb57454e81,Carriage  Disconnect and Rail Removal from Machine,4e42-3ecf-a947652f----8d8f-1b0d973d1bbf,Robert Taylor,17/02/2025,14:38:26
Knowby Examples,23acb4b8-023e-44ec-a8c5-d3cb57454e81,Carriage  Disconnect and Rail Removal from Machine,4e42-3ecf-a947652f----8d8f-1b0d973d1bbf,Robert Taylor,17/02/2025,08:26:30
Knowby Examples,23acb4b8-023e-44ec-a8c5-d3cb57454e81,Carriage  Disconnect and Rail Removal from Machine,4e42-3ecf-a947652f----8d8f-1b0d973d1bbf,Robert Taylor,17/02/2025,09:27:20
Knowby Examples,23acb4b8-023e-44ec-a8c5-d3cb57454e81,Carriage  Disconnect and Rail Removal from Machine,4e42-3ecf-a947652f----8d8f-1b0d973d1bbf,Robert Taylor,17/02/2025,13:00:25
Knowby Examples,23acb4b8-023e-44ec-a8c5-d3cb57454e81,Carriage  Disconnect and Rail Removal from Machine,4e42-3ecf-a947652f----8d8f-1b0d973d1bbf,Robert Taylor,17/02/2025,12:14:31
Knowby Examples,23acb4b8-023e-44ec-a8c5-d3cb57454e81,Carriage  Disconnect and Rail Removal from Machine,4e42-3ecf-a947652f----8d8f-1b0d973d1bbf,Robert Taylor,17/02/2025,11:10:40
Knowby Examples,23acb4b8-023e-44ec-a8c5-d3cb57454e81,Carriage  Disconnect and Rail Removal from Machine,4e42-3ecf-a947652f----8d8f-1b0d973d1bbf,Robert Taylor,17/02/2025,13:25:39
Knowby Examples,23acb4b8-023e-44ec-a8c5-d3cb57454e81,Carriage  Disconnect and Rail Removal from Machine,4e42-3ecf-a947652f----8d8f-1b0d973d1bbf,Robert Taylor,17/02/2025,09:14:36
Knowby Examples,23acb4b8-023e-44ec-a8c5-d3cb57454e81,Carriage  Disconnect and Rail Removal from Machine,4e42-3ecf-a947652f----8d8f-1b0d973d1bbf,Robert Taylor,17/02/2025,16:57:47
Knowby Examples,23acb4b8-023e-44ec-a8c5-d3cb57454e81,Carriage  Disconnect and Rail Removal from Machine,4e42-3ecf-a947652f----8d8f-1b0d973d1bbf,Robert Taylor,17/02/2024,11:18:44
Knowby Examples,23acb4b8-023e-44ec-a8c5-d3cb57454e81,Carriage  Disconnect and Rail Removal from Machine,4e42-3ecf-a947652f----8d8f-1b0d973d1bbf,Robert Taylor,17/02/2025,14:08:23
Knowby Examples,23acb4b8-023e-44ec-a8c5-d3cb57454e81,Carriage  Disconnect and Rail Removal from Machine,4e42-3ecf-a947652f----8d8f-1b0d973d1bbf,Robert Taylor,17/02/2025,15:18:07
Knowby Examples,23acb4b8-023e-44ec-a8c5-d3cb57454e81,Carriage  Disconnect and Rail Removal from Machine,4e42-3ecf-a947652f----8d8f-1b0d973d1bbf,Robert Taylor,17/02/2025,09:27:20
Knowby Examples,23acb4b8-023e-44ec-a8c5-d3cb57454e81,Carriage  Disconnect and Rail Removal from Machine,4e42-3ecf-a947652f----8d8f-1b0d973d1bbf,Robert Taylor,17/02/2025,08:07:02
Knowby Examples,23acb4b8-023e-44ec-a8c5-d3cb57454e81,Carriage  Disconnect and Rail Removal from Machine,4e42-3ecf-a947652f----8d8f-1b0d973d1bbf,Robert Taylor,17/02/2024,11:18:06
Knowby Examples,23acb4b8-023e-44ec-a8c5-d3cb57454e81,Carriage  Disconnect and Rail Removal from Machine,4e42-3ecf-a947652f----8d8f-1b0d973d1bbf,Robert Taylor,17/02/2025,16:16:27
Knowby Examples,23acb4b8-023e-44ec-a8c5-d3cb57454e81,Carriage  Disconnect and Rail Removal from Machine,4e42-3ecf-a947652f----8d8f-1b0d973d1bbf,Robert Taylor,17/02/2025,09:00:05
Knowby Examples,23acb4b8-023e-44ec-a8c5-d3cb57454e87,Test,4e42-3ecf-a947652f----8d8f-1b0d973d1bb2,Oliver Purchase,03/09/2025,15:18:10
Knowby Examples,23acb4b8-023e-44ec-a8c5-d3cb57454e87,Test,4e42-3ecf-a947652f----8d8f-1b0d973d1bb2,Oliver Purchase,03/09/2025,10:40:03
Knowby Examples,23acb4b8-023e-44ec-a8c5-d3cb57454e87,Test,4e42-3ecf-a947652f----8d8f-1b0d973d1bb2,Oliver Purchase,03/09/2025,15:20:57
Knowby Examples,23acb4b8-023e-44ec-a8c5-d3cb57454e87,Test,4e42-3ecf-a947652f----8d8f-1b0d973d1bb2,Oliver Purchase,03/09/2025,08:11:50
Knowby Examples,23acb4b8-023e-44ec-a8c5-d3cb57454e87,Test,4e42-3ecf-a947652f----8d8f-1b0d973d1bb2,Oliver Purchase,03/09/2025,16:40:07
Knowby Examples,23acb4b8-023e-44ec-a8c5-d3cb57454e87,Test,4e42-3ecf-a947652f----8d8f-1b0d973d1bb2,Oliver Purchase,03/09/2025,17:05:07
Knowby Examples,23acb4b8-023e-44ec-a8c5-d3cb57454e87,Test,4e42-3ecf-a947652f----8d8f-1b0d973d1bb2,Oliver Purchase,03/09/2025,10:00:16
Knowby Examples,23acb4b8-023e-44ec-a8c5-d3cb57454e87,Test,4e42-3ecf-a947652f----8d8f-1b0d973d1bb2,Oliver Purchase,03/09/2025,08:30:48
